stamp,label,confidence,x,y,z,cam_x,cam_y,true_x,true_y,true_cam_x,true_cam_y,latest_x,latest_y,tf_lag_s
12.801,chair,0.704,2.7357124789869776,-0.2669824293375249,0.4859716453148629,0.35080451160608295,0.582501203719251,nan,nan,nan,nan,2.7288000350834904,-0.2984169385464323,0.045
13.002,chair,0.698,2.7270917258382283,-0.2730784529530935,0.4810823303391742,0.37289325151790415,0.5886184042565307,nan,nan,nan,nan,2.714846538889365,-0.3287376932222002,0.087
13.2,chair,0.611,2.725359919866198,-0.2693539295084736,0.4771194123570867,0.3968801010468817,0.5934276473275489,nan,nan,nan,nan,2.7210802960529628,-0.292775231384413,0.036
13.401,chair,0.529,2.7278171692985738,-0.2610216165703486,0.4764908575346082,0.4244489370889198,0.5970651120496203,nan,nan,nan,nan,2.722889384355944,-0.2902380361130533,0.042
13.8,chair,0.516,2.7245087913182813,-0.22842769514379757,0.4682480061479204,0.4938308500927925,0.5988996520068165,nan,nan,nan,nan,2.721982230599019,-0.2616610950724106,0.048
14.202,chair,0.35,2.7331064303090526,-0.20656018605368798,0.3980954858691469,0.5913870708208175,0.5881803335083313,nan,nan,nan,nan,2.7340595841950996,-0.22968129466979093,0.036
14.601,chair,0.419,2.737988472645998,-0.21238102736991737,0.4607053505289296,0.6922770509357417,0.5656280094045161,nan,nan,nan,nan,2.7419455504378845,-0.2509693973320798,0.069
15.0,chair,0.609,2.7362221812945764,-0.20825846319005514,0.43412333315860097,0.791073102598262,0.5342659841411906,nan,nan,nan,nan,2.750433680454333,-0.21257014807809985,0.057
15.201,chair,0.68,2.740985435438896,-0.19525164035103926,0.4454572902253857,0.8355981607420468,0.5166681774386548,nan,nan,nan,nan,2.7461133663382755,-0.1974242685648971,0.036
15.402,chair,0.66,2.7405050389654564,-0.19356156007814773,0.4442277108170609,0.8505590455449434,0.5103294725860509,nan,nan,nan,nan,2.7405050389654564,-0.19356156007814757,0.042
15.6,chair,0.66,2.7405050389654564,-0.19356156007814773,0.4442277108170609,0.8505590455449434,0.5103294725860509,nan,nan,nan,nan,2.7429235283664566,-0.18702440575022178,0.054
15.801,chair,0.66,2.7429235283664575,-0.18702440575022183,0.44422771081706114,0.8505324700827555,0.5102664420595091,nan,nan,nan,nan,2.7429235283664575,-0.18702440575022167,0.048
16.002,chair,0.66,2.7429235283664575,-0.18702440575022183,0.44422771081706114,0.8505324700827555,0.5102664420595091,nan,nan,nan,nan,2.7429235283664575,-0.18702440575022167,0.054
16.2,chair,0.743,2.7436175688667097,-0.1918595185180091,0.4427629896478677,0.8503061547777027,0.5097194517309204,nan,nan,nan,nan,2.7502562098128784,-0.17361214997410346,0.036
16.5,chair,0.515,2.7467670849381802,-0.17070350383044075,0.4389133075854811,0.8473382093242434,0.5002617336585338,nan,nan,nan,nan,2.7875702473650117,-0.04281339518002336,0.072
16.8,chair,0.697,2.764714919697634,-0.15799456094330339,0.4394758609915035,0.8460645461987377,0.48266157460231435,nan,nan,nan,nan,2.7846984712339236,-0.09723970127103926,0.03
16.8,chair,0.422,3.0477679889806284,1.6016996517532158,0.40655101278152583,0.8460645461987377,0.48266157460231435,nan,nan,nan,nan,3.0104220716885557,1.6707228601046085,0.03
17.001,chair,0.359,5.16181146352193,-0.6987211477432063,0.7071434433629006,0.8481897574974537,0.4708141468586163,nan,nan,nan,nan,5.22075852849144,-0.46208522657166196,0.057
17.301,chair,0.344,2.704224690060203,1.46885798876479,0.404498155141239,0.8555349349503008,0.4547025301736004,nan,nan,nan,nan,2.670856773494448,1.527670969091067,0.033
18.3,dining table,0.613,-0.07579743513984172,3.432953097754343,0.002943700509095676,0.9033342377270244,0.46121807382868135,nan,nan,nan,nan,-0.1552119294609849,3.4105491439748423,0.063
18.501,dining table,0.523,-0.2372968559889288,3.4256281814880527,0.0014442425467237063,0.9112363937456038,0.48038196587510057,nan,nan,nan,nan,-0.3014818211177236,3.404577834263002,0.057
19.101,dining table,0.687,-0.026391920429801652,3.4330702874395116,0.002336555680483632,0.9335397714444607,0.5399871812902269,nan,nan,nan,nan,-0.07896371835098934,3.419838016784835,0.051
19.302,dining table,0.678,-0.011722601114812492,3.3457128057281,0.00442176466075328,0.937463276179795,0.5605118993891687,nan,nan,nan,nan,-0.07337592573613991,3.329506772424954,0.06
19.5,dining table,0.528,-0.03154440687004956,3.35812546529595,0.0017285843091382758,0.9395101543190723,0.5804612861450938,nan,nan,nan,nan,-0.07392206088212594,3.347162710840975,0.039
19.701,dining table,0.619,-0.008830642356416285,3.314311444982451,0.0022110176732132725,0.9391347015343053,0.6030017548308837,nan,nan,nan,nan,-0.06392935638567417,3.3051225704830642,0.066
19.902,dining table,0.309,-0.07665830080787306,3.490254072473957,0.005584610391470984,0.9345464009679422,0.6342276737260837,nan,nan,nan,nan,-0.09656409446641352,3.4873294056267823,0.024
20.1,dining table,0.573,0.030759643331904507,3.3411638274035167,0.000508531002420487,0.9265034472315143,0.6723803961949316,nan,nan,nan,nan,-0.013750281992803523,3.338519882903783,0.054
20.301,dining table,0.492,0.04850356840457548,3.2823682683493836,0.005007176169542937,0.9129545476651062,0.7185407688153422,nan,nan,nan,nan,0.024281377009372582,3.287291480186795,0.045
20.502,dining table,0.567,0.0664354259822405,3.309943870235759,0.0009425587737957875,0.8946710018542456,0.7675060848301443,nan,nan,nan,nan,0.05138092194580842,3.320583788125103,0.057
20.7,dining table,0.574,0.08376361419936651,3.2659774356195204,0.002816943079173656,0.8758341935298677,0.8154225496207834,nan,nan,nan,nan,0.06735157509602475,3.2745513679670646,0.051
21.102,dining table,0.48,0.16298692552579297,3.080214486124386,0.005321579248554059,0.8355336725063072,0.9118675427465771,nan,nan,nan,nan,0.16079876879430208,3.0892553981571647,0.036
21.3,dining table,0.537,0.16749286247451023,3.084159866750673,0.007299756528654694,0.8142836968933275,0.9587573634586599,nan,nan,nan,nan,0.16196419220019653,3.1002688478262064,0.066
22.101,dining table,0.327,0.2138891361645351,3.0118639474907196,0.005184181105516716,0.7286895013519478,1.149472285197103,nan,nan,nan,nan,0.209834795579077,3.023560509930121,0.051
23.001,chair,0.874,0.1292241779778155,5.539778424617186,0.36874908072205204,0.6350440873606328,1.3630911386110323,nan,nan,nan,nan,0.09839160130979828,5.5493621942735984,0.054
23.202,chair,0.898,0.1213700742186683,5.543721678756565,0.37178591888591184,0.6120261988695388,1.4100281695668873,nan,nan,nan,nan,0.09830404199949277,5.549801326046613,0.036
23.502,chair,0.885,0.12560437988947737,5.548417321026276,0.37126709974716965,0.5758190834402646,1.479140314134127,nan,nan,nan,nan,0.09578892808107153,5.5581017554874235,0.054
23.7,chair,0.896,0.11622005906415278,5.550636153846161,0.37023160658285037,0.5505862443516223,1.5241793755851967,nan,nan,nan,nan,0.10411241787080702,5.562011824218045,0.054
24.102,chair,0.88,0.13348471935587153,5.580487066702265,0.37349294827419793,0.495933618842173,1.6131285549954937,nan,nan,nan,nan,0.14633348813103095,5.593561310469166,0.051
24.3,chair,0.857,0.12962932612473016,5.589825100912675,0.3726896435130739,0.4691823505954882,1.6571383644225244,nan,nan,nan,nan,0.16208002264591725,5.607231954284245,0.063
24.501,chair,0.888,0.13555017523791407,5.5856273202059175,0.3751729539888715,0.4428717041207846,1.7023423258535435,nan,nan,nan,nan,0.17506722704436234,5.601997484961581,0.054
24.801,chair,0.895,0.13424052585374313,5.588978953248026,0.37060709748879384,0.40645293869966853,1.7713890123943328,nan,nan,nan,nan,0.14531834867352222,5.597047869662341,0.03
25.002,chair,0.867,0.1404046731768075,5.594045148564196,0.36949805305662276,0.38447932198982293,1.818851063758543,nan,nan,nan,nan,0.1761531068595068,5.609352966647019,0.054
25.2,chair,0.855,0.14754407639318506,5.598274403067494,0.3690800075649705,0.36435869357744827,1.86629319690964,nan,nan,nan,nan,0.15681591072201012,5.60690847004343,0.033
25.401,chair,0.9,0.14183282580167372,5.596762111979059,0.37212759938629536,0.3455831641749791,1.9151187096246771,nan,nan,nan,nan,0.18366550952336547,5.613797921341365,0.06
25.8,chair,0.873,0.15882081669805045,5.606519840047308,0.37490976661389186,0.3145692940316206,2.014232920643996,nan,nan,nan,nan,0.15641027133836455,5.618546754941167,0.048
26.001,chair,0.838,0.12263378527442867,5.608078376411136,0.37328766273888775,0.3018486519053951,2.064955891154803,nan,nan,nan,nan,0.1484014475112546,5.62007511422539,0.042
26.4,chair,0.87,0.14064881978136126,5.620688996960075,0.3728859331989597,0.2833020480790318,2.167385675862197,nan,nan,nan,nan,0.14589474838817756,5.631494065426552,0.042
26.4,bed,0.448,2.209306257910871,5.737918011933431,0.34049849475439153,0.2833020480790318,2.167385675862197,nan,nan,nan,nan,2.214785153417525,5.7445371114651,0.042
26.601,chair,0.89,0.11734643255224259,5.619070284164021,0.3754859976330593,0.2766292139874723,2.2190011434327204,nan,nan,nan,nan,0.15438113108893614,5.634642373410399,0.051
26.601,bed,0.349,2.1728954351632246,5.573290550754672,0.32466794053687303,0.2766292139874723,2.2190011434327204,nan,nan,nan,nan,2.20928239834521,5.565662173681822,0.051
26.901,chair,0.898,0.12288629895647538,5.621972987567142,0.37420730067246527,0.2721327118275372,2.2976613142856257,nan,nan,nan,nan,0.13690965803150557,5.642090684103136,0.075
27.102,chair,0.895,0.09502721459386837,5.769086928073653,0.384961211040403,0.27016090909255386,2.3491030542029545,nan,nan,nan,nan,0.09124677025461798,5.78684857775578,0.066
27.501,chair,0.88,0.09556277098517438,5.7719608993109635,0.3839373081692703,0.2675099924962368,2.4438347668554163,nan,nan,nan,nan,0.09975815908663908,5.785050309252317,0.054
27.501,bed,0.306,2.1647242109662472,5.619356732992868,0.320057720709946,0.2675099924962368,2.4438347668554163,nan,nan,nan,nan,2.168706465819372,5.629583269819701,0.054
27.702,chair,0.896,0.09381177861604068,5.781569496158374,0.38243689023693694,0.2658341746986015,2.491852863876012,nan,nan,nan,nan,0.10457236809973561,5.797791673737641,0.063
27.9,chair,0.887,0.10185586667684737,5.782519720862078,0.384713636661284,0.2643729755129842,2.541298085575912,nan,nan,nan,nan,0.11795400015118675,5.794219359301339,0.042
28.101,chair,0.873,0.10218392207213764,5.772690602835986,0.38617931125960325,0.2633758710865189,2.5935834427408118,nan,nan,nan,nan,0.12111070921801871,5.786446202771109,0.051
28.302,chair,0.885,0.09147885856364465,5.78448967359552,0.3802012403322865,0.26436859375805344,2.6312335416132457,nan,nan,nan,nan,0.09160892653292088,5.787988436766713,0.045
28.602,chair,0.888,0.09467332048152874,5.775089717826459,0.3789547830288549,0.2645671250228436,2.636573932653296,nan,nan,nan,nan,0.09467332048152875,5.775089717826459,0.051
28.8,chair,0.888,0.09467786796325947,5.775090025938471,0.3789489887836561,0.2645671250228436,2.636573932653296,nan,nan,nan,nan,0.09467786796325948,5.775090025938471,0.033
29.001,chair,0.888,0.09467786796325947,5.775090025938471,0.3789489887836561,0.2645671250228436,2.636573932653296,nan,nan,nan,nan,0.09467786796325948,5.775090025938471,0.054
29.202,chair,0.888,0.09467786796325947,5.775090025938471,0.378948988783656,0.2645671250228436,2.636573932653296,nan,nan,nan,nan,0.10772526218093847,5.776381244510744,0.033
29.4,chair,0.905,0.09755550373841004,5.75756851935366,0.3846594896919445,0.26232909039052554,2.6510020306851487,nan,nan,nan,nan,0.13986929496196196,5.764097345206877,0.045
29.4,bed,0.594,2.1397339783805065,5.309637496200655,0.29764338633747844,0.26232909039052554,2.6510020306851487,nan,nan,nan,nan,2.1757020803623677,5.288156179007478,0.045
29.7,chair,0.909,0.11477675432221132,5.751262093395224,0.38446209444061774,0.26098711538993913,2.681460763908399,nan,nan,nan,nan,0.15622807578520986,5.758439173119133,0.054
29.7,bed,0.858,2.243003966785305,5.179833460411015,0.2790815039142297,0.26098711538993913,2.681460763908399,nan,nan,nan,nan,2.2765504548341085,5.158343547933404,0.054
30.0,chair,0.924,0.11577571272840681,5.725593198333067,0.3827028470221307,0.26217303702726774,2.7119575956126583,nan,nan,nan,nan,0.17395418234125665,5.733917736153219,0.057
30.0,bed,0.843,2.256619892558007,4.958699567328253,0.2588212857165619,0.26217303702726774,2.7119575956126583,nan,nan,nan,nan,2.2997609867581184,4.926276061967822,0.057
30.201,chair,0.933,0.12361095882199202,5.706654215746902,0.38693671147561626,0.2645969113990617,2.7322750321423532,nan,nan,nan,nan,0.17315247201055362,5.7136905677276975,0.048
30.201,bed,0.855,2.262599897539136,4.820303255970229,0.25346858844279,0.2645969113990617,2.7322750321423532,nan,nan,nan,nan,2.297342643192977,4.792437171259979,0.048
30.402,chair,0.925,0.13552459477583503,5.7057979840202595,0.3900889416583582,0.26840891897932934,2.752359770054952,nan,nan,nan,nan,0.1566644000317239,5.709027275292664,0.024
30.402,bed,0.793,2.25237133518458,4.667599963445971,0.23259525203304882,0.26840891897932934,2.752359770054952,nan,nan,nan,nan,2.2662302298303714,4.656113574152136,0.024
30.6,chair,0.906,0.14622522089940074,5.707348678213524,0.3921241519449086,0.2739594321912159,2.772639792035248,nan,nan,nan,nan,0.14244237637743096,5.7126766502514075,0.054
30.6,bed,0.823,2.2636569757413874,4.563969708506024,0.23046824706134705,0.2739594321912159,2.772639792035248,nan,nan,nan,nan,2.261985757685206,4.573216883722986,0.054
30.801,chair,0.811,0.17532544898387425,5.905398314362587,0.40904182560859015,0.2802141523928263,2.792423618074001,nan,nan,nan,nan,0.2173995193979829,5.910965943923219,0.045
30.801,bed,0.767,2.2330677305513102,4.49660923285164,0.23681581476163563,0.2802141523928263,2.792423618074001,nan,nan,nan,nan,2.256654182013333,4.475546007271796,0.045
31.002,bed,0.634,2.2418840818070205,4.401981858635629,0.24059184123286387,0.28802295452241,2.8126353462033165,nan,nan,nan,nan,2.2693377802834305,4.376092799632789,0.054
31.002,chair,0.6,0.28463923683547315,5.9988723768096195,0.4103637252844399,0.28802295452241,2.8126353462033165,nan,nan,nan,nan,0.3378057914632864,6.003990488790861,0.054
31.2,bed,0.613,2.2460090077628094,4.308163796247117,0.2425002176077672,0.2968639349593371,2.8319906721642756,nan,nan,nan,nan,2.2629650706617737,4.2912649666859,0.036
31.401,bed,0.563,2.2661317564615,4.242277812090569,0.2509312871922326,0.30669728732833945,2.8508082647449515,nan,nan,nan,nan,2.286815658430182,4.221327597288208,0.045
31.602,bed,0.638,2.264322836774895,4.275358857671602,0.2537646187566642,0.31955665770332675,2.8717230276352295,nan,nan,nan,nan,2.2810752639889462,4.258574523989026,0.036
31.8,bed,0.438,2.260547936913817,4.295307749709767,0.252931296033016,0.3322185604670812,2.8905329617511555,nan,nan,nan,nan,2.2760093934460985,4.279866202018587,0.033
32.001,bed,0.745,2.274425228078101,4.344150871035604,0.26660933331973174,0.34519679853058943,2.907940778921888,nan,nan,nan,nan,2.294486061585254,4.323800215719269,0.039
32.202,bed,0.345,2.278573277191704,4.335747089040196,0.26349045266571547,0.3591966389888166,2.9245648890932867,nan,nan,nan,nan,2.2962234728542166,4.318978429336448,0.036
32.4,bed,0.627,2.295533188001554,4.403220618567268,0.2751951717040078,0.37731913298331143,2.942731103413206,nan,nan,nan,nan,2.298267974705925,4.409575584583333,0.042
32.601,bed,0.711,2.2913024408310996,4.439864623722448,0.2875660612155076,0.39713484010399147,2.9608820642751685,nan,nan,nan,nan,2.321688092317717,4.413697923124734,0.051
32.802,bed,0.733,2.3016784559507686,4.4725728727604475,0.29111081291354923,0.4211640098755688,2.979710996722867,nan,nan,nan,nan,2.3283576974608224,4.450798873368084,0.045
33.0,bed,0.831,2.3087291655529847,4.510634523651017,0.3029485490695108,0.4467805887843206,2.9973832856822322,nan,nan,nan,nan,2.33261653466592,4.491543940034545,0.039
33.402,bed,0.32,2.290158249186184,4.369592764732878,0.294214517758372,0.5063971215957592,3.0312674116317067,nan,nan,nan,nan,2.31399557343666,4.351479599543989,0.042
33.6,bed,0.696,2.279085886264511,4.264777922129882,0.2778753568927714,0.5481072371905988,3.0489995630336573,nan,nan,nan,nan,2.2911854275585073,4.258008286245591,0.021
34.002,bed,0.713,2.2549855003955583,4.131875894997618,0.257921821647199,0.6476943535621775,3.08247520606819,nan,nan,nan,nan,2.2741512914257838,4.120710637398224,0.039
34.401,bed,0.5,2.25750690060256,4.023757138391377,0.23945143015934148,0.7479084696053333,3.1075747610771707,nan,nan,nan,nan,2.271460687829813,4.020534880588941,0.042
34.602,bed,0.712,2.237902856950978,3.974741062546534,0.20807821311095112,0.79924488437707,3.11739095975566,nan,nan,nan,nan,2.2481453252583177,3.9746290596293137,0.036
34.8,potted plant,0.33,3.5922518717149763,2.950518883937653,0.3251356699532689,0.8499688680090585,3.126201222442345,nan,nan,nan,nan,3.604635745193382,2.954390195647973,0.048
35.001,bed,0.411,2.2600429949077467,3.9331994898920293,0.20159477712164398,0.9015429208282877,3.1346299389403387,nan,nan,nan,nan,2.281495728604481,3.9311707599869448,0.072
35.202,bed,0.62,2.2921980706398557,3.9143534864393987,0.20060537252545707,0.9538927686987813,3.1431890837773704,nan,nan,nan,nan,2.305103586206427,3.9137734977770373,0.048
35.4,bed,0.345,2.3993074255294955,3.9568609646010473,0.19145640392384763,1.004591884312814,3.150476284512824,nan,nan,nan,nan,2.412071628316828,3.955563428047096,0.045
35.4,potted plant,0.311,3.641191315200888,2.958211047069479,0.3307853665869698,1.004591884312814,3.150476284512824,nan,nan,nan,nan,3.6518336970045295,2.9542806177210883,0.045
37.2,potted plant,0.715,5.510876841815721,2.8815670581422017,0.3900795000613405,1.4679287389920168,3.213023542650855,nan,nan,nan,nan,5.52508835540775,2.88920402628253,0.054
37.401,potted plant,0.569,5.510630254624882,2.879200411360708,0.39042848801124935,1.5193821523276767,3.2238922885057657,nan,nan,nan,nan,5.5223867332029775,2.8989466222799662,0.042
37.602,potted plant,0.841,5.514441123395091,2.8572950904869834,0.3868406407909831,1.5697277312612763,3.2367427960468826,nan,nan,nan,nan,5.525069191982227,2.8689626714942094,0.036
37.8,potted plant,0.784,5.514816943189362,2.8658041040160604,0.38800094075786484,1.6193504986473288,3.2509296360764517,nan,nan,nan,nan,5.527560637065123,2.856078571968021,0.057
38.001,potted plant,0.768,5.516241107946182,2.8336689455007793,0.3922301934474699,1.6693736255422544,3.2655967878838483,nan,nan,nan,nan,5.529034870547929,2.831746688712933,0.054
38.202,potted plant,0.654,5.526204207581289,2.844247058269175,0.3895845190914752,1.7194740376990367,3.2804750818690835,nan,nan,nan,nan,5.538019565492186,2.8399532421820926,0.048
38.502,potted plant,0.787,5.53995310201109,2.8663638487989047,0.3986955472674637,1.7944288234662475,3.3021010392562418,nan,nan,nan,nan,5.551120877626526,2.8502494202922413,0.054
38.502,bed,0.499,2.77707209980207,3.96407234772591,0.16648736909737816,1.7944288234662475,3.3021010392562418,nan,nan,nan,nan,2.794103405088979,3.9626027980939034,0.054
38.7,potted plant,0.809,5.526105117314561,2.8319917307102727,0.3925799789742627,1.8441224653463613,3.3156056462422216,nan,nan,nan,nan,5.533108116526134,2.8188953696181565,0.036
38.7,bed,0.509,2.8297708883786523,3.962511738395265,0.1718918280750713,1.8441224653463613,3.3156056462422216,nan,nan,nan,nan,2.841540692909986,3.9607178453278498,0.036
38.901,potted plant,0.705,5.519507708859458,2.81905329706145,0.391559156444864,1.894845858269147,3.3282649316233566,nan,nan,nan,nan,5.531433548839194,2.79968003560548,0.06
38.901,bed,0.563,2.8899103913173505,3.961859813830328,0.1760333079649154,1.894845858269147,3.3282649316233566,nan,nan,nan,nan,2.9090983939329997,3.959053626186689,0.06
39.102,potted plant,0.789,5.527543539986901,2.831993646140992,0.3953253036097043,1.9458732447537952,3.339577473671249,nan,nan,nan,nan,5.538502137139695,2.820645649083498,0.051
39.102,bed,0.788,2.9400698885354664,3.9634911618237627,0.17987653096300665,1.9458732447537952,3.339577473671249,nan,nan,nan,nan,2.955493638057975,3.9622995452461227,0.051
39.501,bed,0.742,3.0459918607387486,3.96184150929968,0.1775044002626513,2.0481668381691405,3.3595082485946914,nan,nan,nan,nan,3.0620606172499722,3.961119269167259,0.054
39.501,potted plant,0.732,5.543933865440721,2.8620740246105845,0.3941506791375814,2.0481668381691405,3.3595082485946914,nan,nan,nan,nan,5.556449840965012,2.8533173104001817,0.054
39.702,bed,0.788,3.086309477661328,3.9646950690652036,0.17577553408732863,2.099191163473775,3.3684027059830846,nan,nan,nan,nan,3.104142543413726,3.964610924566351,0.063
39.702,potted plant,0.728,5.533550414819295,2.853040693874171,0.3975496519267965,2.099191163473775,3.3684027059830846,nan,nan,nan,nan,5.548241628586757,2.8460657461137657,0.063
39.9,bed,0.758,3.1331390866267883,3.9650635116348534,0.1744261853911887,2.1499972947907073,3.3767195616961847,nan,nan,nan,nan,3.150495437956573,3.965619174156267,0.063
39.9,potted plant,0.753,5.538871661240324,2.860322873852213,0.4040814165609735,2.1499972947907073,3.3767195616961847,nan,nan,nan,nan,5.5540221550371065,2.856087553333705,0.063
40.101,bed,0.757,3.1843698840368773,3.9653095198384616,0.17490063648030146,2.202242684498303,3.3846621929799743,nan,nan,nan,nan,3.1974935698557316,3.966178807267241,0.051
40.101,potted plant,0.721,5.5320054841896384,2.836753230804733,0.40600951896796655,2.202242684498303,3.3846621929799743,nan,nan,nan,nan,5.543988047353781,2.835251808874618,0.051
40.302,bed,0.752,3.210816773884765,3.968879136105997,0.17550543550390174,2.25333727149903,3.3923880737586565,nan,nan,nan,nan,3.223463855485783,3.9688409288905486,0.045
40.302,potted plant,0.692,5.542799468660604,2.8611438943262697,0.4074866310447177,2.25333727149903,3.3923880737586565,nan,nan,nan,nan,5.553365080463818,2.856734397815119,0.045
40.5,bed,0.87,3.2662422806391906,3.969240912660546,0.17330199249277153,2.3046443024038457,3.4000255054815356,nan,nan,nan,nan,3.286183639800611,3.9687971749483855,0.072
40.5,potted plant,0.752,5.5273044300235155,2.8277052142899652,0.4045188668859365,2.3046443024038457,3.4000255054815356,nan,nan,nan,nan,5.543623297767742,2.820114457802299,0.072
40.5,refrigerator,0.381,3.4427722042849287,2.9104262673326184,0.23331640699679057,2.3046443024038457,3.4000255054815356,nan,nan,nan,nan,3.4593631853182263,2.9094293860678726,0.072
40.701,bed,0.829,3.3227666469207864,3.972134497164374,0.17010655901092991,2.356004353030829,3.4073079006112263,nan,nan,nan,nan,3.3378510359293996,3.9706002395384923,0.048
40.701,potted plant,0.78,5.536801668875215,2.8549049406094165,0.4069044782012524,2.356004353030829,3.4073079006112263,nan,nan,nan,nan,5.548009951322863,2.845722233180681,0.048
40.701,refrigerator,0.646,3.4724885243195383,2.9115121607533276,0.23171509863581458,2.356004353030829,3.4073079006112263,nan,nan,nan,nan,3.48390486791338,2.9094665725442583,0.048
41.1,potted plant,0.778,5.542730356777706,2.854028671510021,0.4045505407468232,2.459452395155795,3.420389234938466,nan,nan,nan,nan,5.553780784089237,2.842652082473533,0.054
41.1,bed,0.704,3.4389197606678006,3.9739660089347266,0.16599745006597308,2.459452395155795,3.420389234938466,nan,nan,nan,nan,3.4546617716415784,3.971358437396291,0.054
41.1,tv,0.367,3.590973553247048,2.773679731609491,0.6573096071250432,2.459452395155795,3.420389234938466,nan,nan,nan,nan,3.6017056932714273,2.7704481208094447,0.054
41.1,couch,0.313,3.4392936601568596,3.9742456046792145,0.1639147005304208,2.459452395155795,3.420389234938466,nan,nan,nan,nan,3.455036834570807,3.9716364705011054,0.054
41.502,potted plant,0.772,5.554341069459498,2.871681785219715,0.40565646369699926,2.573359141547351,3.43053778408411,nan,nan,nan,nan,5.566524391209798,2.8612358452519713,0.054
41.502,bed,0.677,3.5578973333534067,3.975326958639182,0.15885472982621823,2.573359141547351,3.43053778408411,nan,nan,nan,nan,3.5743978259243754,3.9726547618326804,0.054
41.502,refrigerator,0.325,3.5769060177664427,2.910641847733817,0.23391852972158317,2.573359141547351,3.43053778408411,nan,nan,nan,nan,3.5892562286396883,2.907903643807705,0.054
41.7,potted plant,0.776,5.549707680081686,2.856549577981211,0.40575293449052563,2.6243100900143412,3.4343713612096916,nan,nan,nan,nan,5.561334214150752,2.849344964676689,0.051
41.7,bed,0.49,3.6166653882132906,3.977174943485891,0.15760284181001818,2.6243100900143412,3.4343713612096916,nan,nan,nan,nan,3.6313924573151155,3.9753016810679065,0.051
41.7,refrigerator,0.341,3.6023188816525047,2.909176292850238,0.2342240563447394,2.6243100900143412,3.4343713612096916,nan,nan,nan,nan,3.6140980953780013,2.9073466983765655,0.051
41.901,potted plant,0.837,5.551030130870079,2.8557273791433966,0.4064479213133103,2.676788629714565,3.4375565948196236,nan,nan,nan,nan,5.561180395619813,2.850340946747266,0.042
41.901,bed,0.666,3.672400368138114,3.9770372064426187,0.154345247414101,2.676788629714565,3.4375565948196236,nan,nan,nan,nan,3.6848971478788903,3.9755727843998225,0.042
42.102,potted plant,0.783,5.551124642163027,2.8605841757630954,0.40338054468601237,2.7292875929121525,3.440353446186985,nan,nan,nan,nan,5.562674527160831,2.8559855653066295,0.051
42.102,refrigerator,0.611,3.654725353785013,2.9126848057096195,0.23432076242480265,2.7292875929121525,3.440353446186985,nan,nan,nan,nan,3.666374401929468,2.9115784753670155,0.051
42.102,bed,0.423,3.7260916663098227,3.983999975623201,0.1486117416835817,2.7292875929121525,3.440353446186985,nan,nan,nan,nan,3.739713504593488,3.9827604019652902,0.051
42.3,potted plant,0.768,5.545656086059553,2.851840389077299,0.403031145616487,2.7800949792771155,3.4426179108360495,nan,nan,nan,nan,5.557133732014375,2.847700104765938,0.048
42.3,refrigerator,0.501,3.6806764641638057,2.9124410637451605,0.23439129479237736,2.7800949792771155,3.4426179108360495,nan,nan,nan,nan,3.6922582009451217,2.911423612796932,0.048
42.3,bed,0.388,3.7496545289731027,3.9700770139810433,0.1558448648893331,2.7800949792771155,3.4426179108360495,nan,nan,nan,nan,3.7630071860881373,3.968942576105594,0.048
42.501,potted plant,0.793,5.5470364242907095,2.852871666335889,0.4084426272240873,2.832322922816619,3.444476317851521,nan,nan,nan,nan,5.560260690642558,2.849611479182252,0.054
42.501,refrigerator,0.363,3.7101592154892353,2.9113573774323123,0.23457738144051093,2.832322922816619,3.444476317851521,nan,nan,nan,nan,3.723464923067587,2.9106013704383016,0.054
42.501,bed,0.332,3.7567150547990056,3.9471378580281926,0.16084011268642134,2.832322922816619,3.444476317851521,nan,nan,nan,nan,3.7714328098135055,3.9463174183966214,0.054
42.702,potted plant,0.798,5.555400524404934,2.860362387349783,0.40852438403814384,2.884560608358493,3.4460379735142137,nan,nan,nan,nan,5.5672000649174755,2.857603131125595,0.048
42.702,refrigerator,0.526,3.7359213658600186,2.911606749610278,0.2350072767907485,2.884560608358493,3.4460379735142137,nan,nan,nan,nan,3.747781159011748,2.9109439023574404,0.048
42.9,potted plant,0.798,5.557683485881581,2.869776434360693,0.4071710962936322,2.936027010132329,3.447250016640364,nan,nan,nan,nan,5.5724837656174735,2.86649242404165,0.06
42.9,refrigerator,0.343,3.763779432933469,2.9110501316138886,0.23456674873979838,2.936027010132329,3.447250016640364,nan,nan,nan,nan,3.7786381696982403,2.9102331061326288,0.06
43.101,potted plant,0.803,5.557789782715689,2.8690591003468224,0.4121123898782034,2.988278301706245,3.4482405306635,nan,nan,nan,nan,5.574801507723522,2.8652500843608024,0.069
43.302,potted plant,0.792,5.556348098589876,2.8612531219874846,0.415941046854724,3.0405335226600205,3.4490040730914266,nan,nan,nan,nan,5.568071915410114,2.858176829148918,0.048
43.5,potted plant,0.803,5.5568557626687465,2.8693929736171366,0.4114756959808113,3.0923239118431827,3.4495367720943277,nan,nan,nan,nan,5.5702640672251444,2.864848391343522,0.057
43.902,potted plant,0.759,5.550627188687275,2.8549548828711897,0.4040975396953211,3.1965350747344914,3.4497395883238804,nan,nan,nan,nan,5.556274509555381,2.8525753795912836,0.024
44.1,potted plant,0.732,5.553703596118742,2.8655513938009003,0.4048043543974938,3.2485348192580963,3.4492323582105846,nan,nan,nan,nan,5.5694839897346915,2.8588519978502447,0.069
44.301,potted plant,0.658,5.551028482621814,2.8535134342083417,0.4068846289656284,3.300268140265186,3.448283676741553,nan,nan,nan,nan,5.56611185823208,2.8482408232079197,0.063
44.502,potted plant,0.693,5.546775706746841,2.8307217894379653,0.4077473373308764,3.3525100185312198,3.446857054639296,nan,nan,nan,nan,5.5633877185824145,2.82546856314026,0.069
44.7,potted plant,0.743,5.551399864811648,2.855424646092522,0.4082498704254209,3.4039610995184795,3.4450985182461347,nan,nan,nan,nan,5.560149970322054,2.8528764335336496,0.033
45.102,potted plant,0.697,5.552434901869027,2.849094104903567,0.4095963549178748,3.5083966763466328,3.440842632358297,nan,nan,nan,nan,5.560926438267094,2.845715325397309,0.036
45.3,potted plant,0.757,5.548925032816856,2.8303191492244375,0.4136107759593741,3.559822048823143,3.4384159641100656,nan,nan,nan,nan,5.567840409374343,2.8223098812450766,0.081
45.501,potted plant,0.776,5.553491401976752,2.8569674756319703,0.4121526779861352,3.61200313366069,3.435496254607156,nan,nan,nan,nan,5.566653283193108,2.8506168796472386,0.057
45.702,potted plant,0.794,5.547770462914047,2.8225795422788424,0.40881808462637304,3.664175646848372,3.432338760586354,nan,nan,nan,nan,5.557381875830181,2.813037468018306,0.048
46.2,potted plant,0.807,5.549185920062815,2.8466037603953733,0.4100435359305829,3.7930969192712887,3.420359152407961,nan,nan,nan,nan,5.563673549749827,2.849219078205894,0.051
46.602,potted plant,0.832,5.549299975169085,2.851364429759066,0.40943823461595574,3.896847447544947,3.4075150579450275,nan,nan,nan,nan,5.569264302858307,2.870950760247137,0.051
46.8,potted plant,0.752,5.549006182684074,2.840348586195519,0.413353510318781,3.9477567218993177,3.4016334167498985,nan,nan,nan,nan,5.569590591006839,2.862162401141717,0.048
47.001,potted plant,0.823,5.551934121661096,2.8418310667004296,0.4138161863240033,3.9977318227411613,3.397877437512779,nan,nan,nan,nan,5.580393367402041,2.8740903803524165,0.075
47.202,potted plant,0.796,5.553081197803575,2.8377151285219004,0.414542683840855,4.039626538289482,3.3973750625147976,nan,nan,nan,nan,5.558125946501147,2.838039838552567,0.036
47.4,potted plant,0.834,5.552527955996297,2.853177647403682,0.41694296928665264,4.052906183404859,3.398229819473123,nan,nan,nan,nan,5.548684323402519,2.8427674930016913,0.06
47.601,potted plant,0.834,5.548682737347483,2.8427680820340897,0.4169428859688026,4.052903515017685,3.398273662522352,nan,nan,nan,nan,5.548682737347482,2.8427680820340897,0.036
47.802,potted plant,0.834,5.548681238878948,2.842735918922843,0.4169304226246138,4.052903515017685,3.398273662522352,nan,nan,nan,nan,5.548681238878948,2.842735918922843,0.045
48.201,potted plant,0.826,5.549089785111016,2.848707052858683,0.41686353851843566,4.054138794586469,3.3978703598143025,nan,nan,nan,nan,5.559744736354824,2.868763076013558,0.048
48.402,potted plant,0.875,5.552389675783809,2.869661046964912,0.41820662132000497,4.0820152048390685,3.3971953557747074,nan,nan,nan,nan,5.567156727150626,2.8872119891875907,0.042
48.6,potted plant,0.756,5.596649582807153,2.921022857545117,0.426765028929305,4.121116150346594,3.399743843146694,nan,nan,nan,nan,5.614867394611047,2.9463953050811553,0.057
48.801,potted plant,0.485,5.970597397427391,2.878784743230661,0.4791486252578917,4.15904087935558,3.404235919343147,nan,nan,nan,nan,5.985742872481512,2.9037046303680265,0.045
49.002,potted plant,0.556,5.972370073044278,2.934292530297972,0.4595802138595889,4.1932358541296235,3.4098040503353477,nan,nan,nan,nan,5.989796218479024,2.9670255585810525,0.057
54.0,bed,0.46,3.768569837129552,6.2929731805255065,0.2960959126805539,4.760379242472099,4.189361818217918,nan,nan,nan,nan,3.755718871885882,6.300672394113932,0.057
54.201,bed,0.559,3.7897026400125378,6.203384543232907,0.29111805760388887,4.7683340011850675,4.241417930229303,nan,nan,nan,nan,3.7858248842321442,6.212254051121363,0.048
54.402,bed,0.536,3.7755130154989773,6.2373179235049925,0.28999405708606957,4.775217269127596,4.292439729254329,nan,nan,nan,nan,3.7729679356725914,6.246159951584448,0.042
59.4,potted plant,0.581,5.692036416273083,2.555307977489171,0.4454252083864555,4.7896315766788415,4.861155553273951,nan,nan,nan,nan,5.595922921411564,2.521455764671511,0.042
59.802,potted plant,0.901,5.3213469923628125,2.788264767748183,0.4149091429507745,4.812736183813599,4.8607444291815325,nan,nan,nan,nan,5.298354664978862,2.7802433746758677,0.03
60.102,potted plant,0.851,5.311221718645622,2.790432446346098,0.41501889114870594,4.835311134922685,4.839799450161018,nan,nan,nan,nan,5.2733469651151745,2.777137320183936,0.051
60.3,potted plant,0.75,5.298846407474685,2.784771118697134,0.4184607665704735,4.848555314713941,4.824463485328715,nan,nan,nan,nan,5.267333094622626,2.7735790017790034,0.048
60.501,potted plant,0.728,5.306061727281573,2.7894169733431253,0.4140941072136264,4.8606110822020465,4.80786627854487,nan,nan,nan,nan,5.273124558548424,2.777206441036773,0.054
60.9,potted plant,0.743,5.297636949070982,2.7872082994319594,0.4102005801020727,4.8828311897913,4.764471791227252,nan,nan,nan,nan,5.264848639887555,2.772041838700735,0.063
61.101,potted plant,0.778,5.293111034731506,2.782105353553361,0.4155274774923534,4.8931109275400075,4.737337244720265,nan,nan,nan,nan,5.272928342437525,2.7721254661231427,0.039
61.302,potted plant,0.699,5.612256597874679,2.881246532213652,0.4157754146446493,4.913909396881868,4.718385861262528,nan,nan,nan,nan,5.591421418554071,2.8652583350967396,0.045
61.5,potted plant,0.743,5.611198410950148,2.8825651519567774,0.411105891167182,4.92497669819379,4.694072409067585,nan,nan,nan,nan,5.591703149740145,2.8710946408771125,0.039
61.701,potted plant,0.762,5.609725205477916,2.8805012787786017,0.4090254492581123,4.93322251736823,4.674214865868731,nan,nan,nan,nan,5.586839266725134,2.865178177168422,0.048
61.902,potted plant,0.824,5.607531762967014,2.8763412362332357,0.4082632405157019,4.941310865306061,4.647984028130572,nan,nan,nan,nan,5.58750564467177,2.8627155026270734,0.042
62.1,potted plant,0.774,5.611643438572426,2.8771136650456866,0.4111967833576289,4.948197437231632,4.620180735303395,nan,nan,nan,nan,5.579350401447862,2.8541252154033985,0.069
62.301,potted plant,0.849,5.609816787440968,2.873717614646094,0.40952344498133963,4.953741057414851,4.5893594330727066,nan,nan,nan,nan,5.587038272467116,2.8571226411164554,0.045
62.502,potted plant,0.85,5.611841921242569,2.869557139208122,0.41193509530337874,4.95751042824515,4.554510641031602,nan,nan,nan,nan,5.577486922212772,2.8423235708384387,0.069
62.7,potted plant,0.895,5.613442710181126,2.865280584344209,0.412516440169286,4.959040168260271,4.515231561339723,nan,nan,nan,nan,5.611152146694587,2.8529562005692712,0.054
62.7,tv,0.775,3.5843658914385754,2.7940005471254783,0.8585509261280244,4.959040168260271,4.515231561339723,nan,nan,nan,nan,3.5819611574469903,2.7850039436483116,0.054
62.901,potted plant,0.798,5.563215919086969,2.8810198463022076,0.4135947923155805,4.958425423047335,4.468865841406284,nan,nan,nan,nan,5.545090143043229,2.8635794925901847,0.042
62.901,refrigerator,0.652,3.7918267904651675,2.90303388352517,0.2409267887777941,4.958425423047335,4.468865841406284,nan,nan,nan,nan,3.774048042944986,2.904979281405609,0.042
62.901,tv,0.604,3.532457421918232,2.7789004710854446,0.8586116057087156,4.958425423047335,4.468865841406284,nan,nan,nan,nan,3.513335623663355,2.7836919867013155,0.042
63.402,potted plant,0.879,5.551289641116871,2.4563617551179555,0.43924555824496536,4.942150607434988,4.339219282635712,nan,nan,nan,nan,5.527010906933212,2.4352451832995112,0.057
63.402,tv,0.851,3.4120303561741734,2.7792110830801775,0.8707735752100119,4.942150607434988,4.339219282635712,nan,nan,nan,nan,3.39158508606673,2.7825469834041345,0.057
63.402,refrigerator,0.301,3.7043682997017635,2.9045707853041645,0.23858666050923213,4.942150607434988,4.339219282635712,nan,nan,nan,nan,3.68533804131795,2.9045540711031763,0.057
63.6,refrigerator,0.67,3.6746164932954275,2.9100001168009424,0.24103721298153374,4.931878558396174,4.289040587612603,nan,nan,nan,nan,3.662903773119283,2.909689266804966,0.036
63.6,tv,0.489,3.3484171108215595,2.783119460713225,0.8745173386321494,4.931878558396174,4.289040587612603,nan,nan,nan,nan,3.3358258279149027,2.785090888900345,0.036
63.6,refrigerator,0.451,3.812517119783694,2.7324506433995968,0.231406782324816,4.931878558396174,4.289040587612603,nan,nan,nan,nan,3.799560481167269,2.731180604728195,0.036
63.6,potted plant,0.324,5.493634112073147,2.45475042766944,0.4589131341904192,4.931878558396174,4.289040587612603,nan,nan,nan,nan,5.47869612399675,2.4417410694871657,0.036
64.002,tv,0.745,3.27425259461951,2.7799008556301965,0.8633733752604449,4.905022995155765,4.187957099763509,nan,nan,nan,nan,3.255763620862822,2.7822195195197046,0.054
64.2,tv,0.665,3.235891807915615,2.7834778363185197,0.8623160859323109,4.889119645551244,4.138953557816091,nan,nan,nan,nan,3.2195372027116687,2.785690105260311,0.051
64.401,tv,0.77,3.206916743901316,2.786764979386479,0.8449838526684549,4.871063330796993,4.089540850678366,nan,nan,nan,nan,3.1944356966164547,2.7879677409438766,0.042
65.001,tv,0.81,3.107636586595791,2.786670719685648,0.8368689852813849,4.808764393841875,3.946299245840558,nan,nan,nan,nan,3.0901738615745367,2.790153941384211,0.057
65.202,tv,0.722,3.1111806134750353,2.778876106010448,0.8333811947710259,4.785226150557527,3.9001303825348956,nan,nan,nan,nan,3.099691308124893,2.781251200963711,0.036
65.802,tv,0.472,3.1479097554615194,2.7786388622443274,0.8078147878005913,4.705400184731387,3.7660027300038337,nan,nan,nan,nan,3.129346667081761,2.7812610001476714,0.06
65.802,refrigerator,0.337,3.481088499843632,2.9130485609601973,0.23530518928782165,4.705400184731387,3.7660027300038337,nan,nan,nan,nan,3.46384043651057,2.9123638644574896,0.06
66.0,tv,0.712,3.1516519572714796,2.7815694961401523,0.7974454027383865,4.675701006435919,3.7239096214581044,nan,nan,nan,nan,3.1382940950025975,2.783999258298632,0.039
66.201,tv,0.896,3.1689289488682446,2.7843305002115697,0.7843098825668335,4.6443380621990435,3.6820414181844816,nan,nan,nan,nan,3.1493413051291057,2.794428162465572,0.048
66.402,tv,0.77,3.184099442814369,2.7799274096640185,0.7724016133081727,4.612520064433532,3.6412508979627556,nan,nan,nan,nan,3.167573680994483,2.7893566873040503,0.042
66.402,refrigerator,0.326,3.552798235372539,2.9137263409254572,0.2339373323854874,4.612520064433532,3.6412508979627556,nan,nan,nan,nan,3.5378406944926524,2.9187525618739216,0.042
66.6,tv,0.766,3.201664018327382,2.782399948377649,0.7560133559203827,4.580211068096375,3.604720758223563,nan,nan,nan,nan,3.1866378782506533,2.789483398135734,0.036
66.6,refrigerator,0.304,3.5735573424289884,2.9151208594168243,0.23287559843828878,4.580211068096375,3.604720758223563,nan,nan,nan,nan,3.559874023713176,2.918379730351549,0.036
66.801,tv,0.552,3.1972604837257665,2.785644701676068,0.7441261018080721,4.546711332750565,3.5700749871998387,nan,nan,nan,nan,3.186146132311664,2.7915246955549757,0.03
67.2,tv,0.353,3.251162533585927,2.7779867280236186,0.7116424710108612,4.485548200054085,3.514068169642587,nan,nan,nan,nan,3.2381997911878755,2.7864874986031523,0.033
68.601,tv,0.42,3.3545920792343007,2.7913845895380263,0.5800580982221959,4.277330353966031,3.3982075094554918,nan,nan,nan,nan,3.3351616008756926,2.8028174775832233,0.054
69.402,bed,0.326,2.792645264745482,3.965927997186949,0.18358801734339197,4.083854208234616,3.364103685314937,nan,nan,nan,nan,2.78471184404095,3.9808670445836194,0.06
69.6,bed,0.473,2.8145746493460555,3.9690373679479833,0.1850364877945052,4.032416990375401,3.3609738285410953,nan,nan,nan,nan,2.809403318328044,3.9770403655967157,0.036
69.801,bed,0.487,2.829299586761839,3.9720918886123924,0.18513821768072602,3.9801218401364364,3.360062481504244,nan,nan,nan,nan,2.8214948732230214,3.980952085132202,0.045
70.002,bed,0.545,2.831903975243606,3.965611149359919,0.18548714482327225,3.9278438334660812,3.360890971837877,nan,nan,nan,nan,2.8226194889409504,3.9746807433517,0.054
70.2,bed,0.416,2.8292927554821485,3.966628302933699,0.18345296727467977,3.8764002541036353,3.363412663436373,nan,nan,nan,nan,2.819105889107837,3.9728752987803073,0.051
70.8,tv,0.433,2.5122570321261946,2.777499336073409,0.66730983607317,3.7260686767744433,3.3794481168212367,nan,nan,nan,nan,2.504032633530392,2.7794917862230144,0.03
70.8,bed,0.404,2.7780024048543166,3.965198469201752,0.1828543872150896,3.7260686767744433,3.3794481168212367,nan,nan,nan,nan,2.7707440404680237,3.966974358461267,0.03
71.001,bed,0.321,2.7446428027923138,3.966115709184039,0.18293788317180631,3.674277781837194,3.386435278564271,nan,nan,nan,nan,2.729678880532473,3.967711118739868,0.054
71.202,bed,0.496,2.699105188136436,3.963761413162498,0.1848813892977768,3.6173583122856923,3.3937139693019085,nan,nan,nan,nan,2.685366596419557,3.964600507128816,0.048
71.4,bed,0.303,2.6562149765852068,3.962770122575118,0.18369136864070856,3.5662142357459,3.4008404199748,nan,nan,nan,nan,2.6435163188363884,3.9622854070294604,0.042
71.601,bed,0.413,2.6114590256570485,3.96211421251418,0.18401840191719698,3.5145588690910756,3.4076895744061297,nan,nan,nan,nan,2.601116289436885,3.961565805715624,0.036
71.802,bed,0.652,2.561649482535038,3.963126839704462,0.18268375272351847,3.467223551199033,3.4143187690713686,nan,nan,nan,nan,2.552724037873588,3.962092852344815,0.03
72.201,bed,0.831,2.462221905050315,3.9632754465669477,0.1815968894079339,3.364033895042673,3.4250703908175493,nan,nan,nan,nan,2.447282028173628,3.9615436985161603,0.051
72.402,bed,0.665,2.4051665037848293,3.9708289816823767,0.18039823802976618,3.306750265486251,3.4297663397955374,nan,nan,nan,nan,2.392791702977647,3.9692376529367173,0.042
72.6,bed,0.482,2.3518661587237406,3.9705477849514255,0.1824605725663242,3.254957811594876,3.4338911620726593,nan,nan,nan,nan,2.3363125365814734,3.968063994353223,0.054
72.801,bed,0.539,2.311732041272792,3.964195571864553,0.18523317659030622,3.2032585980245303,3.437093593087357,nan,nan,nan,nan,2.298071733821975,3.9627718291061758,0.048
73.002,bed,0.474,2.306350277292399,3.947444014858287,0.18499948438998665,3.1554850540895387,3.4395609485657657,nan,nan,nan,nan,2.295202259820384,3.946948188196241,0.039
76.5,tv,0.404,-1.0449926989527443,1.5919109548701005,0.4580588676863653,2.241704253165917,3.4213448703355245,nan,nan,nan,nan,-1.0586013599692679,1.5968992439371983,0.057
76.701,tv,0.474,-1.0244792252086512,1.5896786042811197,0.4665375994495929,2.193471750145624,3.416727530527146,nan,nan,nan,nan,-1.0414943854066603,1.59523054141629,0.054
76.902,tv,0.477,-0.9788727291969859,1.5934585430122303,0.46547077587881236,2.1421610856080617,3.412553094004338,nan,nan,nan,nan,-0.9937555221499783,1.5925069276436012,0.057
77.1,tv,0.716,-0.9321652864500898,1.5946162019805306,0.45520876742231,2.090835894386977,3.4085624348606625,nan,nan,nan,nan,-0.9456688947984593,1.6009198133274802,0.036
77.301,tv,0.396,-0.8939148191205084,1.5998692946132411,0.4570762732281241,2.0379379392812336,3.4046784977642384,nan,nan,nan,nan,-0.905598535356231,1.6003611708782588,0.045
78.501,tv,0.3,-0.81514429635584,1.5886252807438261,0.46061955090745577,1.7810563125196954,3.3867429512869167,nan,nan,nan,nan,-0.8151442963558402,1.5886252807438261,0.054
79.2,tv,0.3,-0.81514429635584,1.5886252807438261,0.46061955090745577,1.7810563125196954,3.3867429512869167,nan,nan,nan,nan,-0.8174828155456004,1.5912151067185194,0.033
79.401,tv,0.411,-0.8366912427523232,1.5932440981174907,0.4539407874577823,1.7628765594579932,3.3851527757633137,nan,nan,nan,nan,-0.8472652262000984,1.5948593198459375,0.042
80.4,couch,0.41,-0.7199686088389685,1.5927015671546776,0.4507575392715503,1.5073938669240368,3.365720778849629,nan,nan,nan,nan,-0.7242547800992779,1.5831405386025508,0.042
80.601,couch,0.352,-0.7021163670483188,1.5839402381460437,0.4442621189849344,1.4555726767398467,3.358876628414044,nan,nan,nan,nan,-0.7080407596009546,1.5670871741624979,0.069
80.901,couch,0.387,-0.7027421242429814,1.5580615614261613,0.44069529362972615,1.3776649895034572,3.3470753237984043,nan,nan,nan,nan,-0.7069437510357938,1.5435380361695785,0.06
81.102,couch,0.415,-0.6993552049283331,1.5351880734756151,0.44676597405350604,1.3269619689677112,3.3380869934549224,nan,nan,nan,nan,-0.7025959123746632,1.520775283077793,0.054
81.3,couch,0.424,-0.696715887941183,1.520792797420621,0.44713066865183027,1.2764930503482286,3.3278944671364217,nan,nan,nan,nan,-0.7134855751488741,1.5176987769015005,0.048
81.702,couch,0.488,-0.6990377128578547,1.4943908271818682,0.4478881575079604,1.1694499442796296,3.3050804413759813,nan,nan,nan,nan,-0.704321102302936,1.483435053685907,0.051
81.9,couch,0.458,-0.6953514992064311,1.4793683677336025,0.4490206529485253,1.1195016708767889,3.29257897316592,nan,nan,nan,nan,-0.7107755362451647,1.4758049095635681,0.06
82.302,couch,0.477,-0.693453995101347,1.4663438804132307,0.4488446553789185,1.0186344387907882,3.265155099455456,nan,nan,nan,nan,-0.6986883375472571,1.456461613836158,0.045
82.5,couch,0.313,-0.6877342214524362,1.4550973701994432,0.4505548243695171,0.9692698727184275,3.250521510734853,nan,nan,nan,nan,-0.699512782286507,1.4477587253564679,0.057
84.702,tv,0.828,-0.5891644074390924,0.6450306523425899,0.6014373697919252,0.5035886196601861,3.0440617937918133,nan,nan,nan,nan,-0.5594834084114507,0.6247430407423049,0.048
84.9,tv,0.817,-0.5779149896794364,0.6693276155701882,0.5964150536889364,0.4815195068640672,3.0263869460124244,nan,nan,nan,nan,-0.5526975929266106,0.6486757701897746,0.075
85.101,tv,0.581,-0.5914603950684301,0.6859313840178265,0.5906008487537566,0.4615840739799897,3.0090158118660186,nan,nan,nan,nan,-0.5693198086078125,0.6709376470409022,0.039
85.302,tv,0.66,-0.5815427635015333,0.703462714927559,0.5872588868428398,0.44278611830737,2.990607890394774,nan,nan,nan,nan,-0.5540391505528034,0.6849552054197667,0.048
85.701,tv,0.621,-0.596852982503469,0.710085347788473,0.5777816293398653,0.4085048169047323,2.951074050732414,nan,nan,nan,nan,-0.5677677048425545,0.6903173054361451,0.051
86.1,potted plant,0.666,1.0558756496726696,-1.1362115447004606,0.40412812862992475,0.37810365548034985,2.90704700220742,nan,nan,nan,nan,1.1171465301913879,-1.1316044995803105,0.057
86.1,tv,0.349,-0.5796442956352836,0.7006063663673343,0.5695251756020678,0.37810365548034985,2.90704700220742,nan,nan,nan,nan,-0.5478737309966589,0.6785151262325451,0.057
86.301,potted plant,0.817,1.1456889708778664,-1.1180307739587119,0.4064887496275287,0.3638279347426292,2.881578455573344,nan,nan,nan,nan,1.2172298839056015,-1.1112683383947706,0.063
86.301,tv,0.46,-0.5924517700908329,0.7119527098659564,0.5645301782860648,0.3638279347426292,2.881578455573344,nan,nan,nan,nan,-0.5554844977271323,0.6852439793027065,0.063
86.502,potted plant,0.699,1.163835331474069,-1.1189389603243027,0.40619310506000317,0.35100272126980625,2.85607108526102,nan,nan,nan,nan,1.2193941688269008,-1.1128703724198825,0.054
86.502,tv,0.36,-0.5830306298525731,0.6949146505595749,0.5642635469983053,0.35100272126980625,2.85607108526102,nan,nan,nan,nan,-0.5540053418618878,0.6750501470794882,0.054
86.7,potted plant,0.694,1.189551220196028,-1.118572396038469,0.39978703018831135,0.34009659444326734,2.830649273866339,nan,nan,nan,nan,1.2481420588398722,-1.112546959165082,0.051
86.7,tv,0.42,-0.5787450587693997,0.7128766832903466,0.558419538693766,0.34009659444326734,2.830649273866339,nan,nan,nan,nan,-0.5485085049850188,0.6910949708989317,0.051
86.901,potted plant,0.792,1.1571192911003438,-1.0942884093625431,0.3994471369428242,0.3285797025680217,2.7958542993494224,nan,nan,nan,nan,1.2209051327598603,-1.0922180398235093,0.06
86.901,tv,0.533,-0.5666404861525889,0.7046047678732101,0.5553477227299664,0.3285797025680217,2.7958542993494224,nan,nan,nan,nan,-0.5337749576541994,0.6765279038000881,0.06
87.102,potted plant,0.729,1.1349795968652703,-1.0956483712487146,0.39023180007881797,0.3164949077658952,2.747973642305925,nan,nan,nan,nan,1.1815355970839394,-1.0976964910929539,0.051
87.102,tv,0.433,-0.5781424792606861,0.6844791098806713,0.5521378121060705,0.3164949077658952,2.747973642305925,nan,nan,nan,nan,-0.5542653241900737,0.6603240601198151,0.051
87.3,potted plant,0.767,1.1498009435140308,-1.0903203464218754,0.3918337887188522,0.3072687578868556,2.69741990536544,nan,nan,nan,nan,1.1822302311722086,-1.094904676641461,0.048
87.3,tv,0.605,-0.570160736856158,0.6814235855456947,0.549432135741592,0.3072687578868556,2.69741990536544,nan,nan,nan,nan,-0.5536888093415909,0.6612074573600669,0.048
87.801,potted plant,0.754,1.166479756866618,-1.0950244033455605,0.4022139594483555,0.29349342363335995,2.5676839599227903,nan,nan,nan,nan,1.1877722273035523,-1.1020142529103432,0.045
88.002,potted plant,0.692,1.1333264123324742,-1.0934960346802347,0.39983611174731826,0.2913116032816979,2.5156184385921936,nan,nan,nan,nan,1.1451662158747025,-1.1085385844059856,0.069
88.002,tv,0.565,-1.453120084373035,-1.3318523771128987,0.8655192322428831,0.2913116032816979,2.5156184385921936,nan,nan,nan,nan,-1.440452345553884,-1.3557143944967955,0.069
88.002,tv,0.504,-0.6756019493625017,0.9746436728456975,0.35880673186732526,0.2913116032816979,2.5156184385921936,nan,nan,nan,nan,-0.6708048390245788,0.9534199009563923,0.069
88.2,potted plant,0.715,1.131343197238508,-1.106808176045015,0.39458972937702386,0.2902042246646557,2.464148131858963,nan,nan,nan,nan,1.1212381156590934,-1.1300945463381757,0.081
88.2,tv,0.591,-0.6749993372688151,0.9250546212730986,0.35872831897002744,0.2902042246646557,2.464148131858963,nan,nan,nan,nan,-0.679670433421776,0.9065861298953786,0.081
88.2,tv,0.445,-1.4471805837331486,-1.3332259942259723,0.8373357995081554,0.2902042246646557,2.464148131858963,nan,nan,nan,nan,-1.4578812764266273,-1.349623767157587,0.081
88.401,potted plant,0.743,1.1238856390565652,-1.112862592792982,0.3980574767658553,0.28897540504620534,2.4111196247429794,nan,nan,nan,nan,1.1306622136454239,-1.122137628413254,0.042
88.401,tv,0.465,-1.4712649070591413,-1.3265398860078754,0.864126444669668,0.28897540504620534,2.4111196247429794,nan,nan,nan,nan,-1.4640641380354855,-1.3409057763072558,0.042
88.602,potted plant,0.738,1.1560958337866143,-1.1228159630763015,0.40784366202062583,0.2886574548348634,2.3594835685824203,nan,nan,nan,nan,1.1418051713578719,-1.1441994677313783,0.069
88.602,tv,0.516,-1.4917907438210398,-1.3261144507678377,0.8465849259032316,0.2886574548348634,2.3594835685824203,nan,nan,nan,nan,-1.5069090841456783,-1.3364139200098704,0.069
89.001,potted plant,0.754,1.1134711532902144,-1.113437060170026,0.40332206170878127,0.2902611053027093,2.2565410217025432,nan,nan,nan,nan,1.063041551150194,-1.138724545703504,0.054
89.001,tv,0.66,-1.4727990492382321,-1.3209288970636273,0.8424852934549164,0.2902611053027093,2.2565410217025432,nan,nan,nan,nan,-1.5260403711607555,-1.307547596341298,0.054
89.202,potted plant,0.762,1.107014862208591,-1.1160471558975313,0.4074792735441831,0.2895387621786337,2.208811744591591,nan,nan,nan,nan,1.0598078425829003,-1.1428038284631792,0.063
89.202,tv,0.44,-1.4488735221972342,-1.3181722371172357,0.8415810923110985,0.2895387621786337,2.208811744591591,nan,nan,nan,nan,-1.4986337864742663,-1.3095263905416317,0.063
89.202,tv,0.33,-0.6886847240039458,0.924873330594731,0.36171050473328825,0.2895387621786337,2.208811744591591,nan,nan,nan,nan,-0.7074656136470667,0.9227803424223053,0.063
89.4,potted plant,0.834,1.1104715831933998,-1.1205658716594566,0.4078749933303423,0.28650509635302324,2.164282100651934,nan,nan,nan,nan,1.0791524637854073,-1.1372397533611607,0.045
89.4,tv,0.569,-1.4621916451095065,-1.3147245201675104,0.8543334232590868,0.28650509635302324,2.164282100651934,nan,nan,nan,nan,-1.4952069577851756,-1.3074373903106162,0.045
89.4,tv,0.302,-0.6897709591838229,0.9704802934805006,0.36478290894518095,0.28650509635302324,2.164282100651934,nan,nan,nan,nan,-0.7015435156414752,0.9704768084621469,0.045
89.601,potted plant,0.811,1.1428849597051,-1.1360159955493763,0.40905865498243277,0.2822094132662145,2.1234035368817112,nan,nan,nan,nan,1.1027913656154806,-1.1538244716223123,0.042
89.601,tv,0.456,-1.4589567351606754,-1.3195982105458004,0.858855495467492,0.2822094132662145,2.1234035368817112,nan,nan,nan,nan,-1.5010598366127874,-1.3062762720689023,0.042
89.601,tv,0.304,-0.6875880059869172,1.0177094267579643,0.367304975001727,0.2822094132662145,2.1234035368817112,nan,nan,nan,nan,-0.7017927428272863,1.02163885106968,0.042
89.802,potted plant,0.842,1.1189566314757755,-1.1365480973703024,0.4102585924279669,0.27639379267557085,2.0862715532343676,nan,nan,nan,nan,1.07226229575919,-1.1556806606730659,0.045
89.802,tv,0.694,-1.4751066391240921,-1.3140483765561033,0.859586067838069,0.27639379267557085,2.0862715532343676,nan,nan,nan,nan,-1.5240373281319077,-1.2967439938580683,0.045
90.201,potted plant,0.82,1.0227895601469106,-1.528942396426086,0.39430990551643863,0.2646955036904072,2.0308395961453156,nan,nan,nan,nan,0.9718380565484552,-1.5449332421504824,0.048
90.201,tv,0.726,-1.4751094468897086,-1.315285569920552,0.8660479435488337,0.2646955036904072,2.0308395961453156,nan,nan,nan,nan,-1.5228581877330885,-1.296660533955434,0.048
90.6,tv,0.826,-1.508951762796786,-1.3034412319693993,0.8789456978733247,0.24987336991523168,1.9836413950058234,nan,nan,nan,nan,-1.560399823254429,-1.2825514468044346,0.054
90.801,tv,0.834,-1.4844107083157434,-1.3159368084154444,0.8857988096606907,0.24148623898331223,1.962218690863671,nan,nan,nan,nan,-1.5287062413058057,-1.2976360259767477,0.045
91.002,tv,0.703,-1.4914143707217964,-1.30821459257181,0.8844915906693893,0.23279976434381178,1.9425771105882343,nan,nan,nan,nan,-1.576585344118309,-1.2720761090689225,0.087
91.2,tv,0.872,-1.498606807651778,-1.3039261254315944,0.8883948352104921,0.22351786132688845,1.9242466436775192,nan,nan,nan,nan,-1.5309304601239704,-1.290296836497471,0.033
91.401,tv,0.839,-1.5074251317148404,-1.2976621797130339,0.8933168120954648,0.21332238906094714,1.9064801817482453,nan,nan,nan,nan,-1.5489215674302395,-1.279811509998744,0.042
91.602,tv,0.821,-1.4554180208408902,-1.323290551718554,0.8917355850502622,0.20230488045625117,1.8894344809421932,nan,nan,nan,nan,-1.4943132308883256,-1.3070517842457798,0.036
92.001,tv,0.866,-1.4644772594023996,-1.3087107588670026,0.8956083167196833,0.1781205273716232,1.8567686621293729,nan,nan,nan,nan,-1.5113994855196153,-1.288665251513061,0.039
92.001,tv,0.4,-0.6884577708425075,1.3876101488848769,0.38244542781953383,0.1781205273716232,1.8567686621293729,nan,nan,nan,nan,-0.6977276294241259,1.3965332131823882,0.039
92.502,tv,0.412,-0.6855607161308138,1.3331651996165252,0.3817309862213948,0.14193094583150834,1.8207463141313185,nan,nan,nan,nan,-0.697905718625308,1.3439623543602375,0.054
92.901,tv,0.575,-0.6895067632057901,1.2882647449962317,0.3747263581812882,0.10968295255537375,1.7960946979847527,nan,nan,nan,nan,-0.6997634744490331,1.296730709021194,0.042
92.901,tv,0.47,-1.9194867375903233,-1.2998860559160406,0.8648873256646786,0.10968295255537375,1.7960946979847527,nan,nan,nan,nan,-1.964325688626093,-1.2747003540496062,0.042
93.102,tv,0.378,-0.6907567101301995,1.3091391690175287,0.3661151569418947,0.09229717594925324,1.7854500610883957,nan,nan,nan,nan,-0.700032421051752,1.316891139802366,0.036
95.802,bed,0.422,-1.0302298958775813,2.0367027694031807,0.01181864553900791,-0.29472024562919663,1.7850011416940972,nan,nan,nan,nan,-1.043766576193945,2.04345748716443,0.06
96.0,bed,0.348,-1.0757499786120448,2.0559068849360425,0.011267209635081515,-0.34136545274666474,1.8009586044996668,nan,nan,nan,nan,-1.0843696279695152,2.0589070325955183,0.039
96.201,bed,0.536,-1.1195087078056671,2.0689185699772668,0.011422616337100316,-0.38448899610158316,1.8160934724804587,nan,nan,nan,nan,-1.1300121202798068,2.0731568988908764,0.048
96.501,bed,0.401,-1.1795875000020595,2.0790173005318406,0.011767005062264135,-0.4458702466416844,1.8376332714980705,nan,nan,nan,nan,-1.195016889062272,2.081261961764089,0.072
96.702,bed,0.424,-1.220104047995725,2.083146892665111,0.0114748805654932,-0.4845058096991417,1.8509874838972795,nan,nan,nan,nan,-1.2311007435066208,2.0837274425676195,0.051
96.9,bed,0.445,-1.2602765567721863,2.0829843853430363,0.011937729998409946,-0.5223105680533053,1.8637422387962035,nan,nan,nan,nan,-1.2709903436019527,2.085788430286084,0.06
97.101,bed,0.509,-1.3011177116488608,2.0816605879421934,0.011178558857574655,-0.5576536671490488,1.8756030387289562,nan,nan,nan,nan,-1.309160994135122,2.0803744284071275,0.036
97.302,bed,0.342,-1.3403857598374245,2.0732372880548207,0.011383530262948971,-0.5947577301528109,1.8871601656637276,nan,nan,nan,nan,-1.3533185537053636,2.070787205517162,0.06
97.5,bed,0.377,-1.3800803578949932,2.0647897506016775,0.011138715396350252,-0.6300051034420417,1.8972954819028913,nan,nan,nan,nan,-1.391472038818624,2.0620471408668464,0.06
97.701,bed,0.384,-1.4183449534208799,2.0559958237817932,0.011008413791510685,-0.6644149497084546,1.9062442097048042,nan,nan,nan,nan,-1.4286225380500899,2.0547194130296607,0.048
97.902,bed,0.38,-1.456282685960287,2.056027574553265,0.011421499152408948,-0.7038520720821309,1.9146959444623661,nan,nan,nan,nan,-1.4677355528746303,2.0564470452862227,0.057
98.1,bed,0.393,-1.496821515373755,2.0555539669131386,0.010997033332094452,-0.7428167627064293,1.9225996037586826,nan,nan,nan,nan,-1.5065525842066072,2.0578807724491255,0.054
98.301,bed,0.65,-1.5366289765112275,2.0558474438636445,0.011074590427157388,-0.7812989594723718,1.930424385805219,nan,nan,nan,nan,-1.545176088887901,2.055300312383974,0.045
98.502,bed,0.355,-1.5747187003529306,2.0563767960703934,0.012050530822017874,-0.8239973216705949,1.9384441776121044,nan,nan,nan,nan,-1.5909401396848473,2.0547590773406483,0.072
98.7,bed,0.546,-1.6198609420870433,2.052201598381309,0.011514510653473448,-0.8674065852195425,1.9459354968586344,nan,nan,nan,nan,-1.630458868450016,2.05231499091906,0.051
98.901,bed,0.449,-1.664953155862352,2.0534571846518,0.010634974165764255,-0.9088404302091326,1.9525624446830543,nan,nan,nan,nan,-1.674572261143196,2.051785007634553,0.045
107.301,dining table,0.324,-3.0500841998164265,2.2993562767827176,0.011485716414534025,-2.4444168148665355,2.027494532248178,nan,nan,nan,nan,-3.051426944828185,2.309944794347316,0.045
107.502,dining table,0.359,-3.0764272129460437,2.3126680436257914,0.01198477617797361,-2.4659783060146934,2.037303743175693,nan,nan,nan,nan,-3.0773920293864894,2.321830641144333,0.039
107.7,dining table,0.349,-3.08986276473067,2.327107684175218,0.011464032827218584,-2.4859970665419073,2.047520173299446,nan,nan,nan,nan,-3.0902420404209607,2.338418646817244,0.051
107.901,dining table,0.32,-3.098517045848051,2.353121995152306,0.012076917858609731,-2.5040770557259115,2.0575508816694983,nan,nan,nan,nan,-3.0985992939209575,2.363500655641752,0.048
108.3,dining table,0.368,-3.1083705625891915,2.3716966668133193,0.015020025205009169,-2.527479177621232,2.0738536731381503,nan,nan,nan,nan,-3.1083705625891915,2.3716966668133193,0.033
108.501,dining table,0.368,-3.108370562589191,2.3716966668133193,0.015020025205009169,-2.5274791776212315,2.0738536731381503,nan,nan,nan,nan,-3.108370562589191,2.3716966668133193,0.039
108.702,dining table,0.368,-3.108370562589191,2.3716966668133193,0.015020025205009169,-2.5274791776212315,2.0738536731381503,nan,nan,nan,nan,-3.1083705625891915,2.3716966668133193,0.048
108.9,dining table,0.368,-3.1083705625891915,2.3716966668133193,0.015020025205009169,-2.527479177621232,2.0738536731381503,nan,nan,nan,nan,-3.1083705625891915,2.3716966668133193,0.045
109.101,dining table,0.368,-3.108370562589191,2.3716966668133193,0.015020025205009169,-2.5274791776212315,2.0738536731381503,nan,nan,nan,nan,-3.1078941057086507,2.3734759584406038,0.051
109.302,toilet,0.334,-3.1779798292041734,6.260906588934912,0.39298792510682995,-2.5381567764866637,2.0809474249583655,nan,nan,nan,nan,-3.1267814145534563,6.27188729757274,0.045
109.302,dining table,0.301,-3.102448088939574,2.384232478464657,0.018538053700569823,-2.5381567764866637,2.0809474249583655,nan,nan,nan,nan,-3.102211459288121,2.3945552870433344,0.045
109.701,toilet,0.753,-2.9243165763783505,5.7762515561906635,0.40416150144318874,-2.57075063487166,2.1087994217301422,nan,nan,nan,nan,-2.8772725264724412,5.784535419588474,0.048
109.902,toilet,0.604,-2.904628159152627,5.780805618835597,0.39829108148196346,-2.5868845059665615,2.125352744773311,nan,nan,nan,nan,-2.881318801547454,5.785225108111946,0.024
110.301,toilet,0.317,-2.929725676861858,5.771603468763424,0.3882752215260228,-2.6199232121074703,2.1672774789893667,nan,nan,nan,nan,-2.888987545854543,5.779261941026056,0.045
110.502,toilet,0.567,-2.9193980154437047,5.768679213912485,0.39967747225587336,-2.6336629563939353,2.1871765326227215,nan,nan,nan,nan,-2.8642571967307955,5.779049224403818,0.057
110.901,toilet,0.358,-2.9039299265797824,5.770397809086315,0.39205518105126164,-2.660922100084978,2.237782175601886,nan,nan,nan,nan,-2.86213059136821,5.779764807558514,0.042
111.102,toilet,0.758,-2.944853292285741,5.761772212349051,0.4006882351353223,-2.6739069636544857,2.267838501032156,nan,nan,nan,nan,-2.912531634999791,5.769601184429294,0.036
111.102,sink,0.634,-1.6264221254430364,5.894164943214671,0.6186717821413481,-2.6739069636544857,2.267838501032156,nan,nan,nan,nan,-1.592861119378242,5.889009337783358,0.036
111.3,sink,0.599,-1.626108162965381,5.900371268466932,0.6064655063813313,-2.679339557447447,2.285063684008625,nan,nan,nan,nan,-1.6261109178756932,5.900381506600019,0.063
111.3,toilet,0.535,-2.9389491704850434,5.764520102329097,0.3857458413691917,-2.679339557447447,2.285063684008625,nan,nan,nan,nan,-2.938951925395401,5.764530340462625,0.063
111.501,sink,0.599,-1.6261063335660575,5.90038101186712,0.6064673105466496,-2.6793423123589726,2.2850739221420655,nan,nan,nan,nan,-1.6261063335660575,5.90038101186712,0.054
111.501,toilet,0.535,-2.938951043568487,5.764527861856372,0.38575221775870744,-2.6793423123589726,2.2850739221420655,nan,nan,nan,nan,-2.938951043568487,5.764527861856372,0.054
111.702,sink,0.6,-1.6261144943910149,5.900380050420802,0.6064550477080518,-2.6793423123589726,2.2850739221420655,nan,nan,nan,nan,-1.6261144943910149,5.900380050420802,0.048
111.702,toilet,0.534,-2.9389671979716296,5.76451709559581,0.38576245476384724,-2.6793423123589726,2.2850739221420655,nan,nan,nan,nan,-2.9389671979716296,5.76451709559581,0.048
111.9,sink,0.6,-1.6261144943910149,5.900380050420802,0.6064550477080518,-2.6793423123589726,2.2850739221420655,nan,nan,nan,nan,-1.6261144943910149,5.900380050420802,0.042
111.9,toilet,0.534,-2.9389671979716296,5.76451709559581,0.38576245476384724,-2.6793423123589726,2.2850739221420655,nan,nan,nan,nan,-2.9389671979716296,5.76451709559581,0.042
112.101,sink,0.6,-1.6261144943910149,5.900380050420802,0.6064550477080518,-2.6793423123589726,2.2850739221420655,nan,nan,nan,nan,-1.6261144943910149,5.900380050420802,0.051
112.101,toilet,0.534,-2.9389671979716296,5.76451709559581,0.38576245476384724,-2.6793423123589726,2.2850739221420655,nan,nan,nan,nan,-2.9389671979716296,5.76451709559581,0.051
112.302,sink,0.567,-1.6243387700551581,5.901663201221215,0.6038055845232284,-2.6837939562784436,2.293989296002759,nan,nan,nan,nan,-1.5945786582699728,5.8965075085765575,0.03
112.5,sink,0.642,-1.6174465265578235,5.904694690601453,0.6030878452917221,-2.6950004130741725,2.333351592090716,nan,nan,nan,nan,-1.553050314782648,5.902702609861717,0.072
112.5,toilet,0.441,-2.934278468685006,5.767976563959217,0.3903828302182823,-2.6950004130741725,2.333351592090716,nan,nan,nan,nan,-2.872274297595273,5.7914088852811965,0.072
112.701,toilet,0.675,-2.951489498136646,5.764455548703818,0.3889816211109772,-2.7056799141344516,2.383984724247918,nan,nan,nan,nan,-2.9151638595454243,5.7801221665047,0.048
112.701,sink,0.625,-1.6365369737709248,5.906659975979441,0.6020062597921372,-2.7056799141344516,2.383984724247918,nan,nan,nan,nan,-1.598673963608693,5.9073094078816,0.048
112.902,sink,0.62,-1.628949552398021,5.903084103539953,0.6026437078902853,-2.7139867638943604,2.4359634499149365,nan,nan,nan,nan,-1.5763841389203896,5.898874126700308,0.057
112.902,toilet,0.538,-2.942170513724898,5.769077959243468,0.372030754272063,-2.7139867638943604,2.4359634499149365,nan,nan,nan,nan,-2.8915513506829433,5.785550938066172,0.057
113.1,toilet,0.699,-2.9366632332028213,5.769903231966444,0.3677468700079282,-2.719596476369012,2.483927115009081,nan,nan,nan,nan,-2.9264392604969953,5.778959121607505,0.036
113.1,sink,0.594,-1.622164058996946,5.902699534838962,0.6035272230794388,-2.719596476369012,2.483927115009081,nan,nan,nan,nan,-1.6114936112691676,5.907259069469318,0.036
113.502,toilet,0.744,-2.956066636584309,5.766444351853227,0.3705957531823061,-2.721246949840375,2.5202561078016217,nan,nan,nan,nan,-2.956066636584309,5.766444351853227,0.072
113.502,sink,0.606,-1.6457350016067205,5.911917575157863,0.6010162553158055,-2.721246949840375,2.5202561078016217,nan,nan,nan,nan,-1.6457350016067205,5.911917575157863,0.072
113.7,toilet,0.745,-2.9560659510039153,5.766459621856541,0.3705157548337693,-2.721246949840375,2.5202561078016217,nan,nan,nan,nan,-2.9560659510039153,5.766459621856541,0.081
113.7,sink,0.606,-1.6457312940497806,5.911919058215695,0.6010107154869284,-2.721246949840375,2.5202561078016217,nan,nan,nan,nan,-1.6457312940497806,5.911919058215695,0.081
113.901,toilet,0.747,-2.9560901816445493,5.766472870591439,0.3705819024686239,-2.721246949840376,2.5202561078016226,nan,nan,nan,nan,-2.9560901816445484,5.766472870591438,0.06
113.901,sink,0.607,-1.6457473217916445,5.911906432671421,0.6010127710587403,-2.721246949840376,2.5202561078016226,nan,nan,nan,nan,-1.6457473217916436,5.91190643267142,0.06
114.102,toilet,0.746,-2.9560920561525346,5.766474036308672,0.3705647345221861,-2.721246949840375,2.5202561078016217,nan,nan,nan,nan,-2.9560920561525346,5.766474036308672,0.066
114.102,sink,0.607,-1.6457509622239892,5.911906619659096,0.6010220881903131,-2.721246949840375,2.5202561078016217,nan,nan,nan,nan,-1.6457509622239892,5.911906619659096,0.066
114.3,toilet,0.669,-2.9580563859143996,5.767000997589863,0.3779744942921912,-2.7221500453234455,2.522828604470419,nan,nan,nan,nan,-2.913840731625618,5.774248621947549,0.048
114.3,sink,0.585,-1.648230045635986,5.910819064432187,0.6029515722356523,-2.7221500453234455,2.522828604470419,nan,nan,nan,nan,-1.602146105664187,5.899890518866159,0.048
114.501,toilet,0.586,-2.95686725073443,5.765929091678368,0.37655508504288304,-2.724491648906035,2.554982062498103,nan,nan,nan,nan,-2.9055054823541564,5.781340073432573,0.054
114.501,sink,0.423,-1.6473191845713142,5.909992960927269,0.6081432639770656,-2.724491648906035,2.554982062498103,nan,nan,nan,nan,-1.5938160088193218,5.904389904933595,0.054
114.702,sink,0.554,-1.6550927067320362,5.91340159350784,0.6054543655925583,-2.724552173094191,2.595224699091245,nan,nan,nan,nan,-1.6089152683605215,5.907368765218836,0.048
114.702,toilet,0.513,-2.9680145487002423,5.762581948079129,0.38882860601188074,-2.724552173094191,2.595224699091245,nan,nan,nan,nan,-2.923802183852574,5.774768885761031,0.048
114.9,toilet,0.832,-2.954689938559075,5.756144309662622,0.4051737592045316,-2.722745541526973,2.6320036258636463,nan,nan,nan,nan,-2.899738204892452,5.769741095110255,0.06
114.9,sink,0.409,-1.650142285569613,5.91392014151792,0.6043412872973052,-2.722745541526973,2.6320036258636463,nan,nan,nan,nan,-1.5926518749020921,5.904882199110024,0.06
115.2,toilet,0.868,-2.9458377253742998,5.757324060813747,0.3981929256936486,-2.718313310575567,2.6770309762647813,nan,nan,nan,nan,-2.923887785244693,5.763851815228824,0.036
115.2,sink,0.482,-1.6391918646598345,5.907362952029474,0.6052490664731731,-2.718313310575567,2.6770309762647813,nan,nan,nan,nan,-1.616236358849578,5.904858273401178,0.036
115.401,toilet,0.796,-2.948693861589848,5.7586279602559625,0.39941949365210394,-2.7137690042764016,2.7051664440909056,nan,nan,nan,nan,-2.9104718760367705,5.767086904876255,0.042
115.401,sink,0.562,-1.6364023596566923,5.90936001281626,0.6049870360470547,-2.7137690042764016,2.7051664440909056,nan,nan,nan,nan,-1.5964481318767463,5.901885782834084,0.042
115.602,toilet,0.818,-2.9331117848775183,5.761737710827312,0.3930790896638277,-2.70754145181804,2.733072417011825,nan,nan,nan,nan,-2.886642498037343,5.771720874170102,0.051
115.602,sink,0.567,-1.6307064362904204,5.908188525574533,0.6012498399351083,-2.70754145181804,2.733072417011825,nan,nan,nan,nan,-1.5822208735759158,5.898967716196989,0.051
116.001,toilet,0.881,-2.9248611027345643,5.760876777749619,0.38214615222418147,-2.692251454072902,2.7840395390628485,nan,nan,nan,nan,-2.876416728085665,5.769973792535567,0.054
116.202,toilet,0.879,-2.822891498889378,5.815115526867851,0.37705311697603766,-2.6847245956647363,2.805034835404206,nan,nan,nan,nan,-2.779163544455291,5.821685786556758,0.048
116.202,sink,0.479,-1.6393088419236987,5.914648442345008,0.6556892055510335,-2.6847245956647363,2.805034835404206,nan,nan,nan,nan,-1.5943145324049977,5.904797312693409,0.048
116.4,toilet,0.804,-2.730185800002561,6.266352729102248,0.4002426939762354,-2.675988161502771,2.825465492674245,nan,nan,nan,nan,-2.6675920759558878,6.2729721590958665,0.06
116.4,sink,0.596,-1.632995188155462,5.91039554875999,0.6046365437393681,-2.675988161502771,2.825465492674245,nan,nan,nan,nan,-1.57673589789273,5.898051431816002,0.06
121.101,chair,0.31,-2.4190397338447758,1.585268660425288,0.44665238839445887,-2.479435418483728,3.0972987538349113,nan,nan,nan,nan,-2.470585927354187,1.5847307831450559,0.036
121.302,chair,0.499,-2.433536489819148,1.5841121908655806,0.4472355489988172,-2.467830669332767,3.1000388866594317,nan,nan,nan,nan,-2.4990990798824155,1.5843962908492346,0.045
121.302,chair,0.331,-3.5979564680339937,0.5011222796717201,0.3737635531186084,-2.467830669332767,3.1000388866594317,nan,nan,nan,nan,-3.7110583815430545,0.5548839380667134,0.045
121.701,chair,0.839,-3.6560123181636968,0.7705836947868066,0.37670728838268064,-2.446233030246172,3.094695490227566,nan,nan,nan,nan,-3.721200216532644,0.7989793339091983,0.066
121.902,chair,0.793,-3.6583615602752406,0.770163104835214,0.3773048486932624,-2.4473493846762873,3.074092295559959,nan,nan,nan,nan,-3.6957351213914853,0.7854244855835831,0.045
121.902,couch,0.529,-2.46022137785061,1.5858397084286782,0.45750025291519425,-2.4473493846762873,3.074092295559959,nan,nan,nan,nan,-2.484660141207587,1.5817696436418622,0.045
122.202,chair,0.722,-3.6899537299690266,0.7889713937849163,0.3737632411354269,-2.452990635202009,3.0441588344720856,nan,nan,nan,nan,-3.726846084841324,0.8034073752557548,0.051
122.202,couch,0.441,-2.458086965895699,1.5845092708356487,0.46167998972901436,-2.452990635202009,3.0441588344720856,nan,nan,nan,nan,-2.4825836048682692,1.5794145396441919,0.051
122.601,chair,0.784,-3.695591403593351,0.7895204705167669,0.3728741274768478,-2.470572716554191,2.996926233431398,nan,nan,nan,nan,-3.7319614866127666,0.7996876347552484,0.051
122.601,chair,0.505,-2.5234899338987504,1.5882071434291478,0.46790952775480094,-2.470572716554191,2.996926233431398,nan,nan,nan,nan,-2.54822033806059,1.5810192864707446,0.051
122.601,couch,0.329,-2.5234468733996156,1.5881706730728338,0.4672192845237962,-2.470572716554191,2.996926233431398,nan,nan,nan,nan,-2.5481778195454416,1.5809821856709556,0.051
122.802,chair,0.882,-3.681875621915835,0.7752676406300036,0.36989578638333676,-2.4926830698254117,2.9578399940898104,nan,nan,nan,nan,-3.6876439834782664,0.7649697445583735,0.045
122.802,couch,0.494,-2.5718012452026238,1.5958777156165873,0.4527677399614406,-2.4926830698254117,2.9578399940898104,nan,nan,nan,nan,-2.5778945598516567,1.5860192155192403,0.045
123.402,chair,0.823,-3.3278923954673263,0.6133061287856068,0.37119785339731615,-2.539207737607584,2.817349928929518,nan,nan,nan,nan,-3.3359704190549184,0.6008699765297012,0.057
123.402,couch,0.397,-2.4127738797235248,1.6060681846395233,0.3430059437626717,-2.539207737607584,2.817349928929518,nan,nan,nan,nan,-2.4200350145582497,1.5928784100573379,0.057
123.402,chair,0.334,-3.5450658342178833,0.5883572192907809,0.6764578633728919,-2.539207737607584,2.817349928929518,nan,nan,nan,nan,-3.553164321091809,0.5760998432698107,0.057
123.6,chair,0.842,-3.3218061141545903,0.5912009298994034,0.3713198242037702,-2.5615074979532952,2.771296772813832,nan,nan,nan,nan,-3.311586166019248,0.5670235509983657,0.039
123.6,couch,0.561,-2.4332625669314734,1.606491267900329,0.3430955068083209,-2.5615074979532952,2.771296772813832,nan,nan,nan,nan,-2.4298739394949087,1.5882520540021576,0.039
123.6,bed,0.342,-2.958964630728546,2.4224691210736884,0.012569192257399026,-2.5615074979532952,2.771296772813832,nan,nan,nan,nan,-2.9610383611243716,2.4006847428724076,0.039
123.801,chair,0.835,-3.31410498418958,0.5843040589781041,0.3722373191225249,-2.5848786127746415,2.7143545851221815,nan,nan,nan,nan,-3.2929270858607236,0.5643303253253548,0.048
123.801,couch,0.526,-2.4364941743567763,1.5968965494120635,0.3418094236736994,-2.5848786127746415,2.7143545851221815,nan,nan,nan,nan,-2.4281144830800376,1.5878748760364279,0.048
124.002,chair,0.847,-3.311603370540769,0.5931797507059233,0.37479948886524206,-2.6076333140704344,2.6677477308420405,nan,nan,nan,nan,-3.2948979134104768,0.576257982356247,0.039
124.002,couch,0.448,-2.4272360592984694,1.597372290488469,0.3459244869887754,-2.6076333140704344,2.6677477308420405,nan,nan,nan,nan,-2.4207859620245373,1.5893900046480698,0.039
124.2,chair,0.854,-3.3350683418313842,0.6012060745265515,0.3756576500389388,-2.6276836521675193,2.620387904157418,nan,nan,nan,nan,-3.3244831562900075,0.5836219930714499,0.051
124.2,couch,0.536,-2.421384626232588,1.5979941843473469,0.3410803912959254,-2.6276836521675193,2.620387904157418,nan,nan,nan,nan,-2.4184565069727975,1.58737503977047,0.051
124.701,chair,0.879,-3.3460503321780326,0.5972226155771876,0.3749576310834959,-2.668312739154059,2.4969652978263692,nan,nan,nan,nan,-3.3447245302993456,0.5835557141694045,0.048
124.701,couch,0.399,-2.4338008293003326,1.5984068838561112,0.34217711788800664,-2.668312739154059,2.4969652978263692,nan,nan,nan,nan,-2.4348320877168317,1.5868825988291555,0.048
124.902,chair,0.775,-3.3575434527495505,0.5998155349159746,0.3770204319749675,-2.691464869986341,2.4467046795140384,nan,nan,nan,nan,-3.355208502707279,0.5836332783689183,0.057
124.902,couch,0.316,-2.4684466621299594,1.593822934950942,0.3414652085318045,-2.691464869986341,2.4467046795140384,nan,nan,nan,nan,-2.46936230304601,1.5805386524942762,0.057
125.1,chair,0.801,-3.3611897832975357,0.5935315019997545,0.37515150342029174,-2.7036919420298604,2.397670237617221,nan,nan,nan,nan,-3.3659504917066605,0.5850960986047362,0.039
125.1,couch,0.309,-2.480516417171476,1.560729172447198,0.3360768423714101,-2.7036919420298604,2.397670237617221,nan,nan,nan,nan,-2.4839475641655513,1.5510814749597202,0.039
125.301,chair,0.833,-3.3590443012351923,0.592152798971288,0.37794060586490996,-2.7152416570251043,2.3494949297268173,nan,nan,nan,nan,-3.3704974550318982,0.5853421308170629,0.045
125.502,chair,0.893,-3.3687614899480707,0.5929949512723296,0.3768123113468339,-2.7268326613755836,2.3028047871130726,nan,nan,nan,nan,-3.3846615123844814,0.5850302251344608,0.054
125.7,chair,0.882,-3.372832690914163,0.5895267633969536,0.37371357684331497,-2.739434339445354,2.256649669111889,nan,nan,nan,nan,-3.3949064121017103,0.5843713326294775,0.051
125.901,chair,0.751,-3.3765463208405544,0.5870685613709645,0.37622050272783086,-2.75315744488613,2.2104277284421907,nan,nan,nan,nan,-3.3961018457164744,0.5831901646889132,0.042
126.102,chair,0.776,-3.393800730206514,0.571134269623812,0.3712265822250592,-2.7692896193633576,2.162864568052142,nan,nan,nan,nan,-3.4121050818850334,0.567964394830752,0.036
126.3,chair,0.771,-3.393753971106479,0.5686287701371453,0.3688467148032003,-2.7876679463937384,2.1162724821673007,nan,nan,nan,nan,-3.4088993498940203,0.5653892263264568,0.03
126.6,chair,0.9,-3.3904204788378705,0.5592989032498283,0.3677109020395277,-2.8211415440530976,2.0457716696991852,nan,nan,nan,nan,-3.3973355989690095,0.5511406731382524,0.036
126.801,chair,0.836,-3.3924321139945643,0.5625687111167237,0.36717001146224054,-2.8454669848789265,1.9995033588898263,nan,nan,nan,nan,-3.4021306356567864,0.55635234483683,0.033
127.2,chair,0.937,-3.410769485334914,0.5390524513414572,0.3667302713933718,-2.898248757012037,1.9092917314279514,nan,nan,nan,nan,-3.408969001017934,0.5244812994185234,0.054
127.401,chair,0.844,-3.404270560457885,0.5344639537488882,0.3656299524783553,-2.9251021914341337,1.8649950902918602,nan,nan,nan,nan,-3.40466414136476,0.5186784727425873,0.06
127.602,chair,0.807,-3.4110469529874488,0.5289095252301608,0.36782876984144275,-2.9516143202697225,1.8203008280438333,nan,nan,nan,nan,-3.4102774032750025,0.5180563090899107,0.039
127.8,chair,0.858,-3.4153675354895645,0.5140759281349281,0.36887037425735664,-2.9772309748988954,1.774874328626272,nan,nan,nan,nan,-3.4168967181106837,0.5022899680491075,0.048
128.001,chair,0.863,-3.421036173834432,0.5153690881767905,0.37353997162622243,-3.0018740387902447,1.729494442215141,nan,nan,nan,nan,-3.4152881590046,0.502826685748634,0.039
128.202,chair,0.862,-3.4239753816850445,0.510118572564884,0.3737915859464218,-3.0214971008420117,1.689304075971159,nan,nan,nan,nan,-3.4265369459825314,0.5044378896235748,0.048
128.601,chair,0.831,-3.435570327550653,0.4910602977973062,0.37403163736358447,-3.0262463795723806,1.6787039918242384,nan,nan,nan,nan,-3.435570327550653,0.4910602977973065,0.051
128.802,chair,0.831,-3.4355703275506535,0.4910602977973062,0.37403163736358447,-3.026246379572381,1.6787039918242384,nan,nan,nan,nan,-3.435570327550653,0.4910602977973065,0.045
129.0,chair,0.831,-3.4355703275506535,0.4910602977973062,0.37403163736358447,-3.026246379572381,1.6787039918242384,nan,nan,nan,nan,-3.435570327550653,0.4910602977973065,0.039
129.201,chair,0.769,-3.4376460048515565,0.48979437655450186,0.3725342808298141,-3.0270693407320413,1.6777744236120595,nan,nan,nan,nan,-3.432899154821364,0.4861160906929995,0.033
129.402,chair,0.76,-3.4447828539708056,0.4788771544839796,0.3789788853955338,-3.0395812576513315,1.6531223218744246,nan,nan,nan,nan,-3.438987100722947,0.46626888113668774,0.042
129.6,chair,0.861,-3.45472965236672,0.46337703251655515,0.37847808640451197,-3.0578151739897086,1.6144396039923903,nan,nan,nan,nan,-3.439343251149654,0.44315370745712235,0.06
129.801,tv,0.781,-2.122552118284715,-1.3306579298824597,0.8639338700604877,-3.0734169408581633,1.57707764617021,nan,nan,nan,nan,-2.087421678274237,-1.3244479159459217,0.045
129.801,chair,0.63,-3.4562574736560405,0.47148650754971877,0.38209064334851783,-3.0734169408581633,1.57707764617021,nan,nan,nan,nan,-3.44444155490142,0.4602065611875771,0.045
130.002,tv,0.787,-2.0366644420355593,-1.3236936641670116,0.8611329476174848,-3.0848997288773217,1.551227883226384,nan,nan,nan,nan,-1.994655562366925,-1.315059089358231,0.054
130.002,chair,0.559,-3.449437943279109,0.510467160418415,0.38291145361400786,-3.0848997288773217,1.551227883226384,nan,nan,nan,nan,-3.435868909110244,0.4968401863822213,0.054
130.2,tv,0.868,-1.9453773633289069,-1.3197270105684062,0.8538393299312035,-3.093961087009318,1.5228235736709756,nan,nan,nan,nan,-1.9032917797510982,-1.3088747512576027,0.051
130.2,chair,0.659,-3.4450052888498277,0.524244817550461,0.38124110684280144,-3.093961087009318,1.5228235736709756,nan,nan,nan,nan,-3.431502027981915,0.5114794601805246,0.051
130.401,tv,0.807,-1.8451817768542014,-1.3153078664696276,0.8499282878809923,-3.1011808413866953,1.4956303860236069,nan,nan,nan,nan,-1.7984785712693971,-1.3011162126487972,0.06
130.401,chair,0.472,-3.446719506564758,0.530161685971497,0.3737484909290848,-3.1011808413866953,1.4956303860236069,nan,nan,nan,nan,-3.4317622575502136,0.5163175189636193,0.06
130.902,chair,0.562,-3.452198214806403,0.5043969325997797,0.317289746072347,-3.112747695370307,1.4293247559083662,nan,nan,nan,nan,-3.4368548685968157,0.49043240956669293,0.057
130.902,tv,0.554,-1.616042234948571,-1.3161204431333304,0.8536529215670355,-3.112747695370307,1.4293247559083662,nan,nan,nan,nan,-1.569420658896191,-1.2979863809165795,0.057
131.1,chair,0.759,-3.432463429309349,0.4349095029005071,0.3286922007691696,-3.1146119531168406,1.4017388914805005,nan,nan,nan,nan,-3.4167251193046426,0.42160769918879587,0.054
131.1,tv,0.747,-1.5762522560742813,-1.3108062653186745,0.8552236494031068,-3.1146119531168406,1.4017388914805005,nan,nan,nan,nan,-1.5320207767128518,-1.2933071686887418,0.054
131.301,tv,0.844,-1.6136835443248034,-1.323554214419836,0.8552904139621866,-3.115041474657229,1.3721461643165325,nan,nan,nan,nan,-1.5804997289619023,-1.31113217266505,0.045
131.301,chair,0.312,-3.399221171989759,0.44367606516733094,0.33028650051103864,-3.115041474657229,1.3721461643165325,nan,nan,nan,nan,-3.3876503098398696,0.43399081982847665,0.045
131.502,tv,0.825,-1.6036771725712409,-1.3182038551865156,0.8690198525945911,-3.1136194710371834,1.3417603663615634,nan,nan,nan,nan,-1.560641790815222,-1.3027223299616466,0.057
131.7,tv,0.901,-1.6143178573108257,-1.3139587763880267,0.8767338246272987,-3.109786695801568,1.308805670307434,nan,nan,nan,nan,-1.572024094707611,-1.3000492976581157,0.054
131.901,tv,0.913,-1.630725382236061,-1.3231706910480623,0.8799841358351335,-3.1023491402450905,1.2691761080794317,nan,nan,nan,nan,-1.5817284234098352,-1.3124486290918072,0.06
132.102,tv,0.884,-1.6320744709122486,-1.319632478281326,0.882485497292207,-3.0885406951742675,1.2192149032586408,nan,nan,nan,nan,-1.609832112348928,-1.321741399185906,0.051
132.102,chair,0.505,-3.1949110679950286,0.5026253715312988,0.28497149057644644,-3.0885406951742675,1.2192149032586408,nan,nan,nan,nan,-3.185716663078781,0.48924446027185975,0.051
132.3,tv,0.912,-1.6328396661032176,-1.317732232223759,0.8813636076424032,-3.0720428990179007,1.1704364427766196,nan,nan,nan,nan,-1.6213587449272935,-1.3199214830092765,0.03
132.3,chair,0.414,-3.19426660588335,0.5014121976123289,0.2952740122041702,-3.0720428990179007,1.1704364427766196,nan,nan,nan,nan,-3.1893059108432626,0.4936060821991749,0.03
132.501,tv,0.886,-1.6532254917166256,-1.3267146308847177,0.8866594059545765,-3.054267560137779,1.1207910910552008,nan,nan,nan,nan,-1.6430854584130798,-1.3381216243851026,0.057
132.702,tv,0.895,-1.657901447636636,-1.3273176174059422,0.8902901956830456,-3.035761118082994,1.072417639367906,nan,nan,nan,nan,-1.655157175746474,-1.3364195566130372,0.033
132.702,chair,0.303,-3.222779686904925,0.1768277122394073,0.3017980184896584,-3.035761118082994,1.072417639367906,nan,nan,nan,nan,-3.219607518014467,0.16817082053513951,0.033
132.9,tv,0.916,-1.6560321403915492,-1.3271358873127066,0.8844173866702929,-3.017381409446843,1.0257489338621029,nan,nan,nan,nan,-1.6590806094762114,-1.346711313484528,0.06
133.302,tv,0.901,-1.6568274779490029,-1.3307837633700823,0.890888587565642,-2.982594305419237,0.9368681647647976,nan,nan,nan,nan,-1.663858010375258,-1.3506850441716678,0.06
133.302,potted plant,0.756,-3.5265559128720088,-1.530376519531693,0.6692576699307864,-2.982594305419237,0.9368681647647976,nan,nan,nan,nan,-3.534616513913245,-1.5403803527908622,0.06
133.5,tv,0.918,-1.6595313623553904,-1.3314349470317774,0.8834712309874797,-2.9676288576290273,0.8975198455755817,nan,nan,nan,nan,-1.6633040452222798,-1.346368608739828,0.057
133.5,potted plant,0.733,-3.5289378137613747,-1.5302530158416292,0.6628659722338729,-2.9676288576290273,0.8975198455755817,nan,nan,nan,nan,-3.5333759595488674,-1.5388267607897823,0.057
133.902,tv,0.905,-1.6657314089960398,-1.3358035159726311,0.8828122685971727,-2.9407727705099527,0.8229195059617322,nan,nan,nan,nan,-1.6745663034343254,-1.3505913142518908,0.045
133.902,potted plant,0.806,-3.479322357185532,-1.175201985371414,0.3987427651520397,-2.9407727705099527,0.8229195059617322,nan,nan,nan,nan,-3.4872757646834818,-1.180328611101404,0.045
134.1,tv,0.935,-1.6668840411276302,-1.337117579496213,0.8803574820567056,-2.928796249632535,0.7858971668518371,nan,nan,nan,nan,-1.6706403122309887,-1.3521970763420446,0.054
134.1,potted plant,0.884,-3.4836215510436883,-1.1641423658193446,0.3970737269907193,-2.928796249632535,0.7858971668518371,nan,nan,nan,nan,-3.486783384959165,-1.1730883276332977,0.054
134.301,tv,0.868,-1.6508709853790606,-1.3360653532268203,0.8855459518147398,-2.9167757380323387,0.7458585729005506,nan,nan,nan,nan,-1.6566791504571272,-1.3465869851436725,0.03
134.301,potted plant,0.843,-3.4870708966518817,-1.1582490200834727,0.41017517671599324,-2.9167757380323387,0.7458585729005506,nan,nan,nan,nan,-3.492227628017575,-1.1621674931793373,0.03
134.502,tv,0.904,-1.6544569658345603,-1.336143573070418,0.8793631272909657,-2.906051527476986,0.7051061276884744,nan,nan,nan,nan,-1.656653350818633,-1.3557882720023513,0.072
134.502,potted plant,0.832,-3.4902093232377283,-1.150991983951719,0.41179922379486056,-2.906051527476986,0.7051061276884744,nan,nan,nan,nan,-3.4918549177256093,-1.1652547120013608,0.072
134.7,tv,0.884,-1.6546010671423432,-1.3361477144520872,0.8810439799380558,-2.8961455842974404,0.662259249170163,nan,nan,nan,nan,-1.6410856659688955,-1.3444116734466278,0.066
134.7,potted plant,0.804,-3.4861253021630354,-1.155580263863095,0.39882762865619903,-2.8961455842974404,0.662259249170163,nan,nan,nan,nan,-3.473508306066199,-1.1732015810479222,0.066
134.901,tv,0.882,-1.6509857189698791,-1.3315444875129,0.8819886740771328,-2.8865141124656626,0.6190132685037906,nan,nan,nan,nan,-1.6433223525379228,-1.3418023322483974,0.06
134.901,potted plant,0.814,-3.52495783559085,-1.3942720186382203,0.42025184586222686,-2.8865141124656626,0.6190132685037906,nan,nan,nan,nan,-3.5171380313128733,-1.4090410042395296,0.06
135.102,tv,0.912,-1.6523742550264438,-1.330569758010212,0.8839760306910084,-2.8764449239428087,0.5736724866296092,nan,nan,nan,nan,-1.6395990860735148,-1.3377487828665449,0.051
135.102,potted plant,0.706,-3.5365929633841198,-1.5331788011736922,0.43967943995615644,-2.8764449239428087,0.5736724866296092,nan,nan,nan,nan,-3.522759394159771,-1.5499699395526023,0.051
135.3,tv,0.836,-1.6522329674554859,-1.3288533694443267,0.8948529974754287,-2.865169264798155,0.5243225744062963,nan,nan,nan,nan,-1.640122748299003,-1.3307452432728457,0.03
135.3,potted plant,0.596,-3.4860852555002424,-1.5365805829499608,0.4510733531106043,-2.865169264798155,0.5243225744062963,nan,nan,nan,nan,-3.47292830232907,-1.5475138081395001,0.03
135.501,tv,0.857,-1.656882881854238,-1.3256285614553873,0.9009751552687519,-2.851055546263453,0.47335106855439085,nan,nan,nan,nan,-1.6418258606928837,-1.327136885389272,0.039
135.501,potted plant,0.435,-3.4269629689294554,-1.539960691823237,0.6011625864023811,-2.851055546263453,0.47335106855439085,nan,nan,nan,nan,-3.4103851698830607,-1.5536755060370402,0.039
135.702,tv,0.913,-1.6565299853919184,-1.3234565566263123,0.901829640048353,-2.836679842914969,0.4230561952483297,nan,nan,nan,nan,-1.625632016092858,-1.3212096701968252,0.063
135.9,tv,0.929,-1.6561161312949257,-1.3202124830289828,0.89985377085033,-2.8211270968970474,0.3742869396137486,nan,nan,nan,nan,-1.6471194547553432,-1.3263789967886437,0.042
136.101,tv,0.905,-1.6773052580479282,-1.3249520499715735,0.8926284867820479,-2.804155441098892,0.32667706622677,nan,nan,nan,nan,-1.6553498289507076,-1.3218295989410807,0.036
136.302,tv,0.89,-1.6754347441839457,-1.3221222954523426,0.8785135073080206,-2.7861372564751528,0.2831664100015814,nan,nan,nan,nan,-1.650090710990531,-1.317464879874495,0.045
136.5,tv,0.879,-1.6789629366640852,-1.3208443301129646,0.8645383159249702,-2.7674291925048995,0.24388232816352562,nan,nan,nan,nan,-1.6600513830725576,-1.3221129482292144,0.057
136.902,potted plant,0.85,1.0284997980196846,-1.1837170654952454,0.39796749935219744,-2.728416105275097,0.17452010974310828,nan,nan,nan,nan,1.0649400870445644,-1.1094003884722434,0.078
136.902,tv,0.736,-1.7073472131612322,-1.3232332048839877,0.8365970415117717,-2.728416105275097,0.17452010974310828,nan,nan,nan,nan,-1.6670688912137581,-1.3105236453407776,0.078
137.1,tv,0.856,-1.7258005291852072,-1.3197147520286894,0.8183253606320112,-2.7112853722334456,0.1483604219442486,nan,nan,nan,nan,-1.7224618261476534,-1.3241356973304497,0.039
137.1,potted plant,0.753,1.0715352072169453,-1.137509634486181,0.40770489546958116,-2.7112853722334456,0.1483604219442486,nan,nan,nan,nan,1.0748339605692636,-1.141318278502182,0.039
137.301,tv,0.775,-1.745048340705422,-1.326274647545361,0.8022017971318003,-2.694317434352616,0.12440965215097655,nan,nan,nan,nan,-1.7209108628339145,-1.3183688807557146,0.045
137.301,potted plant,0.601,1.0767964228059776,-1.153886921889127,0.4109034723731428,-2.694317434352616,0.12440965215097655,nan,nan,nan,nan,1.0982722400813256,-1.1068694019127816,0.045
137.502,tv,0.921,-1.7399856572682761,-1.3221197195257337,0.7875345004147173,-2.6765723943959188,0.10210520839752471,nan,nan,nan,nan,-1.7134263272413577,-1.3130172784711869,0.054
137.502,potted plant,0.668,1.0543572819929752,-1.152352235378439,0.3860495305430857,-2.6765723943959188,0.10210520839752471,nan,nan,nan,nan,1.0779652743840837,-1.1001643075079774,0.054
137.7,tv,0.652,-1.7401904785408737,-1.319894511017432,0.7692771613683688,-2.6591379980037937,0.08246136047083696,nan,nan,nan,nan,-1.7223254988157473,-1.313776534772712,0.033
137.7,potted plant,0.582,1.055102188788171,-1.1408539999280576,0.3944389086049197,-2.6591379980037937,0.08246136047083696,nan,nan,nan,nan,1.0709540127027428,-1.1056751864692973,0.033
138.102,potted plant,0.685,1.0258206697626546,-1.1548935564280294,0.38415914431845305,-2.6218740149995656,0.046040622261118075,nan,nan,nan,nan,1.0493990430134772,-1.1023853932855265,0.051
138.3,potted plant,0.642,1.0338164905506155,-1.1359260257247652,0.38773390306412076,-2.602053181117546,0.029752185313621338,nan,nan,nan,nan,1.0559408999624917,-1.0862965691781743,0.048
138.501,potted plant,0.676,1.0203585616727846,-1.165165726463087,0.38408812951142735,-2.5802095814468027,0.013867685008527975,nan,nan,nan,nan,1.0453943215701227,-1.1113532776463115,0.054
138.702,potted plant,0.657,1.023560944781155,-1.155484888912371,0.40374440104400755,-2.556232518979881,-0.001504104402970441,nan,nan,nan,nan,1.039936269105872,-1.1208856970353704,0.033
138.9,potted plant,0.735,1.026602338586136,-1.1464864659878466,0.3911949958924278,-2.529829295802972,-0.016120930609336837,nan,nan,nan,nan,1.0463524487140285,-1.1052404996339653,0.042
139.302,potted plant,0.765,1.0145069256576669,-1.178051171745147,0.3855177076881901,-2.4680950133419923,-0.04311554639289637,nan,nan,nan,nan,1.04465278578251,-1.11883947128621,0.063
139.302,tv,0.307,-1.22846547460585,-1.3264962606585506,0.7673517120796227,-2.4680950133419923,-0.04311554639289637,nan,nan,nan,nan,-1.195279360193983,-1.307691567349598,0.063
139.5,tv,0.836,-1.139206682070892,-1.3226960911810153,0.7725747373458869,-2.4338062026038703,-0.0546997161324162,nan,nan,nan,nan,-1.1077225209821686,-1.3043452541460503,0.057
139.5,potted plant,0.82,1.019907489662311,-1.161764614245317,0.3977143397495385,-2.4338062026038703,-0.0546997161324162,nan,nan,nan,nan,1.0484490490363803,-1.1078837884801114,0.057
139.5,tv,0.326,-0.8465908213191742,0.6022160179127725,0.3412407987527869,-2.4338062026038703,-0.0546997161324162,nan,nan,nan,nan,-0.8468417844915959,0.6251240799008784,0.057
139.701,potted plant,0.779,1.0321573893242606,-1.155456435484028,0.40246582549196896,-2.3891377653866286,-0.06573991507022026,nan,nan,nan,nan,1.0554015009452136,-1.1253644511012661,0.048
139.701,tv,0.738,-1.0449363499643287,-1.3205353702526617,0.7778177947650677,-2.3891377653866286,-0.06573991507022026,nan,nan,nan,nan,-1.0200283746850325,-1.3101894706132962,0.048
139.701,couch,0.42,-0.9029570824731186,0.6117491098490003,0.3320004134089406,-2.3891377653866286,-0.06573991507022026,nan,nan,nan,nan,-0.8964319148362276,0.623357875471597,0.048
139.902,potted plant,0.769,1.0322383192256837,-1.1793833164592056,0.39927312910622104,-2.3375520339990676,-0.0754073156262709,nan,nan,nan,nan,1.0522175910525704,-1.154593384336635,0.042
139.902,couch,0.566,-0.940231005441436,0.5908395576433021,0.3271107506614759,-2.3375520339990676,-0.0754073156262709,nan,nan,nan,nan,-0.9341769946236954,0.5999894181393617,0.042
139.902,chair,0.455,-0.9402202772859976,0.5907024632002686,0.32418583421016495,-2.3375520339990676,-0.0754073156262709,nan,nan,nan,nan,-0.9341651835966921,0.5998524127406692,0.042
140.1,potted plant,0.79,1.0272724448657762,-1.1928739636679233,0.3995773654019328,-2.2865359760905926,-0.08302680511180083,nan,nan,nan,nan,1.0496522473604029,-1.1682505427556358,0.054
140.1,couch,0.647,-0.963489149695921,0.5905416329730581,0.3212822201382718,-2.2865359760905926,-0.08302680511180083,nan,nan,nan,nan,-0.9551862146112216,0.5993256672345849,0.054
140.1,chair,0.316,-0.9634687621479463,0.5904578770145844,0.3200542500173665,-2.2865359760905926,-0.08302680511180083,nan,nan,nan,nan,-0.9551651636624973,0.5992420755468997,0.054
140.301,potted plant,0.775,1.029612320706847,-1.1777392745014679,0.39578829305688734,-2.23420318454026,-0.08878099471430789,nan,nan,nan,nan,1.0465822115729249,-1.160792564170322,0.045
140.301,couch,0.705,-0.9763168733551719,0.5899189492943049,0.3180643012393708,-2.23420318454026,-0.08878099471430789,nan,nan,nan,nan,-0.9690302645822452,0.5958160643268596,0.045
140.502,potted plant,0.761,1.0238846304975229,-1.2009359954150458,0.3951067979760879,-2.1827288671763947,-0.09304809277342718,nan,nan,nan,nan,1.0445694625298352,-1.1823753683239688,0.054
140.502,couch,0.614,-0.9622341872966018,0.5912613829422998,0.3183921270519544,-2.1827288671763947,-0.09304809277342718,nan,nan,nan,nan,-0.952401179896119,0.5977222848051348,0.054
140.502,chair,0.301,-0.9622427081138107,0.5910289558890777,0.31812273195748797,-2.1827288671763947,-0.09304809277342718,nan,nan,nan,nan,-0.9524082884474243,0.5974898102734248,0.054
140.7,potted plant,0.801,1.0337709954758254,-1.180334665845408,0.40446852283506657,-2.1305403426258853,-0.09599296676685709,nan,nan,nan,nan,1.0568082402055712,-1.1613993734758714,0.066
140.7,couch,0.496,-0.9472877892731022,0.5956655960549201,0.32005917714297905,-2.1305403426258853,-0.09599296676685709,nan,nan,nan,nan,-0.9352354132776276,0.6022709249411087,0.066
140.901,potted plant,0.827,1.0318090135439881,-1.1832154602862284,0.4031620591116748,-2.0786161389201623,-0.09783477064264956,nan,nan,nan,nan,1.0517533499462282,-1.1696709360414081,0.06
140.901,couch,0.542,-0.9271949426213646,0.6013735229708409,0.32321842934063744,-2.0786161389201623,-0.09783477064264956,nan,nan,nan,nan,-0.9151973689636207,0.6061554093015245,0.06
141.102,potted plant,0.829,1.0304240823095534,-1.1897682532159903,0.39907198623642587,-2.0262453592744465,-0.0988915861042664,nan,nan,nan,nan,1.0474032933302446,-1.179984969277866,0.051
141.102,couch,0.489,-0.8903467489292236,0.6091572283669264,0.32638475690120994,-2.0262453592744465,-0.0988915861042664,nan,nan,nan,nan,-0.8791945444305994,0.6126985627381096,0.051
141.102,chair,0.313,-0.8903468748058825,0.6092121627164115,0.32597650996386507,-2.0262453592744465,-0.0988915861042664,nan,nan,nan,nan,-0.8791948485564935,0.612753496389961,0.051
141.3,potted plant,0.801,1.0276985513351504,-1.185738842983369,0.3917170567463729,-1.975347421704837,-0.09911814861643753,nan,nan,nan,nan,1.0473396313063932,-1.17663224433373,0.063
141.3,couch,0.427,-0.8863481892026859,0.6014303487687984,0.3312914189341697,-1.975347421704837,-0.09911814861643753,nan,nan,nan,nan,-0.8720828549651644,0.6047621432477297,0.063
141.3,tv,0.346,-0.8863510597802446,0.6016534956429103,0.33150120360505125,-1.975347421704837,-0.09911814861643753,nan,nan,nan,nan,-0.8720863978327701,0.604985280460517,0.063
141.501,potted plant,0.846,1.0314476967513775,-1.1960481218591896,0.40079980068970456,-1.9230869199307086,-0.09871157030084832,nan,nan,nan,nan,1.048488136344924,-1.1898397009005572,0.054
141.501,tv,0.609,-0.8692610609583746,0.5980770243892404,0.335521147351882,-1.9230869199307086,-0.09871157030084832,nan,nan,nan,nan,-0.8558586345054802,0.6004234636613281,0.054
141.501,couch,0.336,-0.8717890693740191,0.5965483496764631,0.33540758171545665,-1.9230869199307086,-0.09871157030084832,nan,nan,nan,nan,-0.8583835346264919,0.5988896604451464,0.054
141.702,potted plant,0.843,1.0275096158576718,-1.1996178002312035,0.40140305819591043,-1.8708315225786545,-0.09798580160264114,nan,nan,nan,nan,1.045352826553668,-1.1954346918297005,0.063
141.702,tv,0.597,-0.8463799894414616,0.5914373562911007,0.3395133083065097,-1.8708315225786545,-0.09798580160264114,nan,nan,nan,nan,-0.830922925628131,0.5931206269479721,0.063
141.9,potted plant,0.84,1.0237764078625933,-1.2101284048273881,0.3976081220924421,-1.8193626310457698,-0.09689466619730047,nan,nan,nan,nan,1.0363915209181036,-1.2075029733960432,0.042
142.101,potted plant,0.851,1.027192456627934,-1.2067230492133523,0.39854989476487684,-1.7671206515224083,-0.09551775993397171,nan,nan,nan,nan,1.050371751110223,-1.2027392154115637,0.084
142.302,potted plant,0.868,1.0301642089029373,-1.2026483618315251,0.3937577986236379,-1.7142139932005747,-0.09399218341137494,nan,nan,nan,nan,1.0427560204587052,-1.2022341705250534,0.051
142.5,potted plant,0.826,1.0271038719038845,-1.210548346206623,0.3967386327520851,-1.6630385074394325,-0.09236236965401157,nan,nan,nan,nan,1.0421623361270471,-1.2104113805242243,0.06
142.701,potted plant,0.819,1.0287481371410703,-1.2038178308832563,0.39711320944316775,-1.6111949299665524,-0.09070612937845846,nan,nan,nan,nan,1.040996975998451,-1.2039602403223468,0.048
142.902,potted plant,0.802,1.0268857000340765,-1.2046044651274765,0.39998060147576453,-1.5586488123136912,-0.08905459155268192,nan,nan,nan,nan,1.0407820417443645,-1.205554178129752,0.057
143.1,potted plant,0.827,1.0276177073886128,-1.2158285050172792,0.3999982578752592,-1.5075045191848981,-0.08749233498299469,nan,nan,nan,nan,1.040923782519947,-1.2170492950017684,0.054
143.301,potted plant,0.861,1.0300286713968445,-1.218700869627547,0.4026918601496447,-1.4552657215862466,-0.08599685752053066,nan,nan,nan,nan,1.0491535483633916,-1.2206685874192305,0.078
143.502,potted plant,0.826,1.0291986988507764,-1.2156212192236904,0.40047502712223837,-1.4030235000656908,-0.08462500403775486,nan,nan,nan,nan,1.0394541655415395,-1.2167718704220356,0.039
143.901,potted plant,0.867,1.0290932279124045,-1.2146262989227012,0.3952835516851336,-1.299308896375945,-0.08230937468743071,nan,nan,nan,nan,1.039263199670932,-1.2159526681483164,0.042
144.102,potted plant,0.874,1.0281053111171605,-1.2216174311417751,0.39726398478611685,-1.247056744430501,-0.08139241848333789,nan,nan,nan,nan,1.0420729426453814,-1.2215690525983245,0.051
144.6,potted plant,0.905,1.029249395706576,-1.2142960828514509,0.3968061643394245,-1.117585625655932,-0.07981464644068148,nan,nan,nan,nan,1.0394346839891573,-1.2125887196297307,0.036
144.6,chair,0.317,2.4989904387758535,0.5805127867953258,0.3859297154421474,-1.117585625655932,-0.07981464644068148,nan,nan,nan,nan,2.507867232531025,0.5832908594701445,0.036
144.801,potted plant,0.847,1.028935671861963,-1.1871605455425165,0.3979504369804715,-1.0653323705817161,-0.07893939362362612,nan,nan,nan,nan,1.0423503798621165,-1.1851366978036832,0.045
144.801,chair,0.448,2.4996422329088137,0.6058612669126092,0.3769253343352048,-1.0653323705817161,-0.07893939362362612,nan,nan,nan,nan,2.5115389904814656,0.6091291228239356,0.045
145.302,potted plant,0.859,1.037461334573918,-1.1423167994978283,0.4031133118188954,-0.9351113970600542,-0.07575209390521215,nan,nan,nan,nan,1.0542208948524134,-1.141231192716504,0.063
145.302,chair,0.349,2.4978724192845134,0.5625245316182632,0.3731922672722607,-0.9351113970600542,-0.07575209390521215,nan,nan,nan,nan,2.5140181233945547,0.564135791884743,0.063
146.001,potted plant,0.825,1.0998566903729314,-1.1124997267268917,0.4127677085768868,-0.7531229550067202,-0.0709519788280717,nan,nan,nan,nan,1.1102199863951427,-1.1126551082190983,0.039
146.001,chair,0.304,2.5030957655409316,0.565164311255525,0.38669601921605246,-0.7531229550067202,-0.0709519788280717,nan,nan,nan,nan,2.513847431436548,0.5646840113224286,0.039
146.202,potted plant,0.855,1.2212852427971248,-1.1520318419005395,0.42547079626373446,-0.7011809166110416,-0.07001920133134171,nan,nan,nan,nan,1.244218688508331,-1.1414427010830395,0.066
146.202,chair,0.355,2.5041082739375615,0.5644275344080321,0.3898628717013889,-0.7011809166110416,-0.07001920133134171,nan,nan,nan,nan,2.517822104991969,0.5818686629087242,0.066
146.4,potted plant,0.767,1.440721958491264,-1.2323458083873495,0.43124709431935937,-0.6489228566692695,-0.06893912885753023,nan,nan,nan,nan,1.4556568419071163,-1.2247565399109588,0.042
146.4,chair,0.544,2.5028873807739696,0.5523511594316817,0.38201765123401066,-0.6489228566692695,-0.06893912885753023,nan,nan,nan,nan,2.511632489953519,0.5636097765825105,0.042
146.601,potted plant,0.702,1.4411821676420415,-1.209756924723563,0.4180013811823543,-0.5972423309477208,-0.06646293413712817,nan,nan,nan,nan,1.4519590088995218,-1.212849650964387,0.051
146.601,chair,0.504,2.506062709391539,0.5563311599727956,0.38649162844479046,-0.5972423309477208,-0.06646293413712817,nan,nan,nan,nan,2.5202270190612834,0.5511914907236931,0.051
146.601,chair,0.396,2.733457431522159,-0.24529720982569744,0.5386068798633147,-0.5972423309477208,-0.06646293413712817,nan,nan,nan,nan,2.746082858466165,-0.2508718127164828,0.051
146.802,potted plant,0.656,1.4405570876079414,-1.2007850574637196,0.41927160146342873,-0.5453372649980941,-0.06327605373783624,nan,nan,nan,nan,1.4500228878295847,-1.2040050903141428,0.045
146.802,chair,0.434,2.5047200978012434,0.5602300210976261,0.3815664653363715,-0.5453372649980941,-0.06327605373783624,nan,nan,nan,nan,2.5176104934166426,0.5549359898761471,0.045
147.0,potted plant,0.677,1.4398932236580282,-1.2057535507564352,0.422690170743592,-0.4939296074042723,-0.060443495654569135,nan,nan,nan,nan,1.4511110691345162,-1.2111332200851355,0.057
147.0,chair,0.385,2.7308621482441833,-0.24581302484138395,0.48768508156276597,-0.4939296074042723,-0.060443495654569135,nan,nan,nan,nan,2.745073625269623,-0.25523182304593195,0.057
147.201,potted plant,0.599,1.439190517908291,-1.204390465575911,0.4273580367289342,-0.4417083813084859,-0.05834118232584934,nan,nan,nan,nan,1.448173081276686,-1.2096452604563002,0.048
147.201,chair,0.409,2.7335626635330734,-0.2456221944344811,0.49852504421611255,-0.4417083813084859,-0.05834118232584934,nan,nan,nan,nan,2.745452127697437,-0.254813901087276,0.048
147.501,potted plant,0.549,1.438287483221648,-1.208460622884781,0.434152341443818,-0.3637311000575747,-0.056320869258517925,nan,nan,nan,nan,1.4513648274028417,-1.210987837098315,0.054
147.702,potted plant,0.415,1.4384174612983107,-1.1909856791357625,0.4795573357988584,-0.3114732502403732,-0.05580252065690877,nan,nan,nan,nan,1.4498332098348776,-1.19368553788835,0.048
147.702,chair,0.316,2.7395344761615883,-0.22154737842770045,0.4730699910767676,-0.3114732502403732,-0.05580252065690877,nan,nan,nan,nan,2.752521211194831,-0.22635928663737245,0.048
147.9,potted plant,0.559,1.4388125372830785,-1.1816215175806137,0.5557153785358131,-0.25973378238256073,-0.055455792613725186,nan,nan,nan,nan,1.4497729491981552,-1.1823308661130354,0.045
148.101,potted plant,0.354,1.4390787612909848,-1.1666567938916277,0.6190998083535482,-0.2075776796071609,-0.055430574637826746,nan,nan,nan,nan,1.4552439545137916,-1.1690254324823246,0.069
148.5,chair,0.356,2.7359277080651534,-0.1978784927598981,0.47344229075059896,-0.1038466072400035,-0.03988411517352286,nan,nan,nan,nan,2.7521718420293055,-0.18601211450160085,0.057
148.701,chair,0.338,2.7430635365254474,-0.20245204764235475,0.47198360023761016,-0.051580783527581,-0.04010352039912368,nan,nan,nan,nan,2.7609535557095173,-0.189308476652602,0.066
149.4,chair,0.819,2.7522850824559173,-0.20018861547252662,0.4662832834132584,0.13220743356984754,-0.03360072759235316,nan,nan,nan,nan,2.764878129713345,-0.19902331042307764,0.042
149.4,chair,0.355,2.7286017390894504,1.396349374083555,0.3863797610164386,0.13220743356984754,-0.03360072759235316,nan,nan,nan,nan,2.7409872489978593,1.3975115869930195,0.042
149.601,chair,0.55,2.756123643530318,-0.19668800915184523,0.4702602409421395,0.18595979214812797,-0.029027513301094487,nan,nan,nan,nan,2.7712607402907734,-0.17660548619839933,0.051
149.601,chair,0.423,2.7336801711323937,1.3894070233768607,0.3902413105572997,0.18595979214812797,-0.029027513301094487,nan,nan,nan,nan,2.737252637765472,1.40928373144202,0.051
149.802,chair,0.743,2.7575084668009824,-0.2048658229392258,0.462656484837042,0.23795539556902368,-0.02354337357233849,nan,nan,nan,nan,2.780315768469761,-0.17362583754255254,0.081
150.0,chair,0.777,2.7646057141485354,-0.19939396403096535,0.46948017069770875,0.28898214473249495,-0.01659660443944344,nan,nan,nan,nan,2.781967792457639,-0.19951130836793018,0.06
150.0,chair,0.322,2.7305833519741913,1.3817236868983527,0.39818116706839674,0.28898214473249495,-0.01659660443944344,nan,nan,nan,nan,2.749450170463052,1.381638005096167,0.06
150.201,chair,0.581,2.767107738807815,-0.20884047519091137,0.4721111151158669,0.34348440477046416,-0.008371280068140807,nan,nan,nan,nan,2.7843780778624887,-0.19211414313736228,0.066
150.402,chair,0.733,2.76477574715532,-0.20742066503363207,0.4695140565476872,0.3941676804050127,0.0006884133374859269,nan,nan,nan,nan,2.7766621991833644,-0.2005570995300584,0.042
150.6,chair,0.468,2.7749305905139257,-0.19418699267706646,0.46798009917757766,0.4451426844191553,0.010714660581739144,nan,nan,nan,nan,2.79368375761677,-0.1897211292120515,0.072
150.801,chair,0.59,2.7665342798517223,-0.2118041430277656,0.4649875890419547,0.49583766565806964,0.021307251935830163,nan,nan,nan,nan,2.7740728717838,-0.21098438271103362,0.03
151.002,chair,0.763,2.7692273477507987,-0.217842484925594,0.46699787257989045,0.5473398892075603,0.032241191944694325,nan,nan,nan,nan,2.787349264243899,-0.2123074175837058,0.072
151.2,chair,0.649,2.7659398988855877,-0.21733040856054497,0.4661269819450776,0.5973111413355314,0.04287549675616853,nan,nan,nan,nan,2.7802975700977703,-0.20932107061515623,0.054
151.5,chair,0.481,2.768304289676177,-0.21265154467423159,0.46830164450948897,0.6740114990248613,0.05909689554869335,nan,nan,nan,nan,2.783626940134407,-0.19999894861446527,0.057
151.902,chair,0.592,3.0530044152026266,-0.262790948363742,0.4997116281777326,0.7718219484892088,0.08266662237911548,nan,nan,nan,nan,3.0648741855773127,-0.2516576950070514,0.042
152.1,chair,0.766,3.1130877404963258,-0.27124126538961724,0.5032554579691814,0.8216386656195074,0.09566273133742281,nan,nan,nan,nan,3.123480481541158,-0.26476872258848,0.036
152.301,chair,0.646,3.908185216821022,-0.41843459833855373,0.5925501455253529,0.872009740735902,0.10959212443336191,nan,nan,nan,nan,3.9197755186511873,-0.41325833272670165,0.045
152.502,chair,0.75,3.9520290342958986,-0.4549810642227571,0.5976419175410597,0.9244101209325133,0.12373019668392982,nan,nan,nan,nan,3.9679065862618534,-0.4425203834900357,0.057
152.7,chair,0.538,3.955163692319894,-0.43136234138906115,0.5954960615563051,0.9747098865995869,0.13792593023308208,nan,nan,nan,nan,3.963796659105595,-0.4232233325512684,0.033
153.102,chair,0.47,3.885709266418216,-0.3745758878557107,0.5982521158091465,1.0739359933873738,0.16819527434856252,nan,nan,nan,nan,3.8983911345590982,-0.3703198556216056,0.051
153.702,chair,0.405,3.0915704577996617,-0.21870348025108066,0.4901886002559561,1.2225322605896474,0.2158059769359027,nan,nan,nan,nan,3.1000470275503216,-0.2298910798653434,0.048
153.9,chair,0.419,5.116203110350224,-0.9855742621299155,0.7098804204150289,1.272577345647956,0.23005968266115476,nan,nan,nan,nan,5.116799634418925,-1.0123660603976092,0.042
154.101,chair,0.442,5.116339511801503,-1.0743935166717815,0.6914007322753692,1.322553586350518,0.24283872406184692,nan,nan,nan,nan,5.110937934827141,-1.1226503131315735,0.051
154.302,chair,0.629,5.118675770299696,-1.145700786969782,0.6642860994915152,1.3732677232124164,0.25429404218773644,nan,nan,nan,nan,5.113172720911013,-1.1760800117613481,0.03
154.602,chair,0.639,5.13776714233078,-1.265922687342209,0.6176118648973667,1.4389174276242465,0.2656141368194833,nan,nan,nan,nan,5.123301721598518,-1.332481686227371,0.066
154.902,chair,0.719,5.065942121477153,-1.25507337209855,0.6032823382005216,1.5052590394252223,0.2717827683792568,nan,nan,nan,nan,5.048930196550112,-1.3146411004301655,0.06
155.1,chair,0.567,5.0287742784670515,-1.2683039080075185,0.5999667855579789,1.5350581005821093,0.2735756335129439,nan,nan,nan,nan,5.006744303939649,-1.337312250519667,0.069
155.301,chair,0.414,4.983962580870752,-1.286585563733427,0.6050629636574759,1.5616108690059063,0.27409593585271863,nan,nan,nan,nan,4.962127659171182,-1.3510757473930293,0.063
155.502,chair,0.487,4.986647057732543,-1.2772204838916204,0.6067639238884932,1.5824598987500513,0.27321646970679536,nan,nan,nan,nan,4.972902075474748,-1.3187563599809276,0.042
155.7,chair,0.658,5.082853780307872,-1.050369637815209,0.868690066321861,1.6071569456134718,0.2710890805676412,nan,nan,nan,nan,5.06923173739389,-1.1021803927335596,0.051
155.901,chair,0.594,3.865989051535379,-0.5928694249787072,0.644746293824156,1.6315399895055118,0.2676524267801985,nan,nan,nan,nan,3.8601356625766647,-0.6219907226075425,0.042
156.102,chair,0.578,3.8535408127956052,-0.6097908240743819,0.6338478313834476,1.655202824607204,0.26293182095755346,nan,nan,nan,nan,3.846459718564732,-0.6435150459291221,0.051
156.3,chair,0.433,3.1354062378592307,-0.2798141011361266,0.4642807970074334,1.6784439929584087,0.2572179864939047,nan,nan,nan,nan,3.1331863880279593,-0.30166934508492677,0.051
156.501,chair,0.416,3.1310279217848924,-0.27313368720023296,0.4723719370158011,1.7009075018020439,0.2504917220639697,nan,nan,nan,nan,3.1286723171939177,-0.2981205761831429,0.057
157.002,chair,0.532,3.2061078702699897,-0.22644891867198674,0.45857875787943003,1.7566247065000467,0.22718160622528827,nan,nan,nan,nan,3.2050077587621377,-0.2521296471790443,0.054
157.2,chair,0.406,3.076042699666374,-0.22721566519551406,0.43476703913590053,1.7786218391665054,0.21548586573931383,nan,nan,nan,nan,3.0753640006544987,-0.24299994484889645,0.033
157.401,chair,0.686,3.1526452837117858,-0.2766173517954956,0.42955361535653414,1.801027855269072,0.2016837922371075,nan,nan,nan,nan,3.151456324085166,-0.2961427295414242,0.042
157.602,chair,0.764,3.189035752429184,-0.3527668156142442,0.42200435568957184,1.823711187764249,0.18559551821130532,nan,nan,nan,nan,3.187343398744878,-0.3712385402934686,0.036
158.4,chair,0.368,4.143216344421378,-1.110261691347923,0.2866724579048908,1.9135659461020311,0.09291846192151745,nan,nan,nan,nan,4.1467955089699995,-1.1196156739190433,0.042
159.0,refrigerator,0.699,2.706254748076827,-0.4693956795721883,0.23033284095249082,1.990748035038317,-0.026999542651609594,nan,nan,nan,nan,2.7105634613596004,-0.4876796601588751,0.06
164.001,refrigerator,0.398,5.153455276444483,-1.3180240173746096,0.69216762703313,2.251774319725755,-0.7983537508818496,nan,nan,nan,nan,5.162054187484127,-1.2901561912688564,0.039
164.601,refrigerator,0.478,5.156818239279543,-1.0631676203606908,0.7927809783471834,2.3057442433848676,-0.8551323423849984,nan,nan,nan,nan,5.1658864458311005,-1.0213667710170498,0.054
164.802,refrigerator,0.787,5.153519201057962,-1.0581019470869313,0.8060763846114011,2.326872820581503,-0.8729599587876349,nan,nan,nan,nan,5.1609272826977906,-1.0229359511369729,0.048
165.0,refrigerator,0.754,5.153203885930141,-1.0481259113151278,0.8215472738627575,2.3492081262606717,-0.8897086298492922,nan,nan,nan,nan,5.159701022344616,-1.0186525881935546,0.042
166.401,refrigerator,0.343,5.154571292960698,-1.0631397183687668,0.8352366069361054,2.3877166269408843,-0.9143386076583149,nan,nan,nan,nan,5.161828912804015,-1.0327328070584811,0.042
166.8,refrigerator,0.357,5.154870758449774,-1.0476015286540996,0.833070276094164,2.4489186773619007,-0.943743283025642,nan,nan,nan,nan,5.1639762195958125,-1.0152159829642227,0.048
167.001,refrigerator,0.475,5.154266549914473,-1.0720263333810978,0.8302066528034827,2.4855094728723577,-0.9572542413102316,nan,nan,nan,nan,5.167126840955614,-1.0329189815372137,0.057
167.202,refrigerator,0.571,5.154155424243495,-1.0717713781473315,0.8300927007983026,2.529852706674249,-0.9702787720755315,nan,nan,nan,nan,5.163242090335848,-1.0525786000877813,0.033
167.4,refrigerator,0.394,5.153247269832484,-1.0643564398487984,0.6078816477353983,2.5802125428987956,-0.9812713385787002,nan,nan,nan,nan,5.169458959353319,-1.0342495554356996,0.06
168.0,refrigerator,0.749,5.153837060922222,-1.0777031251118383,0.6007197466486489,2.73566981034351,-1.0015047089661926,nan,nan,nan,nan,5.163973232190103,-1.077274134372159,0.042
168.702,bed,0.304,4.276302167024613,-0.33661330107737364,0.34616553465923505,2.917150844784179,-1.0117681175597204,nan,nan,nan,nan,4.2836908028240535,-0.31920667842952033,0.063
168.9,chair,0.687,5.120886869952502,0.2861152142696546,0.5621090505193398,2.968687232301864,-1.0124150510525045,nan,nan,nan,nan,5.120222997920538,0.3053105730979887,0.042
169.101,chair,0.575,5.124880483464618,0.1732300753823206,0.5613490908845936,3.020953163135263,-1.010497028879142,nan,nan,nan,nan,5.128551330030506,0.19093160966186656,0.051
169.302,chair,0.474,5.12256330828273,0.17154854181130186,0.5515448135441989,3.073103098897928,-1.0068074572534051,nan,nan,nan,nan,5.130817992567361,0.18563869906664768,0.06
169.302,refrigerator,0.337,5.153162550562333,-1.0931746294014535,0.6286929826860048,3.073103098897928,-1.0068074572534051,nan,nan,nan,nan,5.169182855721719,-1.0788727286024271,0.06
169.5,chair,0.545,5.114518167428133,0.17910027338049717,0.5301472519896816,3.1246756316576993,-1.0011900931544697,nan,nan,nan,nan,5.127137098303801,0.1851869412231834,0.057
170.1,bed,0.37,5.133183438895687,0.08460437910025609,0.20996060777586772,3.2788878832323447,-0.9803316575195057,nan,nan,nan,nan,5.156805815958757,0.07809318988402691,0.069
176.4,refrigerator,0.312,5.150914848787882,-0.011065710632463976,0.36208866173816734,4.583435883464455,-0.7926785585264807,nan,nan,nan,nan,5.144832020661805,0.0006023202782147324,0.042
178.602,chair,0.326,4.526133456316426,0.22142691840449402,0.2799756648235311,4.73213919175271,-0.42956344840890137,nan,nan,nan,nan,4.527481997167404,0.23793925504741908,0.066
178.8,chair,0.337,4.518173157826507,0.31238505430241925,0.26953484446615006,4.739327215119216,-0.37806925386048407,nan,nan,nan,nan,4.519328151588684,0.32396314019966266,0.048
187.401,tv,0.356,4.640786003985301,3.732367469349317,0.23138144789327728,5.2324434043059735,2.7728757603471244,nan,nan,nan,nan,4.5827259749577465,3.6911893206642072,0.06
187.602,chair,0.392,3.903697126437922,4.460046908526849,0.2809323452377292,5.244529183792057,2.7734973507592295,nan,nan,nan,nan,3.8497701633669372,4.414390051411532,0.036
194.202,refrigerator,0.67,5.316312466573364,1.4694882992316747,0.46490395292182773,5.078682724150955,2.897225370294687,nan,nan,nan,nan,5.326232366329514,1.46790771227928,0.033
195.201,refrigerator,0.414,5.104360858164771,1.5106794409643172,0.4722626905183833,5.0321105850060235,2.8505072126258253,nan,nan,nan,nan,5.111608267330554,1.5069116665586089,0.036
195.402,refrigerator,0.471,5.005927676244692,1.5367659935989684,0.46959996557472156,5.026439715212227,2.857161931280735,nan,nan,nan,nan,5.017188922997139,1.53178769606086,0.042
195.801,refrigerator,0.845,5.013270212989771,1.5322512787092017,0.46455640332903836,5.009791396361347,2.8124759569445907,nan,nan,nan,nan,5.022592120169254,1.5254515196290805,0.063
195.801,refrigerator,0.372,4.268385262775601,2.1280532393025595,0.2365116099815354,5.009791396361347,2.8124759569445907,nan,nan,nan,nan,4.272401098851913,2.11455846818537,0.063
196.002,refrigerator,0.846,5.016523490713346,1.5308699040079579,0.4599375241378548,5.003288962692858,2.790836284697402,nan,nan,nan,nan,5.024074138724487,1.5253620081742323,0.054
196.2,refrigerator,0.809,4.978746429620707,1.5448354041292363,0.4573545509019411,4.99592380631894,2.786719312170739,nan,nan,nan,nan,4.987463770733199,1.5391952248625984,0.054
196.401,refrigerator,0.591,4.982112975903229,1.5434802919927704,0.45375310592760654,4.990089843471033,2.7663958153032224,nan,nan,nan,nan,4.988056285658365,1.539324701729925,0.042
196.602,refrigerator,0.897,4.984765526905908,1.542369953111582,0.4505194645097438,4.985232960678681,2.7470021998595575,nan,nan,nan,nan,4.989384938654836,1.538732118455239,0.039
196.8,refrigerator,0.849,4.988042085937144,1.5413510966675847,0.4463219993653559,4.981872822209613,2.7284982625146816,nan,nan,nan,nan,4.98797893954109,1.538604181464145,0.03
197.001,refrigerator,0.825,4.963931085431786,1.5458812248753764,0.44172599161094117,4.975675637216497,2.7158213546397314,nan,nan,nan,nan,4.967531667803474,1.5414637028010012,0.054
197.4,refrigerator,0.817,4.9695403789876655,1.5442486970775826,0.4337496051524663,4.9691276198055006,2.6834910676306483,nan,nan,nan,nan,4.972217456266626,1.541010931709355,0.042
197.802,refrigerator,0.338,4.973703462968454,1.5429686536190192,0.42772564872579577,4.9637882415706525,2.6518010549937117,nan,nan,nan,nan,4.975904586517562,1.5403171419288226,0.03
198.0,refrigerator,0.601,4.977709279135204,1.54152839901401,0.42424754339653986,4.961438224959755,2.6357904010327706,nan,nan,nan,nan,4.980309274582365,1.5384134418420183,0.042
198.201,refrigerator,0.801,4.978963393923039,1.541683722985482,0.4208492610760439,4.959425939296593,2.6206468636354048,nan,nan,nan,nan,4.983082649233707,1.5367620537586815,0.069
198.402,refrigerator,0.711,4.980576939530898,1.5412737807170993,0.416705060260931,4.9577148908440485,2.60635844718042,nan,nan,nan,nan,4.98308792704239,1.538273941098084,0.042
198.6,refrigerator,0.768,4.98421888353284,1.5405761759553236,0.413580427574211,4.956299438281705,2.5932030276932907,nan,nan,nan,nan,4.986266259815297,1.5381386193076305,0.036
199.002,refrigerator,0.941,4.987827975685909,1.539921631229891,0.4078690840674024,4.954083398226934,2.5688723738944796,nan,nan,nan,nan,4.9902488783376295,1.5370520426449306,0.054
199.401,refrigerator,0.42,4.991477369543705,1.5399071380505867,0.4023621655542091,4.952583007226616,2.547781058202591,nan,nan,nan,nan,4.99161005333776,1.53800790651785,0.042
199.602,refrigerator,0.86,4.997136020458897,1.5434413638636801,0.40119911306780737,4.9495066618166454,2.548075310705846,nan,nan,nan,nan,4.981653365817466,1.5427587756699093,0.039
199.8,refrigerator,0.804,4.992100232977193,1.544235528334118,0.39805817021964196,4.956314268417615,2.54747855944433,nan,nan,nan,nan,4.968489388074967,1.5434212270300156,0.03
200.001,refrigerator,0.766,4.987215311778695,1.5456936436209108,0.3840820877681198,4.967354943932729,2.544773143924983,nan,nan,nan,nan,4.934855471510408,1.5449541430878548,0.057
200.202,refrigerator,0.912,4.927365116409401,1.5655608792983768,0.36225706007626285,4.9781171131652435,2.5397647222068107,nan,nan,nan,nan,4.883104377699798,1.5676002979691677,0.048
205.401,chair,0.332,5.057800432944413,3.3543562078826987,0.3522193099434747,4.9109005106979176,2.441631250025994,nan,nan,nan,nan,5.04180987561208,3.3562395662709528,0.09
209.7,bed,0.383,2.5296726426989755,1.7071349223705545,0.34973260223614155,4.830696218540096,2.436801113882082,nan,nan,nan,nan,2.5367043786064523,1.6694645537751418,0.051
210.702,refrigerator,0.381,4.797886585773869,1.1857002777606276,0.400315139289913,4.745476856636893,2.3568745570032,nan,nan,nan,nan,4.8107073363730795,1.1804663025416986,0.048
217.2,chair,0.448,3.1130553352920174,2.5834263377381452,0.41819609237435107,4.077476467793204,1.7368642792905327,nan,nan,nan,nan,3.188858087815771,2.6831418878962103,0.033
217.602,chair,0.744,3.185467193536022,2.6671908054070306,0.4180876754244287,3.966034848883768,1.7710211131196116,nan,nan,nan,nan,3.1798420248499304,2.674282196680488,0.036
217.8,chair,0.571,3.1824140695524923,2.664293797639012,0.40668868929617097,3.91835313306924,1.79050914804094,nan,nan,nan,nan,3.13813625553858,2.6096247216866497,0.048
220.101,chair,0.38,2.8564178358029357,2.69164634716763,0.2600426516048935,3.4252830020577334,2.0417895960512507,nan,nan,nan,nan,2.840507387076675,2.6933857760365294,0.051
220.902,couch,0.511,-0.058685725738317096,5.046509345650886,0.44692514477501555,3.227596589594835,2.0866497736957736,nan,nan,nan,nan,-0.04330748874576859,5.088416738724488,0.075
221.1,couch,0.572,-0.05285836747185568,5.052192401803778,0.4491331935478601,3.177970790310633,2.0992478417093086,nan,nan,nan,nan,-0.03875214124213307,5.086892854003248,0.057
221.301,couch,0.59,-0.044316285804758326,5.068879446265342,0.4457809604226513,3.127708771997692,2.113686489443476,nan,nan,nan,nan,-0.027849812936205337,5.107843887946458,0.063
222.102,couch,0.332,-0.10389477761399579,4.937206888872176,0.4426411661416985,2.9639987371837897,2.1600521890720694,nan,nan,nan,nan,-0.07262389341369868,4.99167556822395,0.066
226.701,couch,0.576,-0.09052238959851255,5.057201461285091,0.4472394533336726,2.6308123849366534,2.358167264424659,nan,nan,nan,nan,0.041069505556603436,5.185627989272639,0.051
230.601,couch,0.548,-0.2887611222934381,4.739211033804246,0.44600644679164486,2.669633177166409,2.412033185533808,nan,nan,nan,nan,-0.28876112229343753,4.739211033804246,0.072
231.102,couch,0.548,-0.2887611222934381,4.739211033804246,0.44600644679164486,2.669633177166409,2.412033185533808,nan,nan,nan,nan,-0.28876112229343753,4.739211033804246,0.054
231.3,couch,0.548,-0.2887611222934381,4.739211033804246,0.44600644679164486,2.669633177166409,2.412033185533808,nan,nan,nan,nan,-0.28876112229343753,4.739211033804246,0.063
231.501,couch,0.548,-0.2887611222934381,4.739211033804246,0.44600644679164486,2.669633177166409,2.412033185533808,nan,nan,nan,nan,-0.28876112229343753,4.739211033804246,0.057
231.801,couch,0.548,-0.2887611222934381,4.739211033804246,0.44600644679164486,2.669633177166409,2.4120331855338075,nan,nan,nan,nan,-0.28876112229343753,4.739211033804246,0.045
232.002,couch,0.548,-0.2887611222934381,4.739211033804246,0.44600644679164486,2.669633177166409,2.412033185533808,nan,nan,nan,nan,-0.28876112229343753,4.739211033804246,0.057
232.5,couch,0.548,-0.2887611222934381,4.739211033804246,0.44600644679164486,2.669633177166409,2.412033185533808,nan,nan,nan,nan,-0.28876112229343753,4.739211033804246,0.057
232.701,couch,0.548,-0.2887611222934381,4.739211033804246,0.44600644679164486,2.669633177166409,2.412033185533808,nan,nan,nan,nan,-0.288761122293438,4.739211033804245,0.048
232.902,couch,0.548,-0.2887611222934381,4.739211033804246,0.44600644679164486,2.669633177166409,2.412033185533808,nan,nan,nan,nan,-0.28876112229343753,4.739211033804246,0.045
233.301,couch,0.548,-0.2887611222934381,4.739211033804246,0.44600644679164486,2.669633177166409,2.412033185533808,nan,nan,nan,nan,-0.28876112229343753,4.739211033804246,0.045
233.502,couch,0.548,-0.2887611222934381,4.739211033804246,0.44600644679164486,2.669633177166409,2.412033185533808,nan,nan,nan,nan,-0.28876112229343753,4.739211033804246,0.054
233.7,couch,0.548,-0.2887611222934381,4.739211033804246,0.44600644679164486,2.669633177166409,2.412033185533808,nan,nan,nan,nan,-0.28876112229343753,4.739211033804246,0.054
233.901,couch,0.548,-0.2887611222934381,4.739211033804246,0.44600644679164486,2.669633177166409,2.412033185533808,nan,nan,nan,nan,-0.288761122293438,4.739211033804246,0.042
234.102,couch,0.548,-0.2887611222934381,4.739211033804246,0.44600644679164486,2.669633177166409,2.412033185533808,nan,nan,nan,nan,-0.28876112229343753,4.739211033804246,0.036
234.3,couch,0.548,-0.2887611222934381,4.739211033804246,0.44600644679164486,2.669633177166409,2.412033185533808,nan,nan,nan,nan,-0.28876112229343753,4.739211033804246,0.048
234.501,couch,0.548,-0.2887611222934381,4.739211033804246,0.44600644679164486,2.669633177166409,2.412033185533808,nan,nan,nan,nan,-0.28876112229343753,4.739211033804246,0.072
234.702,couch,0.548,-0.2887611222934381,4.739211033804246,0.44600644679164486,2.669633177166409,2.412033185533808,nan,nan,nan,nan,-0.28876112229343753,4.739211033804245,0.033
234.9,couch,0.548,-0.2887611222934381,4.739211033804246,0.44600644679164486,2.669633177166409,2.412033185533808,nan,nan,nan,nan,-0.28876112229343753,4.739211033804246,0.06
235.101,couch,0.548,-0.2887611222934381,4.739211033804246,0.44600644679164486,2.669633177166409,2.412033185533808,nan,nan,nan,nan,-0.2887611222934371,4.739211033804246,0.039
235.302,couch,0.548,-0.288761122293439,4.739211033804244,0.4460064467916435,2.669633177166409,2.412033185533808,nan,nan,nan,nan,-0.2772413942379076,4.755176049022668,0.048
235.5,couch,0.608,-0.28692725560795473,4.74126868599023,0.443862867806225,2.6515228261839514,2.41411746450971,nan,nan,nan,nan,-0.2802822102314138,4.762276660591922,0.057
237.6,tv,0.327,-0.18744601948695472,4.878799886596797,0.4473164638072924,2.510707458417503,2.4384709643861893,nan,nan,nan,nan,-0.17782800753747205,4.898639718299582,0.036
240.201,couch,0.433,-0.19841773926368633,4.763297010190431,0.4165491006179818,2.0839641430394686,2.7262089011301156,nan,nan,nan,nan,-0.19828746783413473,4.7737857210280845,0.033
241.101,couch,0.571,-0.2884756608746941,4.617282993485705,0.4080215220212062,2.0034403029330576,2.8393686005790086,nan,nan,nan,nan,-0.29057807158621013,4.619578371170528,0.036
241.101,bed,0.337,1.750841972393654,3.4380883942570537,0.011890826949091715,2.0034403029330576,2.8393686005790086,nan,nan,nan,nan,1.7489233903103119,3.440701745254488,0.036
241.302,couch,0.631,-0.2854431769823056,4.618980194451463,0.4066935178349481,1.9958353192818015,2.850458018176167,nan,nan,nan,nan,-0.28886586336668557,4.621640228356647,0.045
241.5,couch,0.71,-0.28654635305378107,4.619108275268656,0.4105985929163862,1.9890069883262853,2.860374257733141,nan,nan,nan,nan,-0.2875226233352308,4.618234651069318,0.072
241.701,couch,0.736,-0.284768697707245,4.619766942654983,0.41089985028475695,1.985665012433965,2.8653549846901107,nan,nan,nan,nan,-0.28485527999256927,4.6198910473504355,0.033
241.902,couch,0.726,-0.2846116230688911,4.62028859006633,0.41069463816773344,1.984148208551081,2.86768133216668,nan,nan,nan,nan,-0.28461162306889104,4.62028859006633,0.024
242.1,couch,0.77,-0.28606481832045016,4.619905915171169,0.41338613904928634,1.9827866400440857,2.869846191735349,nan,nan,nan,nan,-0.2915260235661834,4.620262486560271,0.054
242.301,couch,0.5,-0.2837402642733067,4.622992741455144,0.4095840925302082,1.971956315669618,2.8858180203210475,nan,nan,nan,nan,-0.287757114931901,4.623011687852967,0.036
242.502,couch,0.473,-0.28425440606342955,4.623187945645509,0.40992084414683505,1.9627523628202959,2.899157615159183,nan,nan,nan,nan,-0.2899321154834661,4.622410225902511,0.072
242.7,couch,0.71,-0.285790919122197,4.623044412369097,0.40890129505627587,1.9552447558571324,2.910050483377656,nan,nan,nan,nan,-0.2886270110500687,4.623026594751781,0.033
242.901,couch,0.821,-0.285966614765109,4.6239892089629855,0.4095618223101636,1.9481631014898981,2.9201872877724804,nan,nan,nan,nan,-0.2890363442668436,4.623958936784896,0.042
243.3,couch,0.772,-0.28567816526703793,4.623041670001143,0.4088367072894751,1.9407299293284421,2.930678161368122,nan,nan,nan,nan,-0.28567816526703793,4.623041670001143,0.063
243.501,couch,0.77,-0.28568207144092894,4.623040849187937,0.40876852477542963,1.9407299293284421,2.930678161368122,nan,nan,nan,nan,-0.28568207144092894,4.623040849187937,0.039
243.801,couch,0.771,-0.2856772721392187,4.623045895840325,0.40876656526515465,1.9407299293284421,2.930678161368122,nan,nan,nan,nan,-0.2856772721392187,4.623045895840324,0.045
244.002,couch,0.772,-0.2856734623734891,4.623049911136681,0.40877133645213426,1.9407299293284421,2.930678161368122,nan,nan,nan,nan,-0.2856734623734891,4.623049911136679,0.054
244.2,couch,0.772,-0.2856734623734891,4.623049911136681,0.40877133645213426,1.9407299293284421,2.930678161368122,nan,nan,nan,nan,-0.2856734623734891,4.62304991113668,0.036
244.701,couch,0.553,-0.2873705803310864,4.624371688200521,0.4242399836578693,1.950390854515562,2.9396680428992363,nan,nan,nan,nan,-0.36381496922994183,4.51727264018831,0.048
245.1,couch,0.721,-0.3026833244759848,4.623864891541844,0.4411786695649491,1.9619421051663357,2.9602741897148084,nan,nan,nan,nan,-0.36047179297914556,4.543331878403195,0.036
245.301,couch,0.772,-0.3460019201991864,4.452915912520615,0.452262222299241,1.9644622164611771,2.9721166988169703,nan,nan,nan,nan,-0.4107331555002669,4.348995251873145,0.045
245.502,couch,0.566,-0.982815692820973,4.420031533654882,0.3623398295797965,1.9645565177110118,2.984016468429947,nan,nan,nan,nan,-1.0583308236050264,4.257608925482839,0.057
247.2,couch,0.559,-1.013310929663667,4.441269169889735,0.3636294671586684,1.9645658057200612,2.98391493129653,nan,nan,nan,nan,-0.9634605228279294,4.536766461708799,0.033
247.8,couch,0.603,-0.3130532147667169,4.612204746624755,0.445457988702031,1.9562329006336485,2.966746440251929,nan,nan,nan,nan,-0.3041721165584209,4.625849875538853,0.063
248.001,couch,0.706,-0.3118624911686445,4.614138118840779,0.44045363846362784,1.9530033371095237,2.96647059837551,nan,nan,nan,nan,-0.3064151702876978,4.622513445330959,0.054
248.4,couch,0.815,-0.3121559355660193,4.610558449247716,0.4396095480430918,1.948337478659693,2.9661687576831346,nan,nan,nan,nan,-0.30914080783412795,4.615214661673102,0.045
248.601,couch,0.637,-0.31284202668982664,4.607617536336723,0.4413395480464206,1.9465564446872787,2.96608322867145,nan,nan,nan,nan,-0.3095817960737673,4.612663037402304,0.051
248.802,couch,0.742,-0.31223635961485696,4.607945059682756,0.43917395334782405,1.944814145150751,2.9660157068202144,nan,nan,nan,nan,-0.3080200541691656,4.614462263604155,0.063
249.0,couch,0.714,-0.31070641938585486,4.612897731697665,0.4380018315638928,1.9436087803458915,2.9659810463453438,nan,nan,nan,nan,-0.30879475756827335,4.615845665157528,0.057
249.402,couch,0.722,-0.308720008851443,4.618189974295578,0.4373193265423254,1.9418459007839577,2.965940003826809,nan,nan,nan,nan,-0.3068014084832297,4.621135299603161,0.057
249.6,couch,0.688,-0.3101160939594543,4.613529695537884,0.4381433519787275,1.940977496082859,2.965925783379168,nan,nan,nan,nan,-0.3082036038519002,4.616476854769487,0.057
249.801,couch,0.706,-0.3098995475352142,4.613135016152986,0.4377743198469209,1.9400958761328888,2.9659153916258356,nan,nan,nan,nan,-0.308390416618234,4.615461705837282,0.045
250.2,couch,0.669,-0.310960256941039,4.60993565371211,0.442176445059532,1.9393153044318316,2.965910968240144,nan,nan,nan,nan,-0.3109602569410386,4.60993565371211,0.066
250.401,couch,0.669,-0.310960256941039,4.60993565371211,0.442176445059532,1.9393153044318316,2.965910968240144,nan,nan,nan,nan,-0.3109602569410386,4.60993565371211,0.06
251.202,couch,0.669,-0.310960256941039,4.60993565371211,0.442176445059532,1.9393153044318316,2.965910968240144,nan,nan,nan,nan,-0.3109602569410386,4.60993565371211,0.048
251.4,couch,0.669,-0.31096025694103924,4.60993565371211,0.442176445059532,1.9393153044318314,2.965910968240144,nan,nan,nan,nan,-0.3109602569410386,4.609935653712111,0.042
251.802,couch,0.669,-0.310960256941039,4.60993565371211,0.442176445059532,1.9393153044318316,2.965910968240144,nan,nan,nan,nan,-0.3109602569410386,4.60993565371211,0.048
252.201,couch,0.669,-0.310960256941039,4.60993565371211,0.442176445059532,1.9393153044318316,2.965910968240144,nan,nan,nan,nan,-0.3109602569410386,4.60993565371211,0.051
252.402,couch,0.669,-0.310960256941039,4.60993565371211,0.442176445059532,1.9393153044318316,2.965910968240144,nan,nan,nan,nan,-0.3109602569410386,4.60993565371211,0.042
252.6,couch,0.669,-0.310960256941039,4.60993565371211,0.442176445059532,1.9393153044318316,2.965910968240144,nan,nan,nan,nan,-0.3109602569410386,4.60993565371211,0.069
252.801,couch,0.669,-0.310960256941039,4.60993565371211,0.442176445059532,1.9393153044318316,2.965910968240144,nan,nan,nan,nan,-0.31096025694103907,4.60993565371211,0.03
253.002,couch,0.669,-0.310960256941039,4.60993565371211,0.442176445059532,1.9393153044318316,2.965910968240144,nan,nan,nan,nan,-0.3109602569410386,4.60993565371211,0.069
253.2,couch,0.669,-0.310960256941039,4.60993565371211,0.442176445059532,1.9393153044318316,2.965910968240144,nan,nan,nan,nan,-0.3109602569410386,4.60993565371211,0.051
253.401,couch,0.669,-0.310960256941039,4.60993565371211,0.442176445059532,1.9393153044318316,2.965910968240144,nan,nan,nan,nan,-0.3109602569410386,4.60993565371211,0.06
253.602,couch,0.669,-0.310960256941039,4.60993565371211,0.442176445059532,1.9393153044318316,2.965910968240144,nan,nan,nan,nan,-0.3109602569410386,4.609935653712111,0.036
254.001,couch,0.669,-0.310960256941039,4.60993565371211,0.442176445059532,1.9393153044318316,2.965910968240144,nan,nan,nan,nan,-0.3109602569410386,4.60993565371211,0.072
254.4,couch,0.669,-0.31096025694103924,4.60993565371211,0.442176445059532,1.9393153044318314,2.965910968240144,nan,nan,nan,nan,-0.3109602569410386,4.609935653712111,0.042
255.0,couch,0.669,-0.310960256941039,4.60993565371211,0.442176445059532,1.9393153044318316,2.965910968240144,nan,nan,nan,nan,-0.3109602569410386,4.60993565371211,0.072
255.201,couch,0.669,-0.310960256941039,4.60993565371211,0.442176445059532,1.9393153044318316,2.965910968240144,nan,nan,nan,nan,-0.3109602569410386,4.60993565371211,0.051
255.402,couch,0.669,-0.310960256941039,4.60993565371211,0.442176445059532,1.9393153044318316,2.965910968240144,nan,nan,nan,nan,-0.3109602569410386,4.609935653712111,0.057
255.6,couch,0.669,-0.310960256941039,4.60993565371211,0.442176445059532,1.9393153044318316,2.965910968240144,nan,nan,nan,nan,-0.3109602569410386,4.60993565371211,0.054
255.801,couch,0.669,-0.310960256941039,4.60993565371211,0.442176445059532,1.9393153044318316,2.965910968240144,nan,nan,nan,nan,-0.3109602569410386,4.60993565371211,0.045
256.002,couch,0.669,-0.310960256941039,4.60993565371211,0.442176445059532,1.9393153044318316,2.965910968240144,nan,nan,nan,nan,-0.3109602569410386,4.60993565371211,0.054
256.302,couch,0.725,-0.31204398120920196,4.605738593351513,0.4439059432651423,1.9387768286956155,2.965655526994446,nan,nan,nan,nan,-0.31080130871570666,4.607747378532393,0.06
256.5,couch,0.718,-0.31192786035994047,4.605326525951897,0.4438524076070168,1.9385649966766376,2.965670033515607,nan,nan,nan,nan,-0.3119278603599406,4.605326525951897,0.072
256.701,couch,0.716,-0.3117866965831664,4.605718772913288,0.4436724083314446,1.9385649966766376,2.965670033515607,nan,nan,nan,nan,-0.31178669658316693,4.605718772913287,0.048
256.902,couch,0.716,-0.31177515520071486,4.605758110393695,0.44367452369023364,1.9385649966766376,2.965670033515607,nan,nan,nan,nan,-0.31177515520071497,4.605758110393696,0.057
257.1,couch,0.716,-0.31177515520071486,4.605758110393695,0.44367452369023364,1.9385649966766376,2.965670033515607,nan,nan,nan,nan,-0.31177515520071497,4.605758110393695,0.054
257.301,couch,0.717,-0.3117755047115165,4.605760085811295,0.44366090875881514,1.9385649966766376,2.965670033515607,nan,nan,nan,nan,-0.3117755047115166,4.605760085811295,0.045
257.502,couch,0.717,-0.3117755047115165,4.605760085811295,0.44366090875881514,1.9385649966766376,2.965670033515607,nan,nan,nan,nan,-0.3117755047115166,4.605760085811295,0.069
257.7,couch,0.717,-0.3117755047115165,4.605760085811295,0.44366090875881514,1.9385649966766376,2.965670033515607,nan,nan,nan,nan,-0.3117755047115166,4.605760085811295,0.069
257.901,couch,0.717,-0.3117755047115165,4.605760085811295,0.44366090875881514,1.9385649966766376,2.965670033515607,nan,nan,nan,nan,-0.3117755047115166,4.605760085811294,0.042
258.201,couch,0.717,-0.3117755047115165,4.605760085811295,0.44366090875881514,1.9385649966766376,2.965670033515607,nan,nan,nan,nan,-0.31177550471151705,4.605760085811294,0.048
258.402,couch,0.717,-0.3117755047115165,4.605760085811295,0.44366090875881514,1.9385649966766376,2.965670033515607,nan,nan,nan,nan,-0.3117755047115166,4.605760085811296,0.057
258.9,couch,0.717,-0.3117755047115165,4.605760085811295,0.44366090875881514,1.9385649966766376,2.965670033515607,nan,nan,nan,nan,-0.3117755047115166,4.605760085811296,0.042
259.101,couch,0.717,-0.3117755047115165,4.605760085811295,0.44366090875881514,1.9385649966766376,2.965670033515607,nan,nan,nan,nan,-0.3117755047115166,4.605760085811295,0.051
259.302,couch,0.717,-0.3117755047115165,4.605760085811295,0.44366090875881514,1.9385649966766376,2.965670033515607,nan,nan,nan,nan,-0.3117755047115166,4.605760085811296,0.06
259.602,couch,0.717,-0.3117755047115165,4.605760085811295,0.44366090875881514,1.9385649966766376,2.965670033515607,nan,nan,nan,nan,-0.3117755047115166,4.605760085811296,0.036
259.8,couch,0.717,-0.3117755047115165,4.605760085811295,0.44366090875881514,1.9385649966766376,2.965670033515607,nan,nan,nan,nan,-0.3117755047115166,4.605760085811296,0.063
260.001,couch,0.717,-0.3117755047115165,4.605760085811295,0.44366090875881514,1.9385649966766376,2.965670033515607,nan,nan,nan,nan,-0.3117755047115166,4.605760085811296,0.054
260.202,couch,0.717,-0.3117755047115165,4.605760085811295,0.44366090875881514,1.9385649966766376,2.965670033515607,nan,nan,nan,nan,-0.3117755047115166,4.605760085811295,0.051
260.4,couch,0.717,-0.3117755047115165,4.605760085811295,0.44366090875881514,1.9385649966766376,2.965670033515607,nan,nan,nan,nan,-0.3117755047115166,4.605760085811296,0.042
260.601,couch,0.717,-0.3117755047115165,4.605760085811295,0.44366090875881514,1.9385649966766376,2.965670033515607,nan,nan,nan,nan,-0.3117755047115166,4.605760085811295,0.051
261.0,couch,0.717,-0.3117755047115165,4.605760085811295,0.44366090875881514,1.9385649966766376,2.965670033515607,nan,nan,nan,nan,-0.3117755047115166,4.605760085811296,0.06
261.201,couch,0.717,-0.3117755047115165,4.605760085811295,0.44366090875881514,1.9385649966766376,2.965670033515607,nan,nan,nan,nan,-0.3117755047115166,4.605760085811295,0.051
261.402,couch,0.717,-0.3117755047115165,4.605760085811295,0.44366090875881514,1.9385649966766376,2.965670033515607,nan,nan,nan,nan,-0.3117755047115166,4.605760085811294,0.042
261.6,couch,0.717,-0.3117755047115165,4.605760085811295,0.44366090875881514,1.9385649966766376,2.965670033515607,nan,nan,nan,nan,-0.3117755047115166,4.605760085811295,0.054
261.801,couch,0.717,-0.3117755047115165,4.605760085811295,0.44366090875881514,1.9385649966766376,2.965670033515607,nan,nan,nan,nan,-0.3117755047115166,4.605760085811295,0.045
262.101,couch,0.717,-0.3117755047115165,4.605760085811295,0.44366090875881514,1.9385649966766376,2.965670033515607,nan,nan,nan,nan,-0.3117755047115166,4.605760085811296,0.069
262.302,couch,0.717,-0.3117755047115165,4.605760085811295,0.44366090875881514,1.9385649966766376,2.965670033515607,nan,nan,nan,nan,-0.3117755047115166,4.605760085811294,0.048
262.5,couch,0.717,-0.3117755047115165,4.605760085811295,0.44366090875881514,1.9385649966766376,2.965670033515607,nan,nan,nan,nan,-0.3117755047115166,4.605760085811296,0.063
262.701,couch,0.717,-0.3117755047115165,4.605760085811295,0.44366090875881514,1.9385649966766376,2.965670033515607,nan,nan,nan,nan,-0.3117755047115166,4.605760085811295,0.051
263.001,couch,0.717,-0.3117755047115165,4.605760085811295,0.44366090875881514,1.9385649966766376,2.965670033515607,nan,nan,nan,nan,-0.3117755047115166,4.605760085811294,0.06
263.202,couch,0.717,-0.3117755047115165,4.605760085811295,0.44366090875881514,1.9385649966766376,2.965670033515607,nan,nan,nan,nan,-0.3117755047115166,4.605760085811294,0.048
263.4,couch,0.717,-0.3117755047115165,4.605760085811295,0.44366090875881514,1.9385649966766376,2.965670033515607,nan,nan,nan,nan,-0.3117755047115166,4.605760085811296,0.042
263.601,couch,0.717,-0.3117755047115165,4.605760085811295,0.44366090875881514,1.9385649966766376,2.965670033515607,nan,nan,nan,nan,-0.3117755047115166,4.605760085811295,0.051
263.802,couch,0.717,-0.3117755047115165,4.605760085811295,0.44366090875881514,1.9385649966766376,2.965670033515607,nan,nan,nan,nan,-0.3117755047115166,4.605760085811296,0.06
264.102,couch,0.717,-0.3117755047115165,4.605760085811295,0.44366090875881514,1.9385649966766376,2.965670033515607,nan,nan,nan,nan,-0.3117755047115166,4.605760085811294,0.054
264.501,couch,0.717,-0.3117755047115165,4.605760085811295,0.44366090875881514,1.9385649966766376,2.965670033515607,nan,nan,nan,nan,-0.3117755047115166,4.605760085811295,0.072
264.702,couch,0.717,-0.3117755047115165,4.605760085811295,0.44366090875881514,1.9385649966766376,2.965670033515607,nan,nan,nan,nan,-0.3117755047115166,4.605760085811295,0.063
265.302,couch,0.717,-0.3117755047115165,4.605760085811295,0.44366090875881514,1.9385649966766376,2.965670033515607,nan,nan,nan,nan,-0.3117755047115166,4.605760085811294,0.048
265.5,couch,0.717,-0.3117755047115165,4.605760085811295,0.44366090875881514,1.9385649966766376,2.965670033515607,nan,nan,nan,nan,-0.3117755047115166,4.605760085811296,0.039
265.701,couch,0.717,-0.3117755047115165,4.605760085811295,0.44366090875881514,1.9385649966766376,2.965670033515607,nan,nan,nan,nan,-0.31177550471151705,4.605760085811294,0.048
265.902,couch,0.717,-0.3117755047115165,4.605760085811295,0.44366090875881514,1.9385649966766376,2.965670033515607,nan,nan,nan,nan,-0.3117755047115166,4.605760085811294,0.042
266.502,couch,0.717,-0.3117755047115165,4.605760085811295,0.44366090875881514,1.9385649966766376,2.965670033515607,nan,nan,nan,nan,-0.3117755047115166,4.605760085811295,0.069
267.102,couch,0.717,-0.3117755047115165,4.605760085811295,0.44366090875881514,1.9385649966766376,2.965670033515607,nan,nan,nan,nan,-0.3117755047115166,4.605760085811296,0.036
267.3,couch,0.717,-0.3117755047115165,4.605760085811295,0.44366090875881514,1.9385649966766376,2.965670033515607,nan,nan,nan,nan,-0.3117755047115166,4.605760085811295,0.048
267.501,couch,0.717,-0.3117755047115165,4.605760085811295,0.44366090875881514,1.9385649966766376,2.965670033515607,nan,nan,nan,nan,-0.3117755047115166,4.605760085811294,0.042
267.702,couch,0.717,-0.3117755047115165,4.605760085811295,0.44366090875881514,1.9385649966766376,2.965670033515607,nan,nan,nan,nan,-0.3117755047115166,4.605760085811295,0.063
267.9,couch,0.717,-0.3117755047115165,4.605760085811295,0.44366090875881514,1.9385649966766376,2.965670033515607,nan,nan,nan,nan,-0.3117755047115166,4.605760085811295,0.048
268.101,couch,0.717,-0.3117755047115165,4.605760085811295,0.44366090875881514,1.9385649966766376,2.965670033515607,nan,nan,nan,nan,-0.3117755047115166,4.605760085811296,0.069
268.302,couch,0.717,-0.3117755047115165,4.605760085811295,0.44366090875881514,1.9385649966766376,2.965670033515607,nan,nan,nan,nan,-0.3117755047115166,4.605760085811295,0.045
268.602,couch,0.717,-0.3117755047115165,4.605760085811295,0.44366090875881514,1.9385649966766376,2.965670033515607,nan,nan,nan,nan,-0.3117755047115166,4.605760085811295,0.051
268.8,couch,0.717,-0.3117755047115165,4.605760085811295,0.44366090875881514,1.9385649966766376,2.965670033515607,nan,nan,nan,nan,-0.3117755047115166,4.605760085811296,0.063
269.001,couch,0.717,-0.3117755047115165,4.605760085811295,0.44366090875881514,1.9385649966766376,2.965670033515607,nan,nan,nan,nan,-0.3117755047115166,4.605760085811296,0.054
269.202,couch,0.717,-0.3117755047115165,4.605760085811295,0.44366090875881514,1.9385649966766376,2.965670033515607,nan,nan,nan,nan,-0.3117755047115166,4.605760085811294,0.048
269.4,couch,0.717,-0.3117755047115165,4.605760085811295,0.44366090875881514,1.9385649966766376,2.965670033515607,nan,nan,nan,nan,-0.3117755047115166,4.605760085811294,0.045
269.7,couch,0.717,-0.3117755047115165,4.605760085811295,0.44366090875881514,1.9385649966766376,2.965670033515607,nan,nan,nan,nan,-0.3117755047115166,4.605760085811294,0.051
269.901,couch,0.717,-0.3117755047115165,4.605760085811295,0.44366090875881514,1.9385649966766376,2.965670033515607,nan,nan,nan,nan,-0.3117755047115166,4.605760085811295,0.027
270.102,couch,0.717,-0.3117755047115165,4.605760085811295,0.44366090875881514,1.9385649966766376,2.965670033515607,nan,nan,nan,nan,-0.3117755047115166,4.605760085811295,0.051
270.3,couch,0.717,-0.3117755047115165,4.605760085811295,0.44366090875881514,1.9385649966766376,2.965670033515607,nan,nan,nan,nan,-0.3117755047115166,4.605760085811296,0.063
270.702,couch,0.717,-0.3117755047115165,4.605760085811295,0.44366090875881514,1.9385649966766376,2.965670033515607,nan,nan,nan,nan,-0.3117755047115166,4.605760085811295,0.066
270.9,couch,0.717,-0.3117755047115165,4.605760085811295,0.44366090875881514,1.9385649966766376,2.965670033515607,nan,nan,nan,nan,-0.3117755047115166,4.605760085811296,0.06
271.101,couch,0.717,-0.3117755047115165,4.605760085811295,0.44366090875881514,1.9385649966766376,2.965670033515607,nan,nan,nan,nan,-0.3117755047115166,4.605760085811295,0.051
271.302,couch,0.717,-0.3117755047115165,4.605760085811295,0.44366090875881514,1.9385649966766376,2.965670033515607,nan,nan,nan,nan,-0.3117755047115166,4.605760085811296,0.06
271.5,couch,0.717,-0.3117755047115165,4.605760085811295,0.44366090875881514,1.9385649966766376,2.965670033515607,nan,nan,nan,nan,-0.3117755047115166,4.605760085811296,0.039
272.1,couch,0.717,-0.3117755047115165,4.605760085811295,0.44366090875881514,1.9385649966766376,2.965670033515607,nan,nan,nan,nan,-0.3117755047115166,4.605760085811295,0.054
272.301,couch,0.717,-0.3117755047115165,4.605760085811295,0.44366090875881514,1.9385649966766376,2.965670033515607,nan,nan,nan,nan,-0.31177550471151705,4.605760085811294,0.048
272.502,couch,0.717,-0.3117755047115165,4.605760085811295,0.44366090875881514,1.9385649966766376,2.965670033515607,nan,nan,nan,nan,-0.3117755047115166,4.605760085811294,0.054
272.7,couch,0.717,-0.3117755047115165,4.605760085811295,0.44366090875881514,1.9385649966766376,2.965670033515607,nan,nan,nan,nan,-0.3117755047115166,4.605760085811294,0.051
272.901,couch,0.717,-0.3117755047115165,4.605760085811295,0.44366090875881514,1.9385649966766376,2.965670033515607,nan,nan,nan,nan,-0.3117755047115166,4.605760085811294,0.06
273.6,couch,0.717,-0.3117755047115165,4.605760085811295,0.44366090875881514,1.9385649966766376,2.965670033515607,nan,nan,nan,nan,-0.3117755047115166,4.605760085811295,0.054
273.801,couch,0.717,-0.3117755047115165,4.605760085811295,0.44366090875881514,1.9385649966766376,2.965670033515607,nan,nan,nan,nan,-0.3117755047115166,4.605760085811295,0.063
274.002,couch,0.717,-0.3117755047115165,4.605760085811295,0.44366090875881514,1.9385649966766376,2.965670033515607,nan,nan,nan,nan,-0.3117755047115166,4.605760085811294,0.054
274.2,couch,0.717,-0.3117755047115165,4.605760085811295,0.44366090875881514,1.9385649966766376,2.965670033515607,nan,nan,nan,nan,-0.3117755047115166,4.605760085811295,0.066
274.401,couch,0.717,-0.3117755047115165,4.605760085811295,0.44366090875881514,1.9385649966766376,2.965670033515607,nan,nan,nan,nan,-0.3117755047115166,4.605760085811294,0.042
274.602,couch,0.717,-0.3117755047115165,4.605760085811295,0.44366090875881514,1.9385649966766376,2.965670033515607,nan,nan,nan,nan,-0.3117755047115166,4.605760085811295,0.051
274.902,couch,0.717,-0.3117755047115165,4.605760085811295,0.44366090875881514,1.9385649966766376,2.965670033515607,nan,nan,nan,nan,-0.3117755047115166,4.605760085811296,0.057
275.1,couch,0.717,-0.3117755047115165,4.605760085811295,0.44366090875881514,1.9385649966766376,2.965670033515607,nan,nan,nan,nan,-0.3117755047115166,4.605760085811295,0.036
275.301,couch,0.717,-0.3117755047115165,4.605760085811295,0.44366090875881514,1.9385649966766376,2.965670033515607,nan,nan,nan,nan,-0.3117755047115166,4.605760085811295,0.045
275.7,couch,0.717,-0.3117755047115165,4.605760085811295,0.44366090875881514,1.9385649966766376,2.965670033515607,nan,nan,nan,nan,-0.3117755047115166,4.605760085811294,0.051
275.901,couch,0.717,-0.3117755047115165,4.605760085811295,0.44366090875881514,1.9385649966766376,2.965670033515607,nan,nan,nan,nan,-0.3117755047115166,4.605760085811294,0.06
276.102,couch,0.717,-0.3117755047115165,4.605760085811295,0.44366090875881514,1.9385649966766376,2.965670033515607,nan,nan,nan,nan,-0.3117755047115166,4.605760085811295,0.066
276.3,couch,0.717,-0.3117755047115165,4.605760085811295,0.44366090875881514,1.9385649966766376,2.965670033515607,nan,nan,nan,nan,-0.3117755047115166,4.605760085811295,0.054
276.501,couch,0.717,-0.3117755047115165,4.605760085811295,0.44366090875881514,1.9385649966766376,2.965670033515607,nan,nan,nan,nan,-0.3117755047115166,4.605760085811295,0.072
276.702,couch,0.717,-0.3117755047115165,4.605760085811295,0.44366090875881514,1.9385649966766376,2.965670033515607,nan,nan,nan,nan,-0.3117755047115166,4.605760085811295,0.051
276.9,couch,0.717,-0.3117755047115165,4.605760085811295,0.44366090875881514,1.9385649966766376,2.965670033515607,nan,nan,nan,nan,-0.3117755047115166,4.605760085811296,0.063
277.302,couch,0.717,-0.3117755047115165,4.605760085811295,0.44366090875881514,1.9385649966766376,2.965670033515607,nan,nan,nan,nan,-0.3117755047115166,4.605760085811295,0.063
277.602,couch,0.717,-0.3117755047115165,4.605760085811295,0.44366090875881514,1.9385649966766376,2.965670033515607,nan,nan,nan,nan,-0.3117755047115166,4.605760085811296,0.036
277.8,couch,0.717,-0.3117755047115165,4.605760085811295,0.44366090875881514,1.9385649966766376,2.965670033515607,nan,nan,nan,nan,-0.3117755047115166,4.605760085811294,0.051
278.1,couch,0.717,-0.3117755047115165,4.605760085811295,0.44366090875881514,1.9385649966766376,2.965670033515607,nan,nan,nan,nan,-0.3117755047115166,4.605760085811294,0.057
278.301,couch,0.717,-0.3117755047115165,4.605760085811295,0.44366090875881514,1.9385649966766376,2.965670033515607,nan,nan,nan,nan,-0.3117755047115166,4.605760085811295,0.063
278.502,couch,0.717,-0.3117755047115165,4.605760085811295,0.44366090875881514,1.9385649966766376,2.965670033515607,nan,nan,nan,nan,-0.3117755047115166,4.605760085811294,0.054
278.7,couch,0.717,-0.3117755047115165,4.605760085811295,0.44366090875881514,1.9385649966766376,2.965670033515607,nan,nan,nan,nan,-0.3117755047115166,4.605760085811295,0.066
278.901,couch,0.717,-0.3117755047115165,4.605760085811295,0.44366090875881514,1.9385649966766376,2.965670033515607,nan,nan,nan,nan,-0.3117755047115166,4.605760085811295,0.045
279.102,couch,0.717,-0.3117755047115165,4.605760085811295,0.44366090875881514,1.9385649966766376,2.965670033515607,nan,nan,nan,nan,-0.3117755047115166,4.605760085811295,0.051
279.402,couch,0.717,-0.3117755047115165,4.605760085811295,0.44366090875881514,1.9385649966766376,2.965670033515607,nan,nan,nan,nan,-0.3117755047115166,4.605760085811294,0.042
279.702,couch,0.717,-0.3117755047115165,4.605760085811295,0.44366090875881514,1.9385649966766376,2.965670033515607,nan,nan,nan,nan,-0.3117755047115166,4.605760085811294,0.048
279.9,couch,0.717,-0.3117755047115165,4.605760085811295,0.44366090875881514,1.9385649966766376,2.965670033515607,nan,nan,nan,nan,-0.3117755047115166,4.605760085811296,0.042
280.101,couch,0.717,-0.3117755047115165,4.605760085811295,0.44366090875881514,1.9385649966766376,2.965670033515607,nan,nan,nan,nan,-0.3117755047115166,4.605760085811296,0.054
280.302,couch,0.717,-0.3117755047115165,4.605760085811295,0.44366090875881514,1.9385649966766376,2.965670033515607,nan,nan,nan,nan,-0.3117755047115166,4.605760085811295,0.063
280.902,couch,0.717,-0.3117755047115165,4.605760085811295,0.44366090875881514,1.9385649966766376,2.965670033515607,nan,nan,nan,nan,-0.3117755047115166,4.605760085811296,0.057
281.1,couch,0.717,-0.3117755047115165,4.605760085811295,0.44366090875881514,1.9385649966766376,2.965670033515607,nan,nan,nan,nan,-0.3117755047115166,4.605760085811295,0.054
281.601,couch,0.72,-0.31098186872980604,4.608240734741073,0.4418098588841106,1.938382516650923,2.965523999252972,nan,nan,nan,nan,-0.31098186872980604,4.608240734741074,0.054
281.802,couch,0.718,-0.31101159746905194,4.608158087664837,0.44170386598799016,1.938382516650923,2.965523999252972,nan,nan,nan,nan,-0.31101159746905194,4.608158087664837,0.045
282.0,couch,0.719,-0.3110129230381602,4.608160133736308,0.44171679575824285,1.938382516650923,2.965523999252972,nan,nan,nan,nan,-0.3110129230381602,4.608160133736307,0.057
282.201,couch,0.719,-0.3110129230381602,4.608160133736308,0.44171679575824285,1.938382516650923,2.965523999252972,nan,nan,nan,nan,-0.31101292303816064,4.608160133736307,0.048
282.6,couch,0.719,-0.31100749086175283,4.608177081344923,0.4417093237922294,1.938382516650923,2.965523999252972,nan,nan,nan,nan,-0.31100749086175283,4.608177081344923,0.036
283.002,couch,0.719,-0.31100749086175283,4.608177081344923,0.4417093237922294,1.938382516650923,2.965523999252972,nan,nan,nan,nan,-0.31100749086175283,4.608177081344923,0.054
283.401,couch,0.719,-0.31100749086175283,4.608177081344923,0.4417093237922294,1.938382516650923,2.965523999252972,nan,nan,nan,nan,-0.31100749086175283,4.608177081344923,0.06
283.8,couch,0.719,-0.31100749086175283,4.608177081344923,0.4417093237922294,1.938382516650923,2.965523999252972,nan,nan,nan,nan,-0.31100749086175283,4.608177081344923,0.051
284.202,couch,0.719,-0.31100749086175283,4.608177081344923,0.4417093237922294,1.938382516650923,2.965523999252972,nan,nan,nan,nan,-0.31100749086175283,4.608177081344923,0.063
284.4,couch,0.719,-0.31100749086175283,4.608177081344923,0.4417093237922294,1.938382516650923,2.965523999252972,nan,nan,nan,nan,-0.31100749086175283,4.608177081344923,0.06
285.0,couch,0.719,-0.31100749086175283,4.608177081344923,0.4417093237922294,1.938382516650923,2.965523999252972,nan,nan,nan,nan,-0.31100749086175283,4.608177081344923,0.06
285.201,couch,0.719,-0.31100749086175283,4.608177081344923,0.4417093237922294,1.938382516650923,2.965523999252972,nan,nan,nan,nan,-0.31100749086175283,4.608177081344923,0.066
285.402,couch,0.719,-0.31100749086175283,4.608177081344923,0.4417093237922294,1.938382516650923,2.965523999252972,nan,nan,nan,nan,-0.31100749086175283,4.608177081344923,0.057
285.6,couch,0.719,-0.31100749086175283,4.608177081344923,0.4417093237922294,1.938382516650923,2.965523999252972,nan,nan,nan,nan,-0.31100749086175283,4.608177081344923,0.036
285.801,couch,0.719,-0.31100749086175283,4.608177081344923,0.4417093237922294,1.938382516650923,2.965523999252972,nan,nan,nan,nan,-0.31100749086175283,4.608177081344923,0.063
286.002,couch,0.719,-0.31100749086175283,4.608177081344923,0.4417093237922294,1.938382516650923,2.965523999252972,nan,nan,nan,nan,-0.31100749086175283,4.608177081344923,0.057
286.2,couch,0.719,-0.31100749086175283,4.608177081344923,0.4417093237922294,1.938382516650923,2.965523999252972,nan,nan,nan,nan,-0.31100749086175283,4.608177081344923,0.066
286.5,couch,0.719,-0.31100749086175283,4.608177081344923,0.4417093237922294,1.938382516650923,2.965523999252972,nan,nan,nan,nan,-0.31100749086175283,4.608177081344923,0.057
286.701,couch,0.719,-0.31100749086175283,4.608177081344923,0.4417093237922294,1.938382516650923,2.965523999252972,nan,nan,nan,nan,-0.31100749086175283,4.608177081344923,0.066
286.902,couch,0.719,-0.31100749086175283,4.608177081344923,0.4417093237922294,1.938382516650923,2.965523999252972,nan,nan,nan,nan,-0.31100749086175283,4.608177081344923,0.057
287.1,couch,0.719,-0.31100749086175283,4.608177081344923,0.4417093237922294,1.938382516650923,2.965523999252972,nan,nan,nan,nan,-0.31100749086175283,4.608177081344923,0.054
287.301,couch,0.719,-0.31100749086175283,4.608177081344923,0.4417093237922294,1.938382516650923,2.965523999252972,nan,nan,nan,nan,-0.31100749086175283,4.608177081344923,0.045
287.502,couch,0.719,-0.31100749086175283,4.608177081344923,0.4417093237922294,1.938382516650923,2.965523999252972,nan,nan,nan,nan,-0.31100749086175283,4.608177081344923,0.039
287.802,couch,0.719,-0.31100749086175283,4.608177081344923,0.4417093237922294,1.938382516650923,2.965523999252972,nan,nan,nan,nan,-0.31100749086175283,4.608177081344923,0.045
288.0,couch,0.719,-0.31100749086175283,4.608177081344923,0.4417093237922294,1.938382516650923,2.965523999252972,nan,nan,nan,nan,-0.31100749086175283,4.608177081344923,0.057
288.201,couch,0.719,-0.31100749086175283,4.608177081344923,0.4417093237922294,1.938382516650923,2.965523999252972,nan,nan,nan,nan,-0.3110074908617533,4.608177081344923,0.048
288.402,couch,0.719,-0.31100749086175283,4.608177081344923,0.4417093237922294,1.938382516650923,2.965523999252972,nan,nan,nan,nan,-0.31100749086175283,4.608177081344923,0.042
288.801,couch,0.719,-0.31100749086175283,4.608177081344923,0.4417093237922294,1.938382516650923,2.965523999252972,nan,nan,nan,nan,-0.31100749086175283,4.608177081344923,0.045
289.002,couch,0.719,-0.31100749086175283,4.608177081344923,0.4417093237922294,1.938382516650923,2.965523999252972,nan,nan,nan,nan,-0.31100749086175283,4.608177081344923,0.075
289.2,couch,0.719,-0.31100749086175283,4.608177081344923,0.4417093237922294,1.938382516650923,2.965523999252972,nan,nan,nan,nan,-0.31100749086175283,4.608177081344923,0.051
289.401,couch,0.719,-0.31100749086175283,4.608177081344923,0.4417093237922294,1.938382516650923,2.965523999252972,nan,nan,nan,nan,-0.31100749086175283,4.608177081344923,0.042
289.902,couch,0.719,-0.31100749086175283,4.608177081344923,0.4417093237922294,1.938382516650923,2.965523999252972,nan,nan,nan,nan,-0.31100749086175283,4.608177081344923,0.06
290.1,couch,0.719,-0.31100749086175283,4.608177081344923,0.4417093237922294,1.938382516650923,2.965523999252972,nan,nan,nan,nan,-0.31100749086175283,4.608177081344923,0.072
290.301,couch,0.719,-0.31100749086175283,4.608177081344923,0.4417093237922294,1.938382516650923,2.965523999252972,nan,nan,nan,nan,-0.3110074908617533,4.608177081344923,0.048
290.901,couch,0.719,-0.31100749086175283,4.608177081344923,0.4417093237922294,1.938382516650923,2.965523999252972,nan,nan,nan,nan,-0.31100749086175283,4.608177081344923,0.075
291.102,couch,0.719,-0.31100749086175283,4.608177081344923,0.4417093237922294,1.938382516650923,2.965523999252972,nan,nan,nan,nan,-0.31100749086175283,4.608177081344923,0.036
291.3,couch,0.719,-0.31100749086175283,4.608177081344923,0.4417093237922294,1.938382516650923,2.965523999252972,nan,nan,nan,nan,-0.3061762694441988,4.614584338872078,0.078
291.501,couch,0.698,-0.3109447022527285,4.607155935731108,0.4394056667669173,1.947152823003103,2.9623692345460784,nan,nan,nan,nan,-0.3034972252434687,4.604633975042099,0.054
291.702,couch,0.786,-0.30957963308467695,4.61142209577768,0.4380956762391134,1.9754853259321634,2.952774917053956,nan,nan,nan,nan,-0.30233380775732765,4.608968420979747,0.051
291.9,couch,0.71,-0.3091106425987613,4.610570351271997,0.43753449887297674,2.0039206236222986,2.9431457898739026,nan,nan,nan,nan,-0.30344793877093185,4.60865277348952,0.042
292.101,couch,0.802,-0.30821305436921875,4.614081680966127,0.4336786149731726,2.032173253447061,2.9335785200415136,nan,nan,nan,nan,-0.29840987892490206,4.610762003300275,0.069
292.302,couch,0.778,-0.3073869840756447,4.615191861638423,0.4336173504220848,2.061071309728866,2.9237926875788607,nan,nan,nan,nan,-0.30090836378262353,4.61299798770188,0.045
292.5,couch,0.767,-0.30882905832395924,4.61451300604433,0.4337114844754355,2.08928740598031,2.91423778921529,nan,nan,nan,nan,-0.29859965786071685,4.611048994566394,0.075
292.701,couch,0.821,-0.3459235428021743,4.559634977775954,0.4322305204749385,2.117944437753411,2.905408764740513,nan,nan,nan,nan,-0.3364789845280877,4.55666675829667,0.066
292.902,couch,0.786,-0.3453300329438185,4.5624234201488365,0.43433550664900844,2.146707410650607,2.896369187193084,nan,nan,nan,nan,-0.3371733689806075,4.559859957870125,0.057
293.1,couch,0.719,-0.3446904859033393,4.562278517606078,0.43371217775261045,2.175470383547699,2.8873296096453114,nan,nan,nan,nan,-0.33739241814601556,4.559984893463115,0.054
293.301,couch,0.764,-0.3445465045866123,4.562087895421421,0.4347214220907826,2.2038040583417042,2.8784249511649644,nan,nan,nan,nan,-0.33810703303688844,4.560064109411651,0.045
293.502,couch,0.744,-0.34448898449638055,4.5619860671604995,0.42920673939873566,2.2325616465892444,2.869384450127412,nan,nan,nan,nan,-0.3219532247869036,4.583318441066926,0.054
294.201,couch,0.601,-0.3425467824731738,4.561686674890147,0.4139653130712867,2.1631050131028107,2.8909557526163394,nan,nan,nan,nan,-0.3343597981897716,4.596498415066201,0.069
294.402,couch,0.496,-0.34159489751661587,4.559505420218267,0.3976417374667666,2.129142510328256,2.9047779355457277,nan,nan,nan,nan,-0.33855244063813894,4.57226300786467,0.024
294.6,couch,0.722,-0.3443175966813423,4.555302594958323,0.42938222930312725,2.0989495491353183,2.9182032465246883,nan,nan,nan,nan,-0.33850861369983964,4.578972433129361,0.054
294.801,couch,0.693,-0.3382458012861038,4.56009489452167,0.42453618385785963,2.071434939702725,2.931448030937081,nan,nan,nan,nan,-0.33436968192087196,4.5759387338603785,0.045
295.902,couch,0.56,-0.3268224188912152,4.5635186351580925,0.421249567881106,1.9912810246428638,2.972957591216464,nan,nan,nan,nan,-0.32802151724322226,4.5678323416103686,0.045
296.202,couch,0.707,-0.32897296376821283,4.560439227514413,0.42177031988426683,1.9734337424236073,2.9861248180264424,nan,nan,nan,nan,-0.33041951843002165,4.565309820234382,0.066
296.4,couch,0.665,-0.3247947253920398,4.566502399677473,0.416848752670098,1.9639137657421226,2.993218179713535,nan,nan,nan,nan,-0.32568367224172085,4.569504669502245,0.042
296.601,couch,0.728,-0.3253850188839813,4.562500113613146,0.4168151735947346,1.9549424468827103,2.999947388038916,nan,nan,nan,nan,-0.32646154624807233,4.566126385541974,0.054
296.802,couch,0.705,-0.3266875676056995,4.562457704955614,0.42154577782882574,1.9466300729893926,3.0062404278069006,nan,nan,nan,nan,-0.3270487994568886,4.562740518491638,0.045
297.201,couch,0.731,-0.3268609360051786,4.5622618800077355,0.4215914272397342,1.9462688411402453,3.006523241345907,nan,nan,nan,nan,-0.3268609360051786,4.5622618800077355,0.033
297.402,couch,0.731,-0.32686093600517907,4.562261880007736,0.4215914272397342,1.946268841140245,3.0065232413459073,nan,nan,nan,nan,-0.32686093600517885,4.5622618800077355,0.042
298.002,couch,0.731,-0.32686093600517907,4.562261880007736,0.4215914272397342,1.946268841140245,3.0065232413459073,nan,nan,nan,nan,-0.32686093600517885,4.5622618800077355,0.042
298.2,couch,0.731,-0.32686093600517907,4.5622618800077355,0.4215914272397342,1.946268841140245,3.006523241345907,nan,nan,nan,nan,-0.32686093600517885,4.5622618800077355,0.051
298.401,couch,0.731,-0.3268609360051786,4.5622618800077355,0.4215914272397342,1.9462688411402453,3.006523241345907,nan,nan,nan,nan,-0.3268609360051786,4.5622618800077355,0.027
298.602,couch,0.731,-0.32686093600517907,4.562261880007736,0.4215914272397342,1.946268841140245,3.0065232413459073,nan,nan,nan,nan,-0.32686093600517885,4.5622618800077355,0.051
298.8,couch,0.731,-0.32686093600517907,4.5622618800077355,0.4215914272397342,1.946268841140245,3.006523241345907,nan,nan,nan,nan,-0.3268609360051784,4.5622618800077355,0.048
299.202,couch,0.731,-0.32686093600517907,4.562261880007736,0.4215914272397342,1.946268841140245,3.0065232413459073,nan,nan,nan,nan,-0.3268609360051793,4.5622618800077355,0.048
299.4,couch,0.481,-0.3258895005520144,4.56010361248902,0.40713872064071865,1.945688093086482,3.005793304651342,nan,nan,nan,nan,-0.30319875970162724,4.592867749910475,0.045
299.601,couch,0.638,-0.3226632852320148,4.558345118825837,0.4101222388012019,1.9410095272445944,3.0024811911204043,nan,nan,nan,nan,-0.30081521553736673,4.593447145356698,0.036
299.802,couch,0.624,-0.3270227223885833,4.556436005747955,0.3988705863347909,1.9258065691547122,3.0118460335847166,nan,nan,nan,nan,-0.3264932905960028,4.55973821886581,0.048
300.0,couch,0.692,-0.3244419545699435,4.55688739203584,0.40630709386114716,1.924751654751783,3.012967181403831,nan,nan,nan,nan,-0.2561797468615431,4.645540383513998,0.039
300.201,couch,0.692,-0.2561797468615432,4.645540383513997,0.4063070938611464,1.926401203025836,3.008805247274664,nan,nan,nan,nan,-0.2561797468615432,4.645540383513996,0.048
300.402,couch,0.692,-0.25617974686154277,4.645540383513997,0.4063070938611464,1.9264012030258364,3.008805247274664,nan,nan,nan,nan,-0.256179746861543,4.645540383513997,0.042
300.801,couch,0.692,-0.2561797468615432,4.645540383513997,0.4063070938611464,1.926401203025836,3.008805247274664,nan,nan,nan,nan,-0.2561797468615432,4.645540383513996,0.033
301.002,couch,0.692,-0.25617974686154277,4.645540383513997,0.4063070938611464,1.9264012030258364,3.008805247274664,nan,nan,nan,nan,-0.256179746861543,4.645540383513997,0.054
301.2,couch,0.692,-0.2561797468615432,4.645540383513997,0.4063070938611464,1.926401203025836,3.008805247274664,nan,nan,nan,nan,-0.2561797468615432,4.645540383513996,0.033
301.602,couch,0.62,-0.26627178128246065,4.641782724439004,0.42007649980531886,1.9360718616308379,3.0185642228172487,nan,nan,nan,nan,-0.34434187624048795,4.529839428111386,0.051
301.8,couch,0.698,-0.2753534074232975,4.6364457195577735,0.43213678100842645,1.9423931707470314,3.0285063336043487,nan,nan,nan,nan,-0.34872347211668,4.530766751962312,0.048
302.202,couch,0.847,-0.3340835717289783,4.427461509361044,0.43550596712493467,1.9486568220431753,3.0514654455065893,nan,nan,nan,nan,-0.41973623760461687,4.277844997814189,0.063
302.202,tv,0.306,-1.6403396689646341,2.5979503449518675,0.9031650265729121,1.9486568220431753,3.0514654455065893,nan,nan,nan,nan,-1.6024882486333065,2.3661667370520023,0.063
302.4,tv,0.773,-1.4948739368729964,2.5262205155706265,0.9071138500067548,1.9482444002409063,3.0633584399915827,nan,nan,nan,nan,-1.4669625529494432,2.3711684711570387,0.048
302.601,tv,0.8,-1.4237087865934344,2.4812286549243994,0.9015097040562416,1.9454969737316774,3.0748761276160335,nan,nan,nan,nan,-1.3988043324385497,2.352495156282847,0.039
302.802,tv,0.914,-1.4216849972271903,2.4418189299052235,0.8995059560227738,1.9409485693887063,3.084896313662945,nan,nan,nan,nan,-1.4138572510723941,2.400986312016288,0.03
303.102,tv,0.885,-1.423756451913545,2.442532620940228,0.9005882207284047,1.9403260093243617,3.08596150914434,nan,nan,nan,nan,-1.4237564519135455,2.442532620940228,0.039
303.3,tv,0.885,-1.4237564519135455,2.442532620940228,0.9005882207284047,1.9403260093243613,3.08596150914434,nan,nan,nan,nan,-1.4237564519135455,2.442532620940228,0.048
303.501,tv,0.885,-1.4237564519135455,2.442532620940228,0.9005882207284047,1.9403260093243613,3.08596150914434,nan,nan,nan,nan,-1.4237564519135455,2.442532620940228,0.039
303.702,tv,0.885,-1.423756451913545,2.442532620940228,0.9005882207284047,1.9403260093243617,3.08596150914434,nan,nan,nan,nan,-1.4237564519135455,2.442532620940228,0.048
303.9,tv,0.885,-1.4237564519135455,2.442532620940228,0.9005882207284047,1.9403260093243613,3.08596150914434,nan,nan,nan,nan,-1.4237564519135455,2.442532620940228,0.045
304.101,tv,0.885,-1.4237564519135455,2.442532620940228,0.9005882207284047,1.9403260093243613,3.08596150914434,nan,nan,nan,nan,-1.4237564519135455,2.442532620940228,0.051
304.302,tv,0.885,-1.423756451913545,2.442532620940228,0.9005882207284047,1.9403260093243617,3.08596150914434,nan,nan,nan,nan,-1.4237564519135455,2.442532620940228,0.03
304.5,tv,0.885,-1.4237564519135455,2.442532620940228,0.9005882207284047,1.9403260093243613,3.08596150914434,nan,nan,nan,nan,-1.4237564519135455,2.442532620940228,0.057
304.701,tv,0.885,-1.4237564519135455,2.442532620940228,0.9005882207284047,1.9403260093243613,3.08596150914434,nan,nan,nan,nan,-1.4237564519135455,2.442532620940228,0.033
304.902,tv,0.885,-1.423756451913545,2.442532620940228,0.9005882207284047,1.9403260093243617,3.08596150914434,nan,nan,nan,nan,-1.4237564519135455,2.442532620940228,0.057
305.1,tv,0.885,-1.4237564519135455,2.442532620940228,0.9005882207284047,1.9403260093243613,3.08596150914434,nan,nan,nan,nan,-1.4237564519135455,2.442532620940228,0.036
305.301,tv,0.885,-1.4237564519135455,2.442532620940228,0.9005882207284047,1.9403260093243613,3.08596150914434,nan,nan,nan,nan,-1.4237564519135455,2.4425326209402285,0.045
305.502,tv,0.885,-1.423756451913545,2.442532620940228,0.9005882207284047,1.9403260093243617,3.08596150914434,nan,nan,nan,nan,-1.4237564519135455,2.442532620940228,0.039
305.7,tv,0.885,-1.4237564519135455,2.442532620940228,0.9005882207284047,1.9403260093243613,3.08596150914434,nan,nan,nan,nan,-1.4237564519135455,2.442532620940228,0.033
305.901,tv,0.885,-1.4237564519135455,2.442532620940228,0.9005882207284047,1.9403260093243613,3.08596150914434,nan,nan,nan,nan,-1.4237564519135455,2.442532620940228,0.042
306.102,tv,0.885,-1.423756451913545,2.442532620940228,0.9005882207284047,1.9403260093243617,3.08596150914434,nan,nan,nan,nan,-1.4237564519135455,2.442532620940228,0.039
306.3,tv,0.885,-1.4237564519135455,2.442532620940228,0.9005882207284047,1.9403260093243613,3.08596150914434,nan,nan,nan,nan,-1.4237564519135455,2.442532620940228,0.039
306.501,tv,0.885,-1.4237564519135455,2.442532620940228,0.9005882207284047,1.9403260093243613,3.08596150914434,nan,nan,nan,nan,-1.4237564519135455,2.442532620940228,0.054
306.702,tv,0.885,-1.423756451913545,2.442532620940228,0.9005882207284047,1.9403260093243617,3.08596150914434,nan,nan,nan,nan,-1.4237564519135455,2.442532620940228,0.048
307.902,tv,0.899,-1.4189434729426535,2.4507886967523405,0.89976789285078,1.9411912474929438,3.084466932070406,nan,nan,nan,nan,-1.4275619042673013,2.5000131525327483,0.042
308.1,tv,0.839,-1.4214300107059814,2.4681949048961838,0.9008644177947873,1.944019154245472,3.078707611177725,nan,nan,nan,nan,-1.4320898156599755,2.531845148341734,0.057
308.301,tv,0.875,-1.4099732430424319,2.4680011857977027,0.8996033114149153,1.9444654405951347,3.0776304846506326,nan,nan,nan,nan,-1.4099732430424317,2.4680011857977027,0.045
308.502,tv,0.875,-1.4099732430424314,2.4680011857977027,0.8996033114149153,1.9444654405951352,3.0776304846506326,nan,nan,nan,nan,-1.4099732430424317,2.4680011857977022,0.048
308.7,tv,0.875,-1.4099732430424319,2.4680011857977027,0.8996033114149153,1.9444654405951347,3.0776304846506326,nan,nan,nan,nan,-1.4099732430424317,2.4680011857977022,0.051
308.901,tv,0.875,-1.4099732430424319,2.4680011857977027,0.8996033114149153,1.9444654405951347,3.0776304846506326,nan,nan,nan,nan,-1.4099732430424317,2.4680011857977022,0.042
309.102,tv,0.875,-1.4099732430424314,2.4680011857977027,0.8996033114149153,1.9444654405951352,3.0776304846506326,nan,nan,nan,nan,-1.4099732430424317,2.4680011857977022,0.051
309.3,tv,0.875,-1.4100723688953303,2.468558245074786,0.8996033114149157,1.9444692006540114,3.0776211502574014,nan,nan,nan,nan,-1.4135128156909438,2.48824228598606,0.051
309.501,tv,0.822,-1.4106163267722986,2.4717394218809057,0.8966354408321153,1.9448774941759042,3.0765791840180157,nan,nan,nan,nan,-1.4144490612587375,2.49384096462831,0.054
309.702,tv,0.824,-1.4067986848689324,2.4756057555994144,0.898956096956722,1.945303583715952,3.0754253672861056,nan,nan,nan,nan,-1.4121232943337971,2.5067373731911333,0.048
309.9,tv,0.846,-1.415917781398742,2.4804519574227375,0.9012692430559636,1.945707998570327,3.074256346307876,nan,nan,nan,nan,-1.417429288002011,2.489210241652806,0.042
310.302,tv,0.83,-1.4107970766015077,2.484239731985418,0.8970707594491782,1.9463421134848435,3.0722418723009417,nan,nan,nan,nan,-1.4110424134069193,2.4856591334144467,0.03
310.701,tv,0.85,-1.4163356157054605,2.496123717205676,0.8959989362099485,1.947010988566476,3.0697857782270974,nan,nan,nan,nan,-1.4228857479009582,2.536323517026724,0.033
310.902,tv,0.687,-1.506554004990208,2.5308231579673777,0.9087095330828143,1.9482390164026515,3.0633980779076304,nan,nan,nan,nan,-1.533126638021036,2.748824584154423,0.075
310.902,chair,0.328,-1.2969501434800372,4.533812284976505,0.3762959159031306,1.9482390164026515,3.0633980779076304,nan,nan,nan,nan,-1.195993912905438,4.73433226415289,0.075
311.1,couch,0.812,-0.3379813968180745,4.406365258006698,0.42923369632814157,1.9487033538926641,3.0522575140242028,nan,nan,nan,nan,-0.2632841399351557,4.5224527214260215,0.054
311.1,tv,0.443,-1.6292599769334553,2.5974249557294495,0.9086903098082707,1.9487033538926641,3.0522575140242028,nan,nan,nan,nan,-1.6485785011239529,2.784458210063509,0.054
311.4,couch,0.796,-0.2862512422586625,4.635835060517654,0.445249897014291,1.9459924317851307,3.0373300467302906,nan,nan,nan,nan,-0.18822247429712963,4.762638950385937,0.06
311.601,couch,0.746,-0.2795632515224098,4.630724535532636,0.4281790422301507,1.9415217250141839,3.0268449384025047,nan,nan,nan,nan,-0.24967234183074394,4.67107388052822,0.036
311.802,couch,0.639,-0.2820287101407666,4.625955452593406,0.42711417217985315,1.9400305225157797,3.0242634671020707,nan,nan,nan,nan,-0.25081740945460945,4.6682234155401865,0.06
312.102,couch,0.701,-0.27368267963721005,4.628193626931861,0.41857088539247,1.933714153832156,3.0157432763152237,nan,nan,nan,nan,-0.19025155994929738,4.736949999570659,0.051
312.3,couch,0.502,-0.2707046710737302,4.627015222346617,0.39671385522039304,1.9277741688808696,3.009936915649461,nan,nan,nan,nan,-0.26942688740285764,4.6287697478338306,0.048
312.501,couch,0.535,-0.2731878417644631,4.626825747967853,0.4051498793296928,1.927737249721838,3.0099055737130507,nan,nan,nan,nan,-0.27318784176446287,4.626825747967853,0.057
312.702,couch,0.535,-0.27318784176446265,4.626825747967853,0.4051498793296928,1.9277372497218384,3.0099055737130507,nan,nan,nan,nan,-0.2731878417644631,4.626825747967853,0.066
312.9,couch,0.535,-0.2731878417644631,4.626825747967853,0.4051498793296928,1.927737249721838,3.0099055737130507,nan,nan,nan,nan,-0.27318784176446287,4.626825747967853,0.06
313.302,couch,0.535,-0.27318784176446265,4.626825747967853,0.4051498793296928,1.9277372497218384,3.0099055737130507,nan,nan,nan,nan,-0.2731878417644631,4.626825747967853,0.045
313.602,couch,0.535,-0.27318784176446265,4.626825747967853,0.4051498793296928,1.9277372497218384,3.0099055737130507,nan,nan,nan,nan,-0.2731878417644631,4.626825747967853,0.036
313.8,couch,0.68,-0.26947719290558236,4.628777060721066,0.4117451210764955,1.9279776637531199,3.0101105996550586,nan,nan,nan,nan,-0.2948985283720448,4.593294698206655,0.051
314.001,couch,0.43,-0.2785595007743409,4.621655287760977,0.4171374081204683,1.9343201750007768,3.0164351938092233,nan,nan,nan,nan,-0.3196749187153589,4.563118427859999,0.039
314.202,couch,0.549,-0.27517499914394783,4.628567401462821,0.39692439155817405,1.936384852798387,3.0189666265947306,nan,nan,nan,nan,-0.2751749991439482,4.6285674014628215,0.063
314.4,couch,0.549,-0.2751749991439483,4.628567401462821,0.39692439155817405,1.9363848527983865,3.0189666265947306,nan,nan,nan,nan,-0.2751749991439478,4.628567401462821,0.042
314.601,couch,0.549,-0.2751749991439483,4.628567401462821,0.39692439155817405,1.9363848527983865,3.0189666265947306,nan,nan,nan,nan,-0.2751749991439478,4.628567401462821,0.051
314.802,couch,0.549,-0.27517499914394783,4.628567401462821,0.39692439155817405,1.936384852798387,3.0189666265947306,nan,nan,nan,nan,-0.2751749991439482,4.6285674014628215,0.045
315.0,couch,0.549,-0.2751749991439483,4.628567401462821,0.39692439155817405,1.9363848527983865,3.0189666265947306,nan,nan,nan,nan,-0.2751749991439478,4.628567401462821,0.039
315.201,couch,0.549,-0.2751749991439483,4.628567401462821,0.39692439155817405,1.9363848527983865,3.0189666265947306,nan,nan,nan,nan,-0.2751749991439478,4.628567401462821,0.033
315.402,couch,0.549,-0.27517499914394783,4.628567401462821,0.39692439155817405,1.936384852798387,3.0189666265947306,nan,nan,nan,nan,-0.2751749991439482,4.6285674014628215,0.042
315.6,couch,0.549,-0.2751749991439483,4.628567401462821,0.39692439155817405,1.9363848527983865,3.0189666265947306,nan,nan,nan,nan,-0.2751749991439478,4.628567401462821,0.054
315.801,couch,0.549,-0.2751749991439483,4.628567401462821,0.39692439155817405,1.9363848527983865,3.0189666265947306,nan,nan,nan,nan,-0.2751749991439478,4.628567401462821,0.045
316.2,couch,0.549,-0.2751749991439483,4.628567401462821,0.39692439155817405,1.9363848527983865,3.0189666265947306,nan,nan,nan,nan,-0.2751749991439478,4.628567401462821,0.066
316.401,couch,0.549,-0.2751749991439483,4.628567401462821,0.39692439155817405,1.9363848527983865,3.0189666265947306,nan,nan,nan,nan,-0.2751749991439478,4.628567401462821,0.027
316.902,couch,0.549,-0.27517499914394783,4.628567401462821,0.39692439155817405,1.936384852798387,3.0189666265947306,nan,nan,nan,nan,-0.2751749991439482,4.6285674014628215,0.042
317.301,couch,0.549,-0.2751749991439483,4.628567401462821,0.39692439155817405,1.9363848527983865,3.0189666265947306,nan,nan,nan,nan,-0.2751749991439478,4.628567401462821,0.045
317.7,couch,0.549,-0.2751749991439483,4.628567401462821,0.39692439155817405,1.9363848527983865,3.0189666265947306,nan,nan,nan,nan,-0.2751749991439478,4.628567401462821,0.054
317.901,couch,0.549,-0.2751749991439483,4.628567401462821,0.39692439155817405,1.9363848527983865,3.0189666265947306,nan,nan,nan,nan,-0.2751749991439478,4.628567401462821,0.042
318.102,couch,0.549,-0.27517499914394783,4.628567401462821,0.39692439155817405,1.936384852798387,3.0189666265947306,nan,nan,nan,nan,-0.2751749991439482,4.6285674014628215,0.054
318.3,couch,0.549,-0.2751749991439483,4.62856740146282,0.39692439155817405,1.9363848527983865,3.01896662659473,nan,nan,nan,nan,-0.2751749991439482,4.628567401462821,0.048
318.501,couch,0.549,-0.2751749991439483,4.628567401462821,0.39692439155817405,1.9363848527983865,3.0189666265947306,nan,nan,nan,nan,-0.2751749991439478,4.628567401462821,0.054
318.9,couch,0.549,-0.2751749991439483,4.628567401462821,0.39692439155817405,1.9363848527983865,3.0189666265947306,nan,nan,nan,nan,-0.2751749991439478,4.628567401462821,0.06
319.101,couch,0.549,-0.2751749991439483,4.628567401462821,0.39692439155817405,1.9363848527983865,3.0189666265947306,nan,nan,nan,nan,-0.2751749991439478,4.628567401462821,0.051
319.302,couch,0.549,-0.27517499914394783,4.628567401462821,0.39692439155817405,1.936384852798387,3.0189666265947306,nan,nan,nan,nan,-0.2720565113510804,4.632848773036567,0.048
319.5,couch,0.434,-0.26828367799430364,4.6339586407951465,0.41801680228503274,1.9345721292460953,3.0167293047711277,nan,nan,nan,nan,-0.22039586488760599,4.697405317753584,0.057
319.701,couch,0.586,-0.26776283835216685,4.627802428768396,0.40108752803652087,1.9294945066714948,3.0114565748270357,nan,nan,nan,nan,-0.2579780570470456,4.641137370286463,0.048
319.902,couch,0.672,-0.2698070047196428,4.629585549379884,0.3844949323170333,1.9286125052290923,3.010662730422765,nan,nan,nan,nan,-0.2626037342508664,4.639417360285843,0.042
320.1,couch,0.826,-0.27104104721807065,4.6335283293981755,0.4094671250059849,1.9255768095970218,3.0081579567306598,nan,nan,nan,nan,-0.20925693349746954,4.7147974478132095,0.057
320.301,couch,0.696,-0.24516188519555615,4.643761670563797,0.3992884293943298,1.9173041621111062,3.00280753714296,nan,nan,nan,nan,-0.1915919889652724,4.713317493338077,0.03
320.502,couch,0.474,-0.1333358275463079,4.973739259054598,0.44068161633638314,1.906246624541515,2.9982513145792398,nan,nan,nan,nan,0.003740257318674417,5.108617518481801,0.069
322.5,chair,0.305,3.1586678929940613,2.731471666592617,0.43172527336093247,1.8618208025917105,3.05172546052325,nan,nan,nan,nan,3.1544030154420013,2.707569667061348,0.057
322.902,chair,0.37,3.876474774447351,2.207569515712768,0.5306224548585827,1.863450225446723,3.0706395618055646,nan,nan,nan,nan,3.8064685332325476,2.0636177359918437,0.075
324.102,chair,0.616,2.83040391739158,2.340796047777073,0.3750203790543265,1.903357335141453,3.1248376904544735,nan,nan,nan,nan,2.789800428299862,2.292881662843951,0.051
326.502,tv,0.85,-1.169449416722212,3.5578169706416327,0.8706539623699439,1.976818037877206,3.0942109582477566,nan,nan,nan,nan,-1.1404878911619027,3.714828138554773,0.054
326.7,tv,0.89,-1.40594934921037,3.731810948023944,0.8935698359744961,1.980774434780288,3.083267331031241,nan,nan,nan,nan,-1.379920990029536,3.8511980255601,0.033
326.901,tv,0.861,-1.4103129672330403,3.782712373109734,0.904753960778067,1.9825501849484792,3.0713379301237542,nan,nan,nan,nan,-1.3728621783861277,3.939356459171849,0.048
327.102,tv,0.861,-1.3849557153900496,3.8103470644511104,0.9024814432932758,1.9819050482355944,3.0594048072206528,nan,nan,nan,nan,-1.34338561031056,3.9760562689634558,0.051
327.102,chair,0.536,-0.8389083806888373,5.729356359792552,0.31767062404090873,1.9819050482355944,3.0594048072206528,nan,nan,nan,nan,-0.7013545255459599,5.865119648931726,0.051
327.3,couch,0.802,0.26696131033774906,5.071164096694204,0.37506243241003845,1.9789607180439075,3.0480259062082737,nan,nan,nan,nan,0.36506019086284036,5.148395480600554,0.048
327.3,tv,0.789,-1.3923869708580756,3.861339886026188,0.9039300820236957,1.9789607180439075,3.0480259062082737,nan,nan,nan,nan,-1.350482591760843,4.019668631440928,0.048
327.501,couch,0.738,0.4641756303646023,5.339328448892956,0.4531819657483801,1.9736478837913396,3.037133646029302,nan,nan,nan,nan,0.6384237626901199,5.442255301054232,0.075
327.501,tv,0.717,-1.4455092323530023,3.947577275034685,0.9125884062082212,1.9736478837913396,3.037133646029302,nan,nan,nan,nan,-1.3701761365417684,4.197508720567153,0.075
327.702,couch,0.584,0.4924162040346314,5.361745446677682,0.4413734443663103,1.9663517362489151,3.0276576483386486,nan,nan,nan,nan,0.6111774170368456,5.43169270404369,0.048
327.9,couch,0.64,0.4923694756955015,5.354334364325746,0.42585786073745147,1.9563988448862792,3.024658168597309,nan,nan,nan,nan,0.5340813153486195,5.3850047201631,0.042
328.101,couch,0.638,0.4920772580863084,5.351379081265291,0.4005842364300938,1.9423680407142054,3.036739644396812,nan,nan,nan,nan,0.5381555402133217,5.385449294386989,0.054
328.602,couch,0.57,0.49252806449186615,5.348152650054313,0.4174350735404982,1.923593862813223,3.058156422319776,nan,nan,nan,nan,0.4925280644918662,5.348152650054313,0.051
328.8,couch,0.578,0.49252516878715125,5.348146567605671,0.4174992760459741,1.9235938628132225,3.058156422319776,nan,nan,nan,nan,0.4925251687871513,5.348146567605671,0.03
329.001,couch,0.578,0.49252516878715125,5.348146567605671,0.4174992760459741,1.9235938628132225,3.058156422319776,nan,nan,nan,nan,0.4925251687871513,5.348146567605671,0.054
329.202,couch,0.577,0.4925440412908886,5.348157489967301,0.4175020236854764,1.923593862813223,3.058156422319776,nan,nan,nan,nan,0.49254404129088863,5.348157489967301,0.033
329.4,couch,0.577,0.49254404129088813,5.348157489967301,0.4175020236854764,1.9235938628132225,3.058156422319776,nan,nan,nan,nan,0.4925440412908882,5.348157489967301,0.042
329.601,couch,0.577,0.49254404129088813,5.348157489967301,0.4175020236854764,1.9235938628132225,3.058156422319776,nan,nan,nan,nan,0.4925440412908882,5.348157489967301,0.051
329.802,couch,0.576,0.4941894017047568,5.350980235093628,0.3824497224760094,1.927978483754809,3.0606865795074425,nan,nan,nan,nan,0.38832607842760586,5.2811380170023865,0.045
330.102,tv,0.894,-1.352050930513159,3.887496744548089,0.9135520984184212,1.941534620634309,3.0725129893000123,nan,nan,nan,nan,-1.4057477821811064,3.6122412654777247,0.084
330.102,couch,0.813,0.47205896773413314,5.353261291255862,0.44368509288121094,1.941534620634309,3.0725129893000123,nan,nan,nan,nan,0.28895096065624387,5.225882736900263,0.084
330.3,tv,0.848,-1.3674865398319187,3.863481452400421,0.9076291460486838,1.9481289530096597,3.082060669681318,nan,nan,nan,nan,-1.4016033520643751,3.696136133419548,0.048
330.3,couch,0.838,0.40930495243801257,5.270753602948535,0.44583714069297087,1.9481289530096597,3.082060669681318,nan,nan,nan,nan,0.30113815266354765,5.192155612165735,0.048
330.501,tv,0.818,-1.370461104567077,3.8233542557027898,0.904358149353439,1.9528570139864359,3.093045829697651,nan,nan,nan,nan,-1.4132434723512461,3.5865248027492,0.072
330.501,couch,0.633,0.08346841421155204,5.175192912229983,0.3491849209665988,1.9528570139864359,3.093045829697651,nan,nan,nan,nan,-0.06032922096614787,5.0394535096223905,0.072
330.702,tv,0.867,-1.4000090957711135,3.787120795755477,0.905905367719195,1.955296707407511,3.10475378413808,nan,nan,nan,nan,-1.4316976062690456,3.6082359169049836,0.054
330.9,tv,0.913,-1.4127059042070067,3.75257401163813,0.9026905003414154,1.955366680883843,3.1165351091716356,nan,nan,nan,nan,-1.4382176162576492,3.6030818991569173,0.042
331.101,tv,0.913,-1.4233760142448375,3.714724374964731,0.8976472337369067,1.9530662300807138,3.1282712170125655,nan,nan,nan,nan,-1.442954777227235,3.5948605906497777,0.036
331.302,tv,0.855,-1.1430877443769065,3.516559282205414,0.8678513334591346,1.9489985894381119,3.1383081084072586,nan,nan,nan,nan,-1.1526704402735515,3.4367932668093326,0.045
331.8,tv,0.531,-1.0383776583839526,3.42345623152881,0.8635156392027131,1.9476968907685104,3.1406973900992794,nan,nan,nan,nan,-1.0262745200016945,3.521503001993895,0.063
332.001,tv,0.906,-1.423328296054362,3.6966012567351414,0.8950334891604009,1.9513197059176792,3.1332364794316283,nan,nan,nan,nan,-1.3984120545291174,3.8235438713830328,0.039
332.202,tv,0.897,-1.4158755249472548,3.7376225351257397,0.9021004761237035,1.9546399795915037,3.121785294911352,nan,nan,nan,nan,-1.3907576805342372,3.8582614536555115,0.033
332.4,tv,0.812,-1.4138027466147856,3.7918374772360557,0.9051412116592399,1.9556143283635405,3.1098917585220756,nan,nan,nan,nan,-1.3957492328140053,3.8743617894034923,0.027
332.601,tv,0.823,-1.3784361248531194,3.8153966023824633,0.9047523262743988,1.9541581004670425,3.097856951014989,nan,nan,nan,nan,-1.3526050890898502,3.926274199482989,0.036
332.802,tv,0.884,-1.368658857774996,3.8580962430907575,0.9076683870820027,1.950326663083399,3.0864316189065693,nan,nan,nan,nan,-1.33120928563009,4.006137610645746,0.048
332.802,couch,0.792,0.3386721996955342,5.160472578667708,0.4256187124082833,1.950326663083399,3.0864316189065693,nan,nan,nan,nan,0.4337147828348843,5.229332808407464,0.048
333.0,tv,0.894,-1.3360684946108763,3.8736472702597258,0.9021047624079234,1.9445168410736673,3.076346154587697,nan,nan,nan,nan,-1.2698373086342987,4.113683107982152,0.075
333.0,couch,0.831,0.47901548736758537,5.362931379031449,0.4458149681047006,1.9445168410736673,3.076346154587697,nan,nan,nan,nan,0.6517357643978957,5.462776856864113,0.075
333.201,tv,0.852,-1.3606083648310714,3.9307462220326346,0.9197334745404321,1.9366156288761343,3.0673558166806747,nan,nan,nan,nan,-1.332046069357091,4.036851600601015,0.033
333.201,couch,0.725,0.48612064539261124,5.355275799068169,0.4359828028291811,1.9366156288761343,3.0673558166806747,nan,nan,nan,nan,0.5602993581766906,5.400200908717893,0.033
333.402,couch,0.6,0.4864460459707709,5.350939072855667,0.42621954828944986,1.9325743198222098,3.0639193531865225,nan,nan,nan,nan,0.48644604597077057,5.350939072855667,0.042
333.6,couch,0.6,0.48644604597077046,5.350939072855667,0.42621954828944986,1.9325743198222094,3.0639193531865225,nan,nan,nan,nan,0.48644604597077035,5.350939072855667,0.036
334.002,couch,0.6,0.4864460459707709,5.350939072855667,0.42621954828944986,1.9325743198222098,3.0639193531865225,nan,nan,nan,nan,0.48644604597077057,5.350939072855667,0.054
334.2,couch,0.6,0.48644604597077046,5.350939072855667,0.42621954828944986,1.9325743198222094,3.0639193531865225,nan,nan,nan,nan,0.48644604597077035,5.350939072855667,0.051
334.401,couch,0.6,0.48644604597077046,5.350939072855667,0.42621954828944986,1.9325743198222094,3.0639193531865225,nan,nan,nan,nan,0.48644604597077035,5.350939072855667,0.045
334.602,couch,0.6,0.4864460459707709,5.350939072855667,0.42621954828944986,1.9325743198222098,3.0639193531865225,nan,nan,nan,nan,0.48644604597077057,5.350939072855667,0.051
334.8,couch,0.6,0.48644604597077046,5.350939072855667,0.42621954828944986,1.9325743198222094,3.0639193531865225,nan,nan,nan,nan,0.48644604597077035,5.350939072855667,0.048
335.001,couch,0.6,0.48644604597077046,5.350939072855667,0.42621954828944986,1.9325743198222094,3.0639193531865225,nan,nan,nan,nan,0.48644604597077035,5.350939072855667,0.072
335.202,couch,0.6,0.4864460459707709,5.350939072855667,0.42621954828944986,1.9325743198222098,3.0639193531865225,nan,nan,nan,nan,0.48644604597077057,5.350939072855667,0.048
335.4,couch,0.6,0.48644604597077046,5.350939072855667,0.42621954828944986,1.9325743198222094,3.0639193531865225,nan,nan,nan,nan,0.48644604597077035,5.350939072855667,0.06
335.601,couch,0.6,0.48644604597077046,5.350939072855667,0.42621954828944986,1.9325743198222094,3.0639193531865225,nan,nan,nan,nan,0.48644604597077035,5.350939072855667,0.039
335.802,couch,0.6,0.4864460459707709,5.350939072855667,0.42621954828944986,1.9325743198222098,3.0639193531865225,nan,nan,nan,nan,0.48644604597077057,5.350939072855667,0.045
336.0,couch,0.6,0.48644604597077046,5.350939072855667,0.42621954828944986,1.9325743198222094,3.0639193531865225,nan,nan,nan,nan,0.48644604597077035,5.350939072855667,0.042
336.201,couch,0.6,0.48644604597077046,5.350939072855667,0.42621954828944986,1.9325743198222094,3.0639193531865225,nan,nan,nan,nan,0.48644604597077035,5.350939072855667,0.048
336.402,couch,0.6,0.4864460459707709,5.350939072855667,0.42621954828944986,1.9325743198222098,3.0639193531865225,nan,nan,nan,nan,0.48644604597077057,5.350939072855667,0.042
336.702,couch,0.6,0.4864460459707709,5.350939072855667,0.42621954828944986,1.9325743198222098,3.0639193531865225,nan,nan,nan,nan,0.48644604597077057,5.350939072855667,0.048
336.9,tv,0.813,-1.4485854233213755,3.9787482823026177,0.9223866111944614,1.9359141409826817,3.0667137135203295,nan,nan,nan,nan,-1.4952422464841189,3.773354758958204,0.063
336.9,couch,0.567,0.47482516707204736,5.3472896836950365,0.4298034747900058,1.9359141409826817,3.0667137135203295,nan,nan,nan,nan,0.34121204041065245,5.256543728276855,0.063
337.101,tv,0.856,-1.3573766177309663,3.880358933287025,0.9122029603263588,1.9438799697810096,3.0754717598348176,nan,nan,nan,nan,-1.3923669535051941,3.7135070524354172,0.051
337.101,couch,0.804,0.47172811514454427,5.3561901260979,0.4436082484931603,1.9438799697810096,3.0754717598348176,nan,nan,nan,nan,0.3591247775885805,5.280663250589034,0.051
337.302,tv,0.909,-1.3694664324218333,3.8417594625896316,0.9046893550937347,1.9500090449837153,3.0857412650982026,nan,nan,nan,nan,-1.4007684540757441,3.684234399987035,0.048
337.302,couch,0.804,0.343862548513133,5.176652427305708,0.4350617247850053,1.9500090449837153,3.0857412650982026,nan,nan,nan,nan,0.24653689044589297,5.09979807784493,0.048
337.5,tv,0.863,-1.3889203415432136,3.8061201976305736,0.9048480370297042,1.9539222588737462,3.0968539278261886,nan,nan,nan,nan,-1.4152100505757124,3.6675800614713308,0.042
337.5,couch,0.355,-0.4443362816488825,5.563564030546934,0.3773993311367899,1.9539222588737462,3.0968539278261886,nan,nan,nan,nan,-0.5452499332978857,5.463134924573028,0.042
337.701,tv,0.843,-1.4013680697965776,3.770596543216055,0.9086201328299738,1.9555802220483436,3.108697890814813,nan,nan,nan,nan,-1.4292188392128091,3.611622753924215,0.048
337.902,tv,0.904,-1.4117173249419965,3.7283071226224442,0.9009836595318204,1.9548401672512725,3.1206344154367702,nan,nan,nan,nan,-1.4427815820966574,3.5288508407690333,0.06
338.1,tv,0.898,-1.442458869759775,3.6970334698883502,0.902053637890506,1.951768130207006,3.132087346234795,nan,nan,nan,nan,-1.46991247871287,3.5102191441879187,0.054
339.501,tv,0.938,-1.41733253569741,3.734328538618464,0.8974827345133146,1.9542284135021517,3.123821386825945,nan,nan,nan,nan,-1.3893775011399978,3.8679716797739316,0.039
339.702,tv,0.911,-1.4122893248480377,3.7697178046881623,0.9014600823902451,1.9556155748241206,3.112032224085447,nan,nan,nan,nan,-1.3744075798614797,3.9375121998158242,0.048
339.9,tv,0.823,-1.3828562810400118,3.796415487992354,0.9043585975153778,1.9546549813181577,3.1002899169887415,nan,nan,nan,nan,-1.3487035373450271,3.943221463886015,0.045
339.9,chair,0.585,-0.6035858125209141,5.569763766713585,0.2937211063827005,1.9546549813181577,3.1002899169887415,nan,nan,nan,nan,-0.4904482045404977,5.679719193358217,0.045
340.101,tv,0.839,-1.3804858589240907,3.8394313591404896,0.9105478599222715,1.951336999557788,3.0887999518795213,nan,nan,nan,nan,-1.3390916151628298,4.005513837730995,0.051
340.101,couch,0.784,0.2977923692803539,5.105021098843494,0.39695625182535693,1.951336999557788,3.0887999518795213,nan,nan,nan,nan,0.4015215852858518,5.183902944490884,0.051
340.401,tv,0.889,-1.343170095046403,3.8848880128855092,0.9059443868944641,1.942306966887056,3.073445396098347,nan,nan,nan,nan,-1.290935669494772,4.077730516241446,0.06
340.401,couch,0.816,0.48014973357576873,5.360673467089825,0.441812646886294,1.942306966887056,3.073445396098347,nan,nan,nan,nan,0.6175971764085924,5.441526791495132,0.06
340.602,couch,0.785,0.48516991366155215,5.351791916626549,0.43013347001873314,1.9342657128292273,3.0652826346002837,nan,nan,nan,nan,0.5350122080944617,5.382410227875692,0.036
340.602,tv,0.333,-1.585676400366636,4.092821979305377,0.9008595626483084,1.9342657128292273,3.0652826346002837,nan,nan,nan,nan,-1.5631388279220717,4.169491438563992,0.036
340.8,couch,0.707,0.4855183344038825,5.350331845004611,0.42738283871071786,1.9326810398089753,3.0640024023129393,nan,nan,nan,nan,0.4855183344038825,5.350331845004611,0.048
341.001,couch,0.707,0.4855183344038825,5.350331845004611,0.42738283871071786,1.9326810398089753,3.0640024023129393,nan,nan,nan,nan,0.4855183344038825,5.350331845004611,0.054
341.301,couch,0.707,0.4855183344038825,5.350331845004611,0.42738283871071786,1.9326810398089753,3.0640024023129393,nan,nan,nan,nan,0.4855183344038825,5.350331845004611,0.048
341.502,couch,0.707,0.4855183344038829,5.350331845004611,0.42738283871071786,1.9326810398089758,3.0640024023129393,nan,nan,nan,nan,0.4855183344038829,5.350331845004611,0.045
341.7,couch,0.707,0.4855183344038825,5.350331845004611,0.42738283871071786,1.9326810398089753,3.0640024023129393,nan,nan,nan,nan,0.4855183344038825,5.350331845004611,0.051
341.901,couch,0.707,0.4855183344038825,5.350331845004611,0.42738283871071786,1.9326810398089753,3.0640024023129393,nan,nan,nan,nan,0.4855183344038825,5.350331845004611,0.045
342.201,couch,0.707,0.4855183344038825,5.350331845004611,0.42738283871071786,1.9326810398089753,3.0640024023129393,nan,nan,nan,nan,0.4855183344038825,5.350331845004611,0.033
342.402,couch,0.707,0.4855183344038829,5.350331845004611,0.42738283871071786,1.9326810398089758,3.0640024023129393,nan,nan,nan,nan,0.4855183344038829,5.350331845004611,0.042
342.6,couch,0.707,0.4855183344038825,5.350331845004611,0.42738283871071786,1.9326810398089753,3.0640024023129393,nan,nan,nan,nan,0.4855183344038825,5.350331845004611,0.057
342.9,couch,0.707,0.4855183344038825,5.350331845004611,0.42738283871071786,1.9326810398089753,3.0640024023129393,nan,nan,nan,nan,0.4855183344038825,5.350331845004611,0.078
343.101,couch,0.707,0.4855183344038825,5.350331845004611,0.42738283871071786,1.9326810398089753,3.0640024023129393,nan,nan,nan,nan,0.4855183344038825,5.350331845004611,0.051
343.302,couch,0.707,0.4855183344038829,5.350331845004611,0.42738283871071786,1.9326810398089758,3.0640024023129393,nan,nan,nan,nan,0.4855183344038829,5.350331845004611,0.045
343.5,couch,0.707,0.4855183344038825,5.350331845004611,0.42738283871071786,1.9326810398089753,3.0640024023129393,nan,nan,nan,nan,0.4855183344038825,5.350331845004611,0.039
343.701,couch,0.707,0.4855183344038825,5.350331845004611,0.42738283871071786,1.9326810398089753,3.0640024023129393,nan,nan,nan,nan,0.4855183344038825,5.350331845004611,0.048
343.902,couch,0.707,0.4855183344038829,5.350331845004611,0.42738283871071786,1.9326810398089758,3.0640024023129393,nan,nan,nan,nan,0.4855183344038829,5.350331845004611,0.042
344.1,couch,0.707,0.4855183344038825,5.350331845004611,0.42738283871071786,1.9326810398089753,3.0640024023129393,nan,nan,nan,nan,0.4855183344038825,5.350331845004611,0.039
344.301,couch,0.707,0.4855183344038825,5.350331845004611,0.42738283871071786,1.9326810398089753,3.0640024023129393,nan,nan,nan,nan,0.4855183344038825,5.350331845004611,0.045
344.502,couch,0.707,0.4855183344038829,5.350331845004611,0.42738283871071786,1.9326810398089758,3.0640024023129393,nan,nan,nan,nan,0.4855183344038829,5.350331845004611,0.054
344.7,couch,0.707,0.4855183344038825,5.350331845004611,0.42738283871071786,1.9326810398089753,3.0640024023129393,nan,nan,nan,nan,0.4855183344038825,5.350331845004611,0.054
344.901,couch,0.707,0.4855183344038825,5.350331845004611,0.42738283871071786,1.9326810398089753,3.0640024023129393,nan,nan,nan,nan,0.4855183344038825,5.350331845004611,0.063
345.102,couch,0.707,0.4855183344038829,5.350331845004611,0.42738283871071786,1.9326810398089758,3.0640024023129393,nan,nan,nan,nan,0.4855183344038829,5.350331845004611,0.036
345.501,couch,0.707,0.4855183344038825,5.350331845004611,0.42738283871071786,1.9326810398089753,3.0640024023129393,nan,nan,nan,nan,0.4855183344038825,5.350331845004611,0.039
345.702,couch,0.707,0.4855183344038829,5.350331845004611,0.42738283871071786,1.9326810398089758,3.0640024023129393,nan,nan,nan,nan,0.4855183344038829,5.350331845004611,0.048
345.9,couch,0.707,0.4855183344038825,5.350331845004611,0.42738283871071786,1.9326810398089753,3.0640024023129393,nan,nan,nan,nan,0.4855183344038825,5.350331845004611,0.045
346.101,couch,0.707,0.4855183344038825,5.350331845004611,0.42738283871071786,1.9326810398089753,3.0640024023129393,nan,nan,nan,nan,0.4855183344038825,5.350331845004611,0.051
346.302,couch,0.707,0.4855183344038829,5.350331845004611,0.42738283871071786,1.9326810398089758,3.0640024023129393,nan,nan,nan,nan,0.4855183344038829,5.350331845004611,0.048
346.5,couch,0.707,0.4855183344038825,5.350331845004611,0.42738283871071786,1.9326810398089753,3.0640024023129393,nan,nan,nan,nan,0.4855183344038825,5.350331845004611,0.072
346.701,couch,0.707,0.4855183344038825,5.350331845004611,0.42738283871071786,1.9326810398089753,3.0640024023129393,nan,nan,nan,nan,0.4855183344038825,5.350331845004611,0.048
346.902,couch,0.757,0.48228374519738804,5.3485034391234105,0.4273098252223717,1.9337659951671053,3.0648692069934445,nan,nan,nan,nan,0.3788729240611362,5.279717615941989,0.06
347.1,tv,0.897,-1.3293869734830492,3.87984418490667,0.9097552586503482,1.941604283027523,3.0725955221952646,nan,nan,nan,nan,-1.3569118104453515,3.7535003859085903,0.036
347.1,couch,0.828,0.47530039038625427,5.3547295503889565,0.44231172712053124,1.941604283027523,3.0725955221952646,nan,nan,nan,nan,0.3888973137551281,5.297629209705915,0.036
347.301,tv,0.895,-1.3610893001168654,3.851598559674838,0.9055528819951327,1.9483534125050088,3.082468594285123,nan,nan,nan,nan,-1.4012547547518117,3.64506685916151,0.063
347.301,couch,0.852,0.39767726439779993,5.25665365946883,0.44980651058398236,1.9483534125050088,3.082468594285123,nan,nan,nan,nan,0.26556276387901206,5.158063561569419,0.063
347.502,tv,0.892,-1.3675823100707727,3.8101602859003507,0.9065102842108502,1.9529955126720977,3.093490354907762,nan,nan,nan,nan,-1.394060470305674,3.6725125207671123,0.042
347.502,couch,0.506,0.0637007797944531,5.172691184561339,0.34638767472097487,1.9529955126720977,3.093490354907762,nan,nan,nan,nan,-0.021249061228691357,5.09393806164083,0.042
347.502,chair,0.418,0.06341374956957813,5.173973830771159,0.3468554890415681,1.9529955126720977,3.093490354907762,nan,nan,nan,nan,-0.02158969363418535,5.095207524997481,0.042
347.7,tv,0.839,-1.3911026726867135,3.775459582727314,0.9047945518561117,1.955326062656447,3.1050390800588366,nan,nan,nan,nan,-1.420701609219154,3.607024810670763,0.051
347.901,tv,0.895,-1.4078199554365334,3.733847036498326,0.9032469681009124,1.9553094814949787,3.1171171052246134,nan,nan,nan,nan,-1.4315403338133783,3.5912497612524286,0.042
348.102,tv,0.885,-1.4190953102628963,3.700964395090066,0.8981922729995675,1.9529295401642868,3.12871630174367,nan,nan,nan,nan,-1.4507872053639517,3.4810408124343617,0.066
348.3,tv,0.83,-1.0621136195787617,3.4552913848171514,0.8596726534490818,1.9483321253401904,3.1395638034267974,nan,nan,nan,nan,-1.0763845810584645,3.295127684964063,0.051
349.302,tv,0.469,-1.0350800973871934,3.4199133378953315,0.8590180541499448,1.947728380610631,3.1406425377295575,nan,nan,nan,nan,-1.0168818074137898,3.5601965383662786,0.045
349.5,tv,0.906,-1.4325921055983584,3.717281430682208,0.9022981494797414,1.9526137253837985,3.1297003732481006,nan,nan,nan,nan,-1.405314777142975,3.8515563943315034,0.042
349.701,tv,0.855,-1.4054998121276379,3.742378702213623,0.9040484186463691,1.9551980060212304,3.1181146031726703,nan,nan,nan,nan,-1.3690205848665025,3.9098625290745916,0.051
350.001,tv,0.821,-1.3835294860484448,3.7944766836097648,0.9047995731798688,1.9546585990511094,3.10030974671948,nan,nan,nan,nan,-1.3519396238212928,3.9315747208470455,0.039
350.001,chair,0.581,-0.6041869575082122,5.5690381921918535,0.2937309702493032,1.9546585990511094,3.10030974671948,nan,nan,nan,nan,-0.4987747013861945,5.671848532538452,0.039
350.301,couch,0.887,0.3824809139940406,5.232634263486727,0.4492695249641516,1.9488551290000788,3.08340879328388,nan,nan,nan,nan,0.48602368336914586,5.3028128073474345,0.045
350.301,tv,0.857,-1.352303754689202,3.8483244940472927,0.9003486890903035,1.9488551290000788,3.08340879328388,nan,nan,nan,nan,-1.313184253298074,4.003335148787053,0.045
350.502,tv,0.897,-1.333562914186044,3.886695570911475,0.9034739731798668,1.942215889719539,3.07333341987247,nan,nan,nan,nan,-1.274185767180224,4.101809735561793,0.069
350.502,couch,0.812,0.4804322759819817,5.358571802949392,0.4451539715640229,1.942215889719539,3.07333341987247,nan,nan,nan,nan,0.634550763959256,5.448555089028621,0.069
350.7,couch,0.735,0.4814388343038245,5.347937948214923,0.42901871746825326,1.9340927812397815,3.0651385265235387,nan,nan,nan,nan,0.5648736835491925,5.398571019802929,0.051
350.901,couch,0.741,0.48321204534083595,5.349128425969502,0.42662927298909703,1.9315573987540726,3.0631471557654177,nan,nan,nan,nan,0.48321204534083534,5.349128425969503,0.042
351.3,couch,0.741,0.48321204534083595,5.349128425969502,0.42662927298909703,1.9315573987540726,3.0631471557654177,nan,nan,nan,nan,0.48321204534083534,5.349128425969503,0.063
351.501,couch,0.741,0.48321204534083595,5.349128425969502,0.42662927298909703,1.9315573987540726,3.0631471557654177,nan,nan,nan,nan,0.48321204534083534,5.349128425969503,0.054
351.702,couch,0.741,0.4832120453408364,5.349128425969502,0.42662927298909703,1.931557398754073,3.0631471557654177,nan,nan,nan,nan,0.48321204534083556,5.349128425969503,0.051
351.9,couch,0.741,0.48321204534083595,5.349128425969502,0.42662927298909703,1.9315573987540726,3.0631471557654177,nan,nan,nan,nan,0.48321204534083534,5.349128425969503,0.06
352.101,couch,0.741,0.48321204534083595,5.349128425969502,0.42662927298909703,1.9315573987540726,3.0631471557654177,nan,nan,nan,nan,0.48321204534083534,5.349128425969503,0.054
352.302,couch,0.741,0.4832120453408364,5.349128425969502,0.42662927298909703,1.931557398754073,3.0631471557654177,nan,nan,nan,nan,0.48321204534083556,5.349128425969503,0.045
352.602,couch,0.741,0.4832120453408364,5.349128425969502,0.42662927298909703,1.931557398754073,3.0631471557654177,nan,nan,nan,nan,0.48321204534083556,5.349128425969503,0.036
352.8,couch,0.741,0.48321204534083595,5.349128425969502,0.42662927298909703,1.9315573987540726,3.0631471557654177,nan,nan,nan,nan,0.48321204534083534,5.349128425969503,0.03
353.4,couch,0.741,0.48321204534083595,5.349128425969502,0.42662927298909703,1.9315573987540726,3.0631471557654177,nan,nan,nan,nan,0.48321204534083534,5.349128425969503,0.042
353.802,couch,0.741,0.4832120453408364,5.349128425969502,0.42662927298909703,1.931557398754073,3.0631471557654177,nan,nan,nan,nan,0.48321204534083556,5.349128425969503,0.06
354.0,couch,0.741,0.48321204534083595,5.349128425969502,0.42662927298909703,1.9315573987540726,3.0631471557654177,nan,nan,nan,nan,0.48321204534083534,5.349128425969503,0.042
354.201,couch,0.741,0.48321204534083595,5.349128425969502,0.42662927298909703,1.9315573987540726,3.0631471557654177,nan,nan,nan,nan,0.48321204534083534,5.349128425969503,0.066
354.402,couch,0.741,0.4832120453408364,5.349128425969502,0.42662927298909703,1.931557398754073,3.0631471557654177,nan,nan,nan,nan,0.48321204534083556,5.349128425969503,0.042
354.6,couch,0.741,0.48321204534083595,5.349128425969502,0.42662927298909703,1.9315573987540726,3.0631471557654177,nan,nan,nan,nan,0.48321204534083534,5.349128425969503,0.069
354.801,couch,0.741,0.48321204534083595,5.349128425969502,0.42662927298909703,1.9315573987540726,3.0631471557654177,nan,nan,nan,nan,0.48321204534083534,5.3491284259695036,0.045
355.002,couch,0.741,0.4832120453408364,5.349128425969502,0.42662927298909703,1.931557398754073,3.0631471557654177,nan,nan,nan,nan,0.48321204534083556,5.349128425969503,0.054
355.602,couch,0.741,0.4832120453408364,5.349128425969502,0.42662927298909703,1.931557398754073,3.0631471557654177,nan,nan,nan,nan,0.48321204534083556,5.349128425969503,0.036
355.8,couch,0.741,0.48321204534083595,5.349128425969502,0.42662927298909703,1.9315573987540726,3.0631471557654177,nan,nan,nan,nan,0.48321204534083534,5.349128425969503,0.066
356.001,couch,0.741,0.48321204534083595,5.349128425969502,0.42662927298909703,1.9315573987540726,3.0631471557654177,nan,nan,nan,nan,0.48321204534083534,5.349128425969503,0.039
356.202,couch,0.741,0.4832120453408364,5.349128425969502,0.42662927298909703,1.931557398754073,3.0631471557654177,nan,nan,nan,nan,0.48321204534083556,5.349128425969503,0.036
356.4,couch,0.741,0.48321204534083595,5.349128425969502,0.42662927298909703,1.9315573987540726,3.0631471557654177,nan,nan,nan,nan,0.48321204534083534,5.349128425969503,0.048
356.601,couch,0.741,0.48321204534083595,5.349128425969502,0.42662927298909703,1.9315573987540726,3.0631471557654177,nan,nan,nan,nan,0.48321204534083534,5.349128425969503,0.069
356.802,couch,0.741,0.4832120453408364,5.349128425969502,0.42662927298909703,1.931557398754073,3.0631471557654177,nan,nan,nan,nan,0.48321204534083556,5.349128425969503,0.048
357.0,couch,0.741,0.48321204534083595,5.349128425969502,0.42662927298909703,1.9315573987540726,3.0631471557654177,nan,nan,nan,nan,0.48321204534083534,5.349128425969503,0.057
