stamp,label,confidence,x,y,z,cam_x,cam_y,true_x,true_y,true_cam_x,true_cam_y,latest_x,latest_y,tf_lag_s
12.402,chair,0.507,2.7397732809381883,-0.19011603986287645,0.47413468036249334,-0.059336465551351775,-0.005598558412426499,nan,nan,nan,nan,2.7454910620812005,-0.06914164874357853,0.066
12.6,chair,0.431,2.7470574173632665,-0.17659543405658684,0.4698484522276868,-0.05383875429126992,-0.011689459613561336,nan,nan,nan,nan,2.751955700478032,-0.1400971165475859,0.03
12.6,chair,0.331,2.711123195337475,1.3752971699588066,0.4042285907900786,-0.05383875429126992,-0.011689459613561336,nan,nan,nan,nan,2.6957348011457922,1.411193034645463,0.03
13.2,chair,0.498,2.7821093028729305,-0.16683349902581712,0.46344952544109114,0.007094179985601419,-0.00507001317878077,nan,nan,nan,nan,2.785963471605373,-0.1428534365816069,0.027
17.7,chair,0.32,2.7506745853961396,-0.25028741540861876,0.49552730039918047,0.3619881758737231,0.2872408510335416,nan,nan,nan,nan,2.7608893613172034,-0.22996544390999482,0.06
17.901,chair,0.488,2.757744596355703,-0.2241291208755935,0.4677622583272215,0.3837034107094296,0.29779286816515066,nan,nan,nan,nan,2.756175027721507,-0.24890844789655162,0.039
18.102,chair,0.681,2.7460012038016486,-0.23466960057614006,0.4688916686076432,0.40790370698354655,0.30745375332531366,nan,nan,nan,nan,2.744503699699723,-0.2648540998190678,0.048
18.102,chair,0.376,2.741782305647278,1.2877517525453444,0.41165112876485943,0.40790370698354655,0.30745375332531366,nan,nan,nan,nan,2.761395440000874,1.2574793868557428,0.048
18.3,chair,0.663,2.7410020659465166,-0.22836094457602996,0.4688454248883331,0.4441960843671286,0.3175443122771643,nan,nan,nan,nan,2.745987781344485,-0.24803016218742308,0.039
18.3,chair,0.399,2.7410916170142916,1.3063107825289282,0.37808914308856867,0.4441960843671286,0.3175443122771643,nan,nan,nan,nan,2.7607345458410935,1.286570714565744,0.039
18.6,chair,0.745,2.7427756188634165,-0.19840146625043598,0.47428271519051624,0.5206003193899823,0.3321943511598715,nan,nan,nan,nan,2.749766498881582,-0.21483822760000423,0.045
18.6,chair,0.47,2.730698131477229,1.33882100591277,0.3861276640594714,0.5206003193899823,0.3321943511598715,nan,nan,nan,nan,2.750343167046215,1.3224315802343098,0.045
19.002,chair,0.591,2.735531979701957,-0.21497606668670816,0.46362345474622046,0.6242186971957164,0.3453506022482798,nan,nan,nan,nan,2.746732498196922,-0.23533200574325674,0.066
19.2,chair,0.359,2.7326523918488297,-0.21065335749545916,0.4514524123472158,0.6761437410828877,0.3492219756696206,nan,nan,nan,nan,2.740556250502931,-0.22452971283395515,0.048
19.2,chair,0.335,3.089590761862585,1.5858105615470248,0.41919403688995416,0.6761437410828877,0.3492219756696206,nan,nan,nan,nan,3.1101842307794385,1.569366262022521,0.048
19.401,chair,0.542,2.7248035470813767,-0.2339388547058618,0.45691144567350966,0.7278297703987777,0.3513361091009431,nan,nan,nan,nan,2.7408197966687964,-0.2556532623590146,0.084
19.701,chair,0.635,2.7263113548165228,-0.20643311579117551,0.4530321323900729,0.8058466654839234,0.352129038306917,nan,nan,nan,nan,2.7377339610075464,-0.21821756426498592,0.057
19.902,chair,0.429,2.7176906086204955,-0.27050693285941213,0.4361295300926925,0.8588884499531066,0.3509372280440159,nan,nan,nan,nan,2.7266169732070695,-0.2814515605762731,0.051
20.301,chair,0.745,2.7158683741122505,-0.2638591745857585,0.4306670828778144,0.9617293731861527,0.34553860609496606,nan,nan,nan,nan,2.726958224250404,-0.2732920826404846,0.054
20.502,chair,0.782,2.716916089344461,-0.25743916778033216,0.4245767865346194,1.0138016448713996,0.34099856173652054,nan,nan,nan,nan,2.737101596444548,-0.26191630762357854,0.078
20.7,chair,0.74,2.71658746768279,-0.26143360268366694,0.4210651168328,1.0649436630819962,0.3351080671760686,nan,nan,nan,nan,2.7342276998038746,-0.25717892175436374,0.06
20.901,chair,0.576,2.718463614401359,-0.25657198682722865,0.4124376800396018,1.116868675601028,0.32920219751200236,nan,nan,nan,nan,2.7327800599108034,-0.2571833095769195,0.051
21.3,chair,0.662,2.7209820163505376,-0.23248118081356678,0.40461321897515035,1.2068239762706954,0.31894113651741746,nan,nan,nan,nan,2.7267974044232486,-0.23312918510778813,0.087
21.6,chair,0.542,2.7194644072273113,-0.24699809509837145,0.400925463674508,1.2130576753788977,0.3182465201299636,nan,nan,nan,nan,2.719464407227311,-0.2469980950983715,0.045
21.801,chair,0.542,2.7194644072273113,-0.24699809509837145,0.400925463674508,1.2130576753788977,0.3182465201299636,nan,nan,nan,nan,2.719464407227311,-0.2469980950983715,0.054
22.401,chair,0.725,2.719749060261334,-0.24884643269073053,0.3990755750125556,1.2472306261253219,0.3145530767969377,nan,nan,nan,nan,2.734435157907441,-0.2462926387544939,0.051
22.602,chair,0.706,5.117089447052468,-1.1792293727023557,0.6563657437707732,1.298984453710547,0.3077498801634601,nan,nan,nan,nan,5.155935388304992,-1.1219119066776633,0.06
22.8,chair,0.595,5.132290712276913,-1.2096637865900095,0.6489888587607963,1.3491765057210139,0.3014347742234857,nan,nan,nan,nan,5.158451668317043,-1.1680088387066818,0.039
23.001,chair,0.575,5.14681958590389,-1.238757723770031,0.6387639952763746,1.397688941955556,0.297080026136717,nan,nan,nan,nan,5.187695814635744,-1.1710881036953213,0.063
23.202,chair,0.557,5.10661020426072,-1.2486082930628006,0.6285872089654027,1.4428264657249839,0.2953393662677063,nan,nan,nan,nan,5.133341507047797,-1.2046492285194088,0.042
23.601,chair,0.423,3.05768246413804,-0.17202523430958233,0.48529052472956946,1.5165956766643762,0.29702704784134243,nan,nan,nan,nan,3.0703154792092446,-0.15052342010018943,0.045
28.2,chair,0.346,3.481965285610909,2.3398035095717336,0.27596110928160433,1.893607631289923,0.5381380704827434,nan,nan,nan,nan,3.4626791281412497,2.367996697786233,0.045
28.401,chair,0.442,3.626439538452007,2.292721742639897,0.6400708264226769,1.9131030074315047,0.5759626635905244,nan,nan,nan,nan,3.6107087050036974,2.319867906996015,0.039
28.701,chair,0.367,3.5749651208564788,2.3050292500197584,0.5678536856514287,1.942272533274378,0.6441775281129981,nan,nan,nan,nan,3.56123715112972,2.332297401699566,0.042
28.902,chair,0.319,3.513781360416829,2.340647543824911,0.28944570363542693,1.959169422584607,0.6935944429490661,nan,nan,nan,nan,3.496530556095013,2.3730377913204768,0.051
36.6,chair,0.585,3.920407868783889,1.3381708824951404,0.3309049740327809,2.4278678564745744,1.9459937223844255,nan,nan,nan,nan,3.8931588289963757,1.2778375344792001,0.045
37.602,chair,0.473,5.616083330317826,0.45548808571411636,0.6873089712006013,2.4526315450307483,1.997477379238444,nan,nan,nan,nan,5.540815765117161,0.3070886783752763,0.048
38.4,potted plant,0.717,0.290325880432472,-1.2808039509639464,0.42371385180192,2.497816004393975,2.0077423599622377,nan,nan,nan,nan,0.175499378363448,-1.1996340406408459,0.036
38.601,potted plant,0.633,0.2605910492869965,-1.2599300872178896,0.4129634456178184,2.5085127063949604,2.003651226705255,nan,nan,nan,nan,0.17881475645580044,-1.2053442818170668,0.045
38.802,potted plant,0.417,0.24213627025092954,-1.2514827116641836,0.42049524194714644,2.505891606857219,1.9848346032715922,nan,nan,nan,nan,0.19109572857831117,-1.2197415018470372,0.039
39.0,potted plant,0.594,0.22795572908574302,-1.2392694580262404,0.4094475271912342,2.5004428253644955,1.965279125798032,nan,nan,nan,nan,0.14970463135251239,-1.1903432788327046,0.066
39.201,potted plant,0.334,0.2415817367216504,-1.2300872427181988,0.42091802991839844,2.4931407403544106,1.9460987200664748,nan,nan,nan,nan,0.19657635018485947,-1.2028779059460801,0.042
39.6,potted plant,0.742,0.19805162013229927,-1.215165660275109,0.4182611092269288,2.4723468989275657,1.9082069395601566,nan,nan,nan,nan,0.169014450388879,-1.1984292938450027,0.03
39.801,potted plant,0.625,0.1816283810744017,-1.2066808772958646,0.4200592949874964,2.4559782378258705,1.885649103440315,nan,nan,nan,nan,0.14003651700643316,-1.1841160346837358,0.039
40.401,potted plant,0.823,0.7075009467655551,-1.5307022438049815,0.4190827558537632,2.4000852612473262,1.7869814990524306,nan,nan,nan,nan,0.6800220281210889,-1.5258488356968352,0.039
40.602,potted plant,0.824,0.7488799955239973,-1.5311529237458463,0.41935597175124983,2.3679899952908565,1.7649999514732604,nan,nan,nan,nan,0.766021601930696,-1.550836528868036,0.045
41.001,potted plant,0.808,0.7576915578057717,-1.5394421202918311,0.42070564154448375,2.2991712352948332,1.6950908530322326,nan,nan,nan,nan,0.7943806594867733,-1.574732179386469,0.063
41.202,potted plant,0.776,0.7583080903086663,-1.5381682138247634,0.4174152179626213,2.264544290223115,1.65586467189918,nan,nan,nan,nan,0.7843118523489937,-1.5627511530928457,0.045
41.4,potted plant,0.837,0.7833117692255027,-1.5404738490985852,0.4193660050955103,2.232199650057299,1.615724934134804,nan,nan,nan,nan,0.8132130254421127,-1.5681889181712287,0.051
41.601,potted plant,0.801,0.7983084682419312,-1.5439700885125962,0.4192143855400853,2.20130130407755,1.5734893090260473,nan,nan,nan,nan,0.8268317184884025,-1.5700482925767223,0.045
41.802,potted plant,0.759,0.7877424740519148,-1.535265866110068,0.4229568383803718,2.172070632864147,1.5300872917390254,nan,nan,nan,nan,0.813692814713449,-1.558671134346682,0.042
42.102,potted plant,0.844,0.8037732604649401,-1.544365917001167,0.4287903048035712,2.1324494126462024,1.4627775694200387,nan,nan,nan,nan,0.8196469074744305,-1.5589715798055632,0.027
42.3,potted plant,0.865,0.8072899495001169,-1.549825257517708,0.4276950129950181,2.1091296979895295,1.4168042379358872,nan,nan,nan,nan,0.8077266305314645,-1.5610747138868213,0.039
42.6,potted plant,0.906,0.8097108459383151,-1.543759062884345,0.427230871874577,2.077269298332947,1.3453880415666286,nan,nan,nan,nan,0.832486403738509,-1.5662413754145943,0.045
42.6,tv,0.837,-1.1407206481608116,-1.3563181724908167,0.8625108432699461,2.077269298332947,1.3453880415666286,nan,nan,nan,nan,-1.1196096372126916,-1.3970132823924286,0.045
42.801,potted plant,0.909,0.8133112228929313,-1.5461597906086044,0.4285837242991507,2.058961935998113,1.2965194594819003,nan,nan,nan,nan,0.8313657564689722,-1.565019715022438,0.039
42.801,tv,0.841,-1.1374774815680686,-1.363802818935434,0.867357661685618,2.058961935998113,1.2965194594819003,nan,nan,nan,nan,-1.120735291298085,-1.397293348946048,0.039
43.002,potted plant,0.892,0.7897290427820305,-1.5523954346774622,0.4341275735602137,2.042440448903333,1.236900459406593,nan,nan,nan,nan,0.8112750767107,-1.5763661619020952,0.051
43.002,tv,0.703,-1.0170296570888646,-1.356821286657509,0.8598337112004147,2.042440448903333,1.236900459406593,nan,nan,nan,nan,-0.9971875293703925,-1.397231437911232,0.051
43.2,potted plant,0.902,0.7977536121553592,-1.5550594833694813,0.43509890391880346,2.028072514148369,1.18742509391803,nan,nan,nan,nan,0.8132541178236008,-1.5737560084761935,0.042
43.5,potted plant,0.906,0.8033259461548479,-1.5581312986116442,0.4435070889055036,2.01005772385835,1.1115082891117396,nan,nan,nan,nan,0.7973885455619507,-1.564734385325783,0.066
43.701,potted plant,0.864,0.7729029883864798,-1.5425283540450057,0.44355814260645954,1.999217230385596,1.0700633314325931,nan,nan,nan,nan,0.7790968292372066,-1.556784076511489,0.042
43.902,potted plant,0.868,0.7710397552350206,-1.5425783561557238,0.44005849211992276,1.9898710829546509,1.0189603023916112,nan,nan,nan,nan,0.772495474435795,-1.557409170527628,0.051
44.1,potted plant,0.778,0.7575152310156483,-1.5435602282016414,0.44538488357943684,1.9815040523174747,0.9681645738578132,nan,nan,nan,nan,0.7390724895874613,-1.5578255307614857,0.048
44.301,potted plant,0.713,0.7412411742784866,-1.5479090444504684,0.4450732658266908,1.9729675261877384,0.9066001948494979,nan,nan,nan,nan,0.7243580232308954,-1.5543812985570225,0.054
44.502,potted plant,0.623,0.7296355224679132,-1.5464049457563498,0.44534179843831034,1.964366772073247,0.8558304229273535,nan,nan,nan,nan,0.7046417729428417,-1.5509481049733218,0.063
44.7,potted plant,0.799,0.7116852425730678,-1.5435890821876022,0.4486609279264639,1.9549441852448508,0.8052829679884683,nan,nan,nan,nan,0.7078988783779459,-1.5533673527296745,0.042
44.901,potted plant,0.785,0.7129276438906051,-1.549826297431296,0.44968474203570663,1.9442676278285558,0.7537507664280952,nan,nan,nan,nan,0.6782222638870461,-1.5431386734220396,0.051
45.201,potted plant,0.561,0.7128186546590269,-1.547676511303397,0.4552417495693636,1.9276298603748405,0.6912194271126523,nan,nan,nan,nan,0.7112026687116336,-1.5520731371778005,0.027
45.201,tv,0.52,-0.9943790350987853,-1.3430643777271163,0.8603278825463733,1.9276298603748405,0.6912194271126523,nan,nan,nan,nan,-0.9959950210465095,-1.347461003604283,0.027
45.201,bed,0.35,1.6845198507985486,0.014166637824369221,0.011784344595925561,1.9276298603748405,0.6912194271126523,nan,nan,nan,nan,1.6829038648486274,0.0097700119515383,0.027
45.402,potted plant,0.552,0.71612442322965,-1.555849715443355,0.45696868332174323,1.922249709397135,0.6762776761971407,nan,nan,nan,nan,0.7161244232297352,-1.5558497154434217,0.051
45.402,tv,0.448,-0.9771004863436195,-1.3624254806323957,0.8548367385886642,1.922249709397135,0.6762776761971407,nan,nan,nan,nan,-0.9771004863435419,-1.3624254806325338,0.051
45.402,bed,0.367,1.6871748149347918,-0.0037358679737432565,0.011552715534991903,1.922249709397135,0.6762776761971407,nan,nan,nan,nan,1.6871748149348114,-0.003735867973769495,0.051
45.6,potted plant,0.494,0.7160846807221914,-1.5558787482398095,0.45647613603774095,1.9222497093971262,0.6762776761971239,nan,nan,nan,nan,0.7160846807221914,-1.5558787482398093,0.045
45.6,tv,0.448,-0.9771171622909156,-1.3624268308584702,0.8548253277078129,1.9222497093971262,0.6762776761971239,nan,nan,nan,nan,-0.9771171622909156,-1.36242683085847,0.045
45.6,bed,0.362,1.6869952799456995,-0.003710697380084893,0.01154006830347415,1.9222497093971262,0.6762776761971239,nan,nan,nan,nan,1.6869952799456995,-0.0037106973800849607,0.045
45.801,potted plant,0.496,0.7160764836232554,-1.5558831478715476,0.4564590303830253,1.9222497093971262,0.6762776761971239,nan,nan,nan,nan,0.7160764836232554,-1.5558831478715474,0.054
45.801,tv,0.45,-0.9771184733740679,-1.3624357339895887,0.8548213018110216,1.9222497093971262,0.6762776761971239,nan,nan,nan,nan,-0.9771184733740679,-1.3624357339895885,0.054
45.801,bed,0.36,1.6869443999323652,-0.0037124146221456655,0.01154686665649493,1.9222497093971262,0.6762776761971239,nan,nan,nan,nan,1.6869443999323652,-0.003712414622145733,0.054
46.002,potted plant,0.479,0.7160071951907208,-1.5558620289231317,0.45646011067808495,1.9222497093971262,0.6762776761971239,nan,nan,nan,nan,0.7160071951907208,-1.5558620289231315,0.03
46.002,tv,0.448,-0.9771735557427714,-1.362420991077847,0.8548464481561477,1.9222497093971262,0.6762776761971239,nan,nan,nan,nan,-0.9771735557427714,-1.3624209910778469,0.03
46.002,bed,0.365,1.6869087392879343,-0.0037197955155212625,0.01153637950450126,1.9222497093971262,0.6762776761971239,nan,nan,nan,nan,1.6869087392879343,-0.00371979551552133,0.03
46.2,potted plant,0.584,0.7235198402693952,-1.5558568931615675,0.4563152115369006,1.9218935484866433,0.6737036723537704,nan,nan,nan,nan,0.69153772683199,-1.5497114531715934,0.093
46.2,tv,0.521,-0.9989022473050293,-1.357191972494005,0.8603623552043655,1.9218935484866433,0.6737036723537704,nan,nan,nan,nan,-1.0281320052275649,-1.3284839433399576,0.093
46.2,bed,0.348,1.682801250570078,-0.0024296169482710406,0.011906052232390218,1.9218935484866433,0.6737036723537704,nan,nan,nan,nan,1.6711009714978697,-0.008993121895048195,0.093
46.602,tv,0.9,-1.2522182984314896,-1.3500141351754813,0.8757679917038858,1.8991604047708364,0.605275610851956,nan,nan,nan,nan,-1.2814044432578122,-1.3141718777558837,0.048
46.602,potted plant,0.586,0.6966075553142341,-1.553608452380855,0.45874066617686843,1.8991604047708364,0.605275610851956,nan,nan,nan,nan,0.6644509060095779,-1.5444321955563118,0.048
46.602,bed,0.387,1.6481610774339328,-0.06639130363150403,0.011365700893753133,1.8991604047708364,0.605275610851956,nan,nan,nan,nan,1.6362795415661877,-0.07038400906282713,0.048
46.902,tv,0.93,-1.503607868184939,-1.3363984206158412,0.890993166424842,1.8822442182293793,0.5620552823320831,nan,nan,nan,nan,-1.5341295226688407,-1.2929392031129008,0.051
46.902,potted plant,0.723,0.6797164487393397,-1.5458958293238125,0.46243371487188545,1.8822442182293793,0.5620552823320831,nan,nan,nan,nan,0.6458713467431231,-1.5345803554262114,0.051
46.902,bed,0.559,1.603472486346307,-0.09103493988881406,0.01180316292322614,1.8822442182293793,0.5620552823320831,nan,nan,nan,nan,1.5909613007111543,-0.0934868804803202,0.051
47.301,tv,0.892,-1.4854332320420371,-1.345028938431082,0.892358088535778,1.8562236291413252,0.5103748550541496,nan,nan,nan,nan,-1.5190691697536296,-1.298583300066121,0.054
47.301,bed,0.733,1.5652939084367672,-0.1324052605434688,0.012082332224752967,1.8562236291413252,0.5103748550541496,nan,nan,nan,nan,1.550707423911233,-0.13502671149166873,0.054
47.301,potted plant,0.45,0.694542567845196,-1.5497148381849064,0.4655670661150072,1.8562236291413252,0.5103748550541496,nan,nan,nan,nan,0.6573447787221531,-1.5381936724043535,0.054
47.502,tv,0.886,-1.4884607393859397,-1.3370806494353293,0.898268743791531,1.8403069598132349,0.4844200353936201,nan,nan,nan,nan,-1.5192755571305283,-1.2943667675627513,0.048
47.502,potted plant,0.81,0.6867282920497613,-1.547927316693666,0.4577749804436925,1.8403069598132349,0.4844200353936201,nan,nan,nan,nan,0.652571031387846,-1.5372371764503463,0.048
47.502,bed,0.349,1.5450704084466707,-0.16122025442488075,0.0119898625767286,1.8403069598132349,0.4844200353936201,nan,nan,nan,nan,1.531250067029652,-0.16332640145422703,0.048
47.7,tv,0.897,-1.4857739026033472,-1.3233761422023582,0.9020047234081396,1.82299263496575,0.4595327369511615,nan,nan,nan,nan,-1.5322360744433539,-1.257819806750245,0.078
47.7,potted plant,0.822,0.6913403245497527,-1.5420365864945567,0.46207506225107103,1.82299263496575,0.4595327369511615,nan,nan,nan,nan,0.6393987282955174,-1.5254782299388367,0.078
47.7,bed,0.445,1.5156592164196099,-0.18140285345697216,0.01160829611604336,1.82299263496575,0.4595327369511615,nan,nan,nan,nan,1.494165373489863,-0.18376299441508887,0.078
48.0,potted plant,0.913,0.7097394303755258,-1.547506550104612,0.4704291446747225,1.7960098110512626,0.42526729396368135,nan,nan,nan,nan,0.6784004835412261,-1.5370951254695282,0.048
48.0,tv,0.835,-1.4702054520551175,-1.339860903420409,0.9026505075806024,1.7960098110512626,0.42526729396368135,nan,nan,nan,nan,-1.4984555568158762,-1.2992418417350955,0.048
48.201,tv,0.9,-1.470742660648852,-1.3313937013881851,0.9071814981160543,1.779179294287216,0.4060094102840327,nan,nan,nan,nan,-1.4967631670240684,-1.2930030274643782,0.042
48.201,potted plant,0.876,0.710411775772233,-1.544442051192744,0.46813737400108324,1.779179294287216,0.4060094102840327,nan,nan,nan,nan,0.6814374139114159,-1.534387583901084,0.042
48.402,tv,0.858,-1.4682908833366832,-1.3200084701904857,0.9072350627390855,1.7624940549647319,0.38872443614574836,nan,nan,nan,nan,-1.4872018239239233,-1.2918285801866058,0.033
48.402,potted plant,0.796,0.7205544615213335,-1.5357735279877573,0.4647943953944128,1.7624940549647319,0.38872443614574836,nan,nan,nan,nan,0.6994871266345671,-1.5284505093864873,0.033
48.6,potted plant,0.843,0.7267063620038143,-1.5313286744382477,0.46410395262346754,1.7464054842015788,0.373558274029986,nan,nan,nan,nan,0.7182433084373754,-1.532063614815751,0.045
48.6,tv,0.782,-1.4832252004435988,-1.3067292155530663,0.9082053045182971,1.7464054842015788,0.373558274029986,nan,nan,nan,nan,-1.4911129452186453,-1.301873753909984,0.045
48.801,potted plant,0.818,0.7068632546189357,-1.543894614163507,0.47889674202789745,1.7299062043304985,0.35926735833259327,nan,nan,nan,nan,0.6802519054477388,-1.5342270380970202,0.039
48.801,tv,0.783,-1.4835267643573808,-1.3296239713831377,0.9107189257334647,1.7299062043304985,0.35926735833259327,nan,nan,nan,nan,-1.5073771299929126,-1.2933960872506105,0.039
48.801,couch,0.436,-1.2927863064107745,0.5870645525161137,0.3454775062186717,1.7299062043304985,0.35926735833259327,nan,nan,nan,nan,-1.2933954619565902,0.6208370922991449,0.039
49.401,tv,0.878,-1.452735606152102,-1.2968799781332714,0.9041542467427961,1.669885022858161,0.320030715979554,nan,nan,nan,nan,-1.4841010635254406,-1.2512923159670377,0.054
49.401,couch,0.419,-0.6941802028254145,0.7421298008177952,0.3420833328620472,1.669885022858161,0.320030715979554,nan,nan,nan,nan,-0.6938306969834361,0.775636376991784,0.054
49.401,chair,0.415,-0.6947778928994319,0.743761245946581,0.34395613724192386,1.669885022858161,0.320030715979554,nan,nan,nan,nan,-0.6944028648202911,0.7772769471973183,0.054
49.8,tv,0.896,-1.4377901446503436,-1.332485731351419,0.9079626288718191,1.6193136378323374,0.2967031322552265,nan,nan,nan,nan,-1.4714139672897852,-1.2859259923890605,0.057
49.8,couch,0.652,-0.6998528300536353,0.8398500820650164,0.44482766151070996,1.6193136378323374,0.2967031322552265,nan,nan,nan,nan,-0.6985559920620801,0.8742325473141667,0.057
50.001,tv,0.917,-1.4532308122084783,-1.3193906655540955,0.9130146967789867,1.5902698674472346,0.28656696550568017,nan,nan,nan,nan,-1.4752296213752913,-1.2893352458862835,0.036
50.001,couch,0.71,-0.6986091669253178,0.9080065127522099,0.45901533623656676,1.5902698674472346,0.28656696550568017,nan,nan,nan,nan,-0.6974842726343559,0.9300935522436758,0.036
50.202,tv,0.924,-1.4310613075366154,-1.321446223766107,0.9126906926552207,1.560004044261559,0.2830673062060338,nan,nan,nan,nan,-1.4656391385418908,-1.2741417507526047,0.057
50.202,couch,0.627,-0.699126518279753,0.9622735662939682,0.3472038248338565,1.560004044261559,0.2830673062060338,nan,nan,nan,nan,-0.6962000264595601,0.9972164482187678,0.057
50.4,tv,0.939,-1.43530094519185,-1.3134050970365079,0.9160555227029191,1.528950270215319,0.2760448997542715,nan,nan,nan,nan,-1.4576989591572604,-1.283608502082943,0.036
50.4,couch,0.758,-0.6987579698162709,1.033681323986055,0.45508704894437885,1.528950270215319,0.2760448997542715,nan,nan,nan,nan,-0.6967865569517496,1.0556910808036644,0.036
50.601,tv,0.935,-1.4374235059309663,-1.3050421844935634,0.9223283310485118,1.4950510430650605,0.27061259405036325,nan,nan,nan,nan,-1.4652830857237742,-1.2677349116828807,0.045
50.601,couch,0.857,-0.6954977895199814,1.026379419883331,0.44346032402270963,1.4950510430650605,0.27061259405036325,nan,nan,nan,nan,-0.6931124340254716,1.053844927711643,0.045
50.802,tv,0.928,-1.415615986001488,-1.3233928018240655,0.9168426472927199,1.4608184049219404,0.26697619220168917,nan,nan,nan,nan,-1.4405013990106181,-1.2905722482901854,0.039
50.802,couch,0.798,-0.70029711644425,1.0083400765923354,0.4421582310099571,1.4608184049219404,0.26697619220168917,nan,nan,nan,nan,-0.6982864183690839,1.032739229739389,0.039
51.0,tv,0.917,-1.5936117940679737,-1.3131405068007582,0.9212889324659839,1.429039021943884,0.26510048209631004,nan,nan,nan,nan,-1.6229516249745108,-1.2712624785831943,0.048
51.0,couch,0.754,-0.6981071775162335,1.000336941181943,0.43849281795995304,1.429039021943884,0.26510048209631004,nan,nan,nan,nan,-0.6954539103645034,1.0295752840552848,0.048
51.201,tv,0.873,-1.8452315696044237,-1.302480257335747,0.9068824756204263,1.3957865230405666,0.265106753157831,nan,nan,nan,nan,-1.880763258726413,-1.2475692925250828,0.06
51.201,couch,0.692,-0.6953522417800628,1.0020437971121765,0.4346770536217504,1.3957865230405666,0.265106753157831,nan,nan,nan,nan,-0.6924335666554856,1.0373653080772,0.06
51.402,couch,0.784,-0.7016073237359595,0.9706136499065345,0.431821044395495,1.3624789353450035,0.2669545681965025,nan,nan,nan,nan,-0.699502900528365,1.0053626430730096,0.051
51.402,tv,0.695,-2.0993444110767463,-1.3332305098433954,0.8765870505442,1.3624789353450035,0.2669545681965025,nan,nan,nan,nan,-2.134985412531989,-1.2751541482428392,0.051
51.6,couch,0.793,-0.699069670523929,0.9707580507847278,0.4244627273562324,1.3296514920083076,0.27039985922463644,nan,nan,nan,nan,-0.69666226485014,1.0016920437385255,0.045
51.9,couch,0.713,-0.6947625325054332,0.9682961884135612,0.41853305767315874,1.2810303945207657,0.27905275099829313,nan,nan,nan,nan,-0.6927521952616972,1.0104851438707516,0.069
52.101,couch,0.314,-0.6990391910515728,0.9521827904733751,0.418541087830278,1.244954073937783,0.28833675524317115,nan,nan,nan,nan,-0.6982196241392997,0.9816071225177523,0.045
52.302,couch,0.64,-0.6965940862476347,0.9555767485478568,0.4163250622006199,1.2082022696507997,0.3002215267697387,nan,nan,nan,nan,-0.6971604084332127,0.9987134426669705,0.069
52.701,couch,0.798,-0.6980153055250033,0.9361934956414427,0.40302051494994395,1.1206296008962298,0.33843553646507263,nan,nan,nan,nan,-0.7005686194104735,0.9625028619985659,0.042
52.701,chair,0.754,-3.247115787805013,0.3689906191221514,0.3755637501962529,1.1206296008962298,0.33843553646507263,nan,nan,nan,nan,-3.2561424125595497,0.4252180588805371,0.042
53.1,couch,0.742,-0.6960373379952642,0.9423237651553337,0.3973437408585405,1.031110081911835,0.3910519996733395,nan,nan,nan,nan,-0.7054131828905688,0.9502018579388697,0.045
53.301,couch,0.704,-0.699109848836704,0.9433495909940461,0.39001349069136504,0.987647658595386,0.4207007279045141,nan,nan,nan,nan,-0.7044245834615235,0.9697373910815462,0.054
53.502,couch,0.326,-0.6974447060161212,1.001042951182135,0.3813859822924378,0.946225481744056,0.45213220466634935,nan,nan,nan,nan,-0.7011581582004668,1.0290061207512966,0.048
53.7,couch,0.429,-0.6960438570311607,1.0659877237856612,0.38499431810315554,0.9057469670283926,0.48528093306246195,nan,nan,nan,nan,-0.705910240237917,1.0818933052796527,0.063
53.901,couch,0.375,-0.700168436130945,1.1091642209380077,0.3919298379258195,0.8669575016706479,0.5191757899918739,nan,nan,nan,nan,-0.70648115662401,1.1289545579968798,0.051
54.3,couch,0.424,-0.6975208059767266,1.1900905119369984,0.405446820001112,0.7936336087366085,0.5925891480490066,nan,nan,nan,nan,-0.7058745750055573,1.1942425695726875,0.039
54.501,couch,0.825,-0.7012228326488735,1.2169481521879852,0.414153668297512,0.757607139673591,0.6304535775860127,nan,nan,nan,nan,-0.7079270077470776,1.2323622767053863,0.048
54.702,couch,0.655,-0.6997424123718018,1.2480107894368484,0.4182580925338067,0.7224915289596777,0.669162850123135,nan,nan,nan,nan,-0.7038383835260198,1.254645172288701,0.024
54.9,couch,0.752,-0.6996060631857923,1.2728109250095092,0.4221421376368189,0.6884404751195508,0.7077748587303088,nan,nan,nan,nan,-0.7090262019139734,1.2894088584005279,0.051
55.101,bed,0.427,-0.7007849127078672,1.2994328701186788,0.42877631773584746,0.65427299102327,0.7524220985160068,nan,nan,nan,nan,-0.708020072567199,1.3089132643574077,0.045
55.101,couch,0.391,-0.7017255870497335,1.3006547509827002,0.42686576222507233,0.65427299102327,0.7524220985160068,nan,nan,nan,nan,-0.7089600879350689,1.3101356522547116,0.045
55.302,chair,0.827,0.009608339473949679,5.471665832309282,0.3666988840022541,0.6203220416300755,0.7919465192712886,nan,nan,nan,nan,0.0019206336852534475,5.485811173788019,0.069
55.302,couch,0.615,-0.7011636307900188,1.3196413253741397,0.4287302799834557,0.6203220416300755,0.7919465192712886,nan,nan,nan,nan,-0.7123819823207204,1.334392612299673,0.069
55.302,bed,0.472,-0.701847838978337,1.3191092751835345,0.431760282196498,0.6203220416300755,0.7919465192712886,nan,nan,nan,nan,-0.7130666427198201,1.3338611441555768,0.069
55.5,chair,0.799,0.00770681329586187,5.4690909651048925,0.36824527220446074,0.5867378042382505,0.8309652086982536,nan,nan,nan,nan,0.0006630965061689958,5.4737378234969505,0.048
55.5,couch,0.714,-0.7013652570580626,1.3448479542743805,0.4337034597883349,0.5867378042382505,0.8309652086982536,nan,nan,nan,nan,-0.7094090358597858,1.3496668759770611,0.048
55.701,chair,0.825,0.007188079327930863,5.469019408666261,0.3691028156591341,0.552363952412609,0.8661771200651869,nan,nan,nan,nan,0.009151037851733093,5.478588933842633,0.042
55.701,couch,0.635,-0.7021968212432027,1.365524041997332,0.43712193574042557,0.552363952412609,0.8661771200651869,nan,nan,nan,nan,-0.7083700272612334,1.3765084028741281,0.042
55.902,chair,0.835,0.006396252563209304,5.467964844598806,0.37288472421180424,0.5192786340623837,0.9058733531884015,nan,nan,nan,nan,0.0029497519794751586,5.479414772529889,0.051
55.902,couch,0.802,-0.7016338543330881,1.3894806125834236,0.4359667146571443,0.5192786340623837,0.9058733531884015,nan,nan,nan,nan,-0.7099785842239067,1.4017839100672291,0.051
56.301,chair,0.797,-0.02432272620318371,5.470613130244614,0.3721384586302424,0.45362889439681714,0.9861982358232838,nan,nan,nan,nan,-0.03386587793707204,5.482094879184256,0.057
56.301,couch,0.559,-0.7022440892055573,1.4273865855618646,0.3730917127099377,0.45362889439681714,0.9861982358232838,nan,nan,nan,nan,-0.7116078778771872,1.4388382650723874,0.057
56.502,chair,0.794,-0.041274991290959295,5.4747096303314775,0.3722768032875829,0.4206810309652652,1.0267635690498533,nan,nan,nan,nan,-0.05117712816424857,5.484195038458461,0.048
56.502,couch,0.579,-0.7017442048023456,1.4446737474594,0.3809588076192297,0.4206810309652652,1.0267635690498533,nan,nan,nan,nan,-0.7097907221178009,1.4538554829008328,0.048
56.901,chair,0.756,-0.10504598635243956,5.717369041987842,0.37980530238077437,0.3549502576037515,1.1078272185562827,nan,nan,nan,nan,-0.11050495195831456,5.728049869017321,0.054
56.901,couch,0.526,-0.7020035245823422,1.4827379048257014,0.3880211678968092,0.3549502576037515,1.1078272185562827,nan,nan,nan,nan,-0.7102578149785805,1.4938137308724933,0.054
57.102,chair,0.754,-0.11735420866548385,5.755229616646091,0.3782890079835811,0.3221632775183595,1.147920230286523,nan,nan,nan,nan,-0.12408258937266528,5.767493997104796,0.06
57.3,chair,0.666,-0.12985122383553954,5.7487602307297765,0.386018072598194,0.2896452933818717,1.188030798186178,nan,nan,nan,nan,-0.1449593454672804,5.755536874632755,0.039
57.501,chair,0.657,-0.15417582836894195,5.737490650687794,0.389658570239252,0.25688192530192977,1.2283440297765427,nan,nan,nan,nan,-0.1660417075835062,5.750069545878076,0.063
57.702,chair,0.618,-0.16964731788519521,5.7284595623343595,0.3954095172384454,0.22392094202700064,1.2688987058507946,nan,nan,nan,nan,-0.17773460254929316,5.736830792100241,0.042
57.9,chair,0.519,-0.18898371754970245,5.729883936516679,0.39779670012615853,0.19146234771214787,1.3088566609334,nan,nan,nan,nan,-0.19858485160090816,5.745391276955016,0.051
58.101,chair,0.41,-0.22642169482641628,5.775222331329962,0.3898400380118431,0.15837734305922735,1.3542067148532555,nan,nan,nan,nan,-0.25139142016279054,5.786001468657931,0.06
58.101,bed,0.303,-0.33588820252461904,1.9542506850050632,0.011717473929919231,0.15837734305922735,1.3542067148532555,nan,nan,nan,nan,-0.34776082573347933,1.9646770678779595,0.06
58.302,bed,0.43,-0.38493824858052683,1.9891109302971202,0.011517953612065202,0.125443209927665,1.394793449133159,nan,nan,nan,nan,-0.40013698939292386,1.9996854113250095,0.069
60.402,bed,0.601,-0.9212257916520085,2.1383360778981335,0.01910485214283128,-0.2702747564592134,1.7684246731457387,nan,nan,nan,nan,-0.9323192772628985,2.1377073767773735,0.033
60.6,bed,0.671,-0.9816372177436881,2.134736523403608,0.02048099817167498,-0.3143209841537038,1.7952072986352134,nan,nan,nan,nan,-0.9953795622736114,2.1334436661755687,0.045
60.801,bed,0.627,-1.0452115258956838,2.125835212838651,0.01996297266093655,-0.3602797806017042,1.8202251702491008,nan,nan,nan,nan,-1.0578698976068592,2.1241811757047357,0.039
61.002,bed,0.493,-1.1031135154869312,2.1248529006153323,0.01779943864292252,-0.4031538390341521,1.8437650388776068,nan,nan,nan,nan,-1.1222013827144102,2.1209780019980693,0.063
61.2,bed,0.514,-1.146029099045419,2.120929585968928,0.018722851639043442,-0.4437883887480253,1.8611644185567289,nan,nan,nan,nan,-1.1507646116097585,2.122715234985224,0.042
61.401,bed,0.58,-1.1568602989474044,2.1250717081055623,0.018649430015111684,-0.45464061113553994,1.8652565331870972,nan,nan,nan,nan,-1.1568602989474046,2.1250717081055623,0.039
61.602,bed,0.58,-1.1520101307884782,2.1288590258282674,0.018649430015111407,-0.45116019142716135,1.865371307773434,nan,nan,nan,nan,-1.1520101307884782,2.128859025828268,0.027
61.8,bed,0.58,-1.1520101307884782,2.1288590258282674,0.018649430015111407,-0.45116019142716135,1.865371307773434,nan,nan,nan,nan,-1.1520101307884782,2.128859025828268,0.042
62.001,bed,0.58,-1.1520101307884782,2.1288590258282674,0.018649430015111407,-0.45116019142716135,1.865371307773434,nan,nan,nan,nan,-1.1520101307884782,2.128859025828268,0.033
62.202,bed,0.707,-1.1495571045869994,2.134976259257247,0.019024289246650533,-0.45137922475383974,1.8648080844402082,nan,nan,nan,nan,-1.1467312991682366,2.142171157150505,0.042
62.4,bed,0.569,-1.1035077954724555,2.1815992962066875,0.027143951940442335,-0.45339663436343414,1.8602624640871745,nan,nan,nan,nan,-1.0965353282324959,2.195305842313463,0.036
62.7,bed,0.34,-0.9692722375493705,2.2715202787630315,0.04125342034535068,-0.4621910792573731,1.847185183731797,nan,nan,nan,nan,-0.9531100335159407,2.290152252804344,0.042
64.902,bed,0.533,2.688241177370465,3.6035011305643607,0.28501529212646187,-0.5648904772456844,1.8740693624808245,nan,nan,nan,nan,2.7483578471944736,3.490856385500918,0.051
66.102,bed,0.397,3.3166794648945626,3.9523907399634854,0.20522460383867216,-0.4563759949122297,1.9067611371293276,nan,nan,nan,nan,3.3527970863460608,3.894212758446778,0.048
69.702,bed,0.388,2.1591046472064184,4.112234847744519,0.22339636452393502,0.025552791426467603,1.7833613218747608,nan,nan,nan,nan,2.114865989820173,4.157292638721194,0.057
69.9,bed,0.392,2.1887256526500773,4.369260200657113,0.27806673336928545,0.04566578490160189,1.7848555729159812,nan,nan,nan,nan,2.141667411527486,4.412346485470028,0.051
70.5,bed,0.781,2.1645864693006134,5.03939764704322,0.32271275247787135,0.10538435620214892,1.7990095863130287,nan,nan,nan,nan,2.106178514136733,5.080588605467532,0.048
70.701,bed,0.689,2.2059986998873446,5.008783027978005,0.3078080377493966,0.124500770594839,1.806502224046311,nan,nan,nan,nan,2.1546954718163334,5.04604011636365,0.045
70.902,bed,0.536,2.186398651610749,5.020225573253028,0.3009243065014861,0.1433574893047902,1.8154126718395127,nan,nan,nan,nan,2.1295230350342074,5.061123336555259,0.054
71.1,bed,0.708,2.1786667565276603,5.026826430092889,0.305207870673624,0.16068632857906107,1.825406277620743,nan,nan,nan,nan,2.1306003098484885,5.061468521128188,0.045
71.301,bed,0.518,2.1551183353582517,5.025742706688346,0.2957461874754104,0.17761293020016378,1.8370310928697728,nan,nan,nan,nan,2.1001602278144875,5.065130479808054,0.054
71.502,bed,0.55,2.2051054194309967,4.995976539819091,0.2956363314610625,0.1935210988470638,1.8498526010996656,nan,nan,nan,nan,2.1432483559281645,5.042181990583961,0.063
71.7,bed,0.584,2.1931531969373674,4.993934855031793,0.2918715196636588,0.208497510222171,1.863346253487508,nan,nan,nan,nan,2.15448342664746,5.022990006678942,0.042
71.901,chair,0.765,0.15668577265479544,5.993800040521286,0.40405664993733015,0.22274689003711734,1.8782553002409454,nan,nan,nan,nan,0.11639953423318221,5.995805534073174,0.036
71.901,bed,0.718,2.182550240667804,4.997918849912472,0.28878013236801653,0.22274689003711734,1.8782553002409454,nan,nan,nan,nan,2.152511422144316,5.021046810863673,0.036
72.102,chair,0.782,0.04068455016103406,5.750595470345094,0.3941887093079304,0.23663689784693837,1.895336365509528,nan,nan,nan,nan,0.012459747360941346,5.751395968390465,0.027
72.102,bed,0.763,2.1784091868480475,4.998407540915098,0.2861511233303024,0.23663689784693837,1.895336365509528,nan,nan,nan,nan,2.1559863611424483,5.0159050034635,0.027
72.402,chair,0.899,0.04644195243283136,5.686515935204687,0.3927970187311019,0.25547689324109185,1.9221383504169538,nan,nan,nan,nan,0.01253148211206468,5.687342411464999,0.033
72.402,bed,0.655,2.223741581577185,4.951181631142225,0.2749659288852124,0.25547689324109185,1.9221383504169538,nan,nan,nan,nan,2.196742251507857,4.972798131060625,0.033
72.6,chair,0.884,0.0407554377547574,5.624368754999959,0.3847155366404194,0.2667830954409232,1.9402215027791552,nan,nan,nan,nan,-0.022793944097403533,5.625747511312259,0.063
72.6,bed,0.788,2.21584850575342,4.935066047722036,0.27024729756029087,0.2667830954409232,1.9402215027791552,nan,nan,nan,nan,2.1644835116123353,4.976143471561551,0.063
72.801,chair,0.9,0.027060857170714436,5.616550754598632,0.38223489590734316,0.2777025915500464,1.9606437429299735,nan,nan,nan,nan,-0.013883603265604859,5.617754644305043,0.042
72.801,bed,0.882,2.1975630923239855,4.899656801185927,0.27097083451192777,0.2777025915500464,1.9606437429299735,nan,nan,nan,nan,2.1649174589720745,4.9264928817020435,0.042
73.2,chair,0.886,0.010856333854149025,5.620315783985485,0.3782581853231095,0.29811127950893196,2.0129770389131165,nan,nan,nan,nan,-0.030812696932259506,5.623519190504164,0.042
73.2,bed,0.846,2.1650474584503465,4.775043014198793,0.2526843842636385,0.29811127950893196,2.0129770389131165,nan,nan,nan,nan,2.133475586612546,4.804445517173995,0.042
73.401,chair,0.897,0.04931340598707795,5.610887779600352,0.3789002511804172,0.30792685619139865,2.0476251320228376,nan,nan,nan,nan,-0.0010815502427003257,5.614817432013329,0.051
73.401,bed,0.792,2.191138693815534,4.728029059943205,0.24790281350489585,0.30792685619139865,2.0476251320228376,nan,nan,nan,nan,2.1535182587891697,4.763609616391354,0.051
73.602,chair,0.885,0.0402491415108292,5.610563060988381,0.3761934966765099,0.3155440106966279,2.081111962999126,nan,nan,nan,nan,-0.00708329959269393,5.614991129529876,0.048
73.602,bed,0.806,2.1956927987544335,4.961504347649361,0.26513917164017103,0.3155440106966279,2.081111962999126,nan,nan,nan,nan,2.15715312420605,4.99588267795147,0.048
73.8,chair,0.909,0.03410836519155036,5.618226149320701,0.37364427330389016,0.32129744883338046,2.119004367381744,nan,nan,nan,nan,0.016124042736657247,5.6258980412075905,0.039
73.8,bed,0.682,2.1877282882003266,5.182310610805333,0.28001497319709734,0.32129744883338046,2.119004367381744,nan,nan,nan,nan,2.1720358495090255,5.201462638679747,0.039
74.001,chair,0.902,0.06802955757070644,5.621831480726184,0.37464891601015915,0.32452264428514827,2.1702869461717356,nan,nan,nan,nan,0.047768774572632226,5.636569952181456,0.063
74.001,bed,0.687,2.18069037665872,5.21551215956452,0.28867299924347245,0.32452264428514827,2.1702869461717356,nan,nan,nan,nan,2.1628667759291105,5.243134351457851,0.063
74.202,chair,0.914,0.06711776517188156,5.623427969160343,0.37853506458390285,0.32657644321909984,2.222516742273019,nan,nan,nan,nan,0.05073853298733452,5.6377029918138275,0.057
74.202,bed,0.707,2.1343321804514743,5.250355905684707,0.2916052915387978,0.32657644321909984,2.222516742273019,nan,nan,nan,nan,2.119769613523691,5.274841322495789,0.057
74.4,chair,0.854,0.06229705523045126,5.622629793772729,0.3734724674290989,0.32765009043764115,2.2739945994966,nan,nan,nan,nan,0.05716965852381031,5.635450243827892,0.051
74.4,bed,0.401,2.1044820718927046,5.302631374874144,0.30171581223569965,0.32765009043764115,2.2739945994966,nan,nan,nan,nan,2.0998745406689547,5.318787339720396,0.051
74.601,chair,0.892,0.07680775689897129,5.626714497824965,0.3744432162615985,0.3282617400807914,2.3262617177168594,nan,nan,nan,nan,0.06222206726831677,5.641183628052762,0.06
74.601,bed,0.341,2.0841946450628224,5.355679688365582,0.30089460536437607,0.3282617400807914,2.3262617177168594,nan,nan,nan,nan,2.0707762193945087,5.3789390767509895,0.06
74.901,chair,0.9,0.0607602841222451,5.7942833064449175,0.38497141964574433,0.3263820513777593,2.404863262247204,nan,nan,nan,nan,0.0731506008126479,5.816231063952339,0.087
75.102,chair,0.901,0.07711853103404187,5.792516770388785,0.38611697782946935,0.3243576044222878,2.4541280533990344,nan,nan,nan,nan,0.09523568192870459,5.805771913149213,0.048
75.3,chair,0.918,0.08067373521539103,5.7775359084743485,0.3818316478252859,0.3226372670789821,2.504304796635883,nan,nan,nan,nan,0.12820896301694634,5.795200362864536,0.057
75.6,chair,0.903,0.08174411890170147,5.762812513777071,0.3856239701897288,0.32147072181015535,2.5758026713447264,nan,nan,nan,nan,0.10329712378545976,5.775541050876171,0.045
75.6,bed,0.721,2.165586828112218,5.2244520461208985,0.287380208419232,0.32147072181015535,2.5758026713447264,nan,nan,nan,nan,2.1834678144866064,5.223162261083594,0.045
75.801,chair,0.906,0.06371682958657376,5.750449770470662,0.38438487767529717,0.32292341308157035,2.6183125079162837,nan,nan,nan,nan,0.10259457995171024,5.763657827324374,0.042
75.801,bed,0.855,2.214082954248493,5.1782027136602276,0.27463888485222193,0.32292341308157035,2.6183125079162837,nan,nan,nan,nan,2.2458630256984913,5.165375675168799,0.042
76.002,chair,0.926,0.06948235088474197,5.741055881376267,0.38208715437554097,0.3266388114567885,2.6590510355469883,nan,nan,nan,nan,0.11357654461083197,5.754352378354051,0.048
76.002,bed,0.849,2.2222473552531445,5.042210965764826,0.2664347489650021,0.3266388114567885,2.6590510355469883,nan,nan,nan,nan,2.2564442417610127,5.025723932148765,0.048
76.2,chair,0.935,0.0725291105939051,5.728459313765086,0.3838749491899785,0.331890849185987,2.6941208354990422,nan,nan,nan,nan,0.06283060398871486,5.731192940749176,0.042
76.2,bed,0.868,2.2198287478444287,4.929260559129842,0.2559602771678689,0.331890849185987,2.6941208354990422,nan,nan,nan,nan,2.212906362083399,4.939493113794335,0.042
76.401,chair,0.931,0.060942701495092344,5.738767711546697,0.38405699018560724,0.33334509847866683,2.6999599297338204,nan,nan,nan,nan,0.06094270149509219,5.738767711546696,0.036
76.401,bed,0.869,2.211747529618593,4.939735948114876,0.2551640228057132,0.33334509847866683,2.6999599297338204,nan,nan,nan,nan,2.2117475296185933,4.939735948114876,0.036
76.602,chair,0.93,0.06096078923668069,5.738594090560829,0.38405442936208356,0.33334509847866683,2.699959929733821,nan,nan,nan,nan,0.06096078923668043,5.738594090560828,0.048
76.602,bed,0.868,2.2118133173049315,4.9397420757978505,0.255245647979797,0.33334509847866683,2.699959929733821,nan,nan,nan,nan,2.2118133173049315,4.93974207579785,0.048
76.8,chair,0.93,0.06096078923668069,5.738594090560829,0.38405442936208356,0.33334509847866683,2.6999599297338204,nan,nan,nan,nan,0.06096078923668065,5.738594090560829,0.039
76.8,bed,0.868,2.2118133173049315,4.93974207579785,0.255245647979797,0.33334509847866683,2.6999599297338204,nan,nan,nan,nan,2.211813317304932,4.939742075797849,0.039
77.001,chair,0.93,0.0609607892366808,5.738594090560829,0.38405442936208356,0.33334509847866695,2.69995992973382,nan,nan,nan,nan,0.06096078923668059,5.738594090560829,0.063
77.001,bed,0.868,2.2118133173049315,4.939742075797849,0.255245647979797,0.33334509847866695,2.69995992973382,nan,nan,nan,nan,2.211813317304932,4.939742075797849,0.063
77.202,chair,0.928,0.06231539373697714,5.733169947160295,0.38651869974730224,0.3332845477608316,2.700285336302503,nan,nan,nan,nan,0.09747126775395976,5.738091590085602,0.045
77.202,bed,0.882,2.2151158743510235,4.9387393373633195,0.25849468289449556,0.3332845477608316,2.700285336302503,nan,nan,nan,nan,2.2408719051303203,4.918638351145713,0.045
77.4,chair,0.93,0.06782515371892467,5.721731827854426,0.38980939749409027,0.3354488978584904,2.719285396149917,nan,nan,nan,nan,0.1130594974386882,5.731097257303154,0.051
77.4,bed,0.865,2.2120484764830124,4.805829937582984,0.2428853746774743,0.3354488978584904,2.719285396149917,nan,nan,nan,nan,2.24355630031581,4.783704359177657,0.051
77.601,chair,0.924,0.0775806364761521,5.71576422011496,0.3851490612000679,0.33921239940349457,2.7403537637558184,nan,nan,nan,nan,0.11828717628016465,5.723473527776052,0.045
77.601,bed,0.854,2.2061818831534628,4.67369343257385,0.2285376879773204,0.33921239940349457,2.7403537637558184,nan,nan,nan,nan,2.232769450026543,4.653043937557667,0.045
77.802,chair,0.913,0.09397065903829507,5.719484326238705,0.39997771306950247,0.3437633437321586,2.7602467156691204,nan,nan,nan,nan,0.1315738669436194,5.726457366975993,0.042
77.802,bed,0.829,2.2118878886533686,4.558224439969263,0.22717709309944206,0.3437633437321586,2.7602467156691204,nan,nan,nan,nan,2.235014595332829,4.539176853738968,0.042
78.0,chair,0.868,0.1529466720197533,5.952626940469474,0.4044910662043617,0.3491982342922819,2.7796458967721502,nan,nan,nan,nan,0.2072867526641004,5.960380984165044,0.048
78.0,bed,0.784,2.201288339902451,4.4736443889219615,0.23525664456718598,0.3491982342922819,2.7796458967721502,nan,nan,nan,nan,2.2307222425896267,4.447502339237994,0.048
78.201,bed,0.641,2.2010783931474838,4.366629194478447,0.237433943837812,0.3557079327396091,2.79897852328731,nan,nan,nan,nan,2.2220458047072333,4.347460198163392,0.042
78.201,chair,0.455,0.2706868802501905,6.050707139853168,0.4004620375290245,0.3557079327396091,2.79897852328731,nan,nan,nan,nan,0.31281067550844205,6.055485707515263,0.042
78.501,bed,0.694,2.218726396148062,4.247656990357296,0.2445665512593752,0.36887619938683425,2.828121094975815,nan,nan,nan,nan,2.2421540638274684,4.225391768589121,0.048
78.702,bed,0.456,2.2531750615914117,4.229292427700566,0.24609491796445518,0.38036492234142955,2.848594310526694,nan,nan,nan,nan,2.2724008983880974,4.210739761235499,0.042
78.9,bed,0.406,2.254996341944954,4.258351814505057,0.2519649700287601,0.39277217317382596,2.8683780152478096,nan,nan,nan,nan,2.271378827105306,4.242641459510971,0.036
79.101,bed,0.395,2.249203959468393,4.286408181343578,0.25319557683405675,0.4061300741069288,2.887445733806255,nan,nan,nan,nan,2.2727232741258163,4.263911638595688,0.051
79.302,bed,0.573,2.259058151945588,4.31396366409431,0.2609963387633499,0.42028642345636286,2.905410850427103,nan,nan,nan,nan,2.2778413117021303,4.2966971091036825,0.039
79.5,bed,0.706,2.258626470180892,4.344254616821895,0.26583885518273276,0.43674192515512883,2.92355365479003,nan,nan,nan,nan,2.2822160653874093,4.323051708165641,0.048
79.701,bed,0.633,2.2482616557204955,4.3989211526637995,0.2720951854260428,0.45387539329899035,2.9408480130414896,nan,nan,nan,nan,2.2766972038873985,4.374265385371081,0.057
80.1,bed,0.81,2.280544363479968,4.494169408094537,0.2937176166044758,0.49488141087679166,2.97477490333889,nan,nan,nan,nan,2.305874765138173,4.474844750700177,0.045
80.301,bed,0.666,2.2817224487414336,4.508667492079042,0.2993303601791482,0.5203316106058915,2.991871637372239,nan,nan,nan,nan,2.303606291222413,4.491800179909525,0.039
80.7,bed,0.706,2.253554964502794,4.294607080835212,0.2772170397443609,0.5720426501560727,3.021562548478418,nan,nan,nan,nan,2.2737856022514413,4.276624304168143,0.042
80.901,bed,0.761,2.255765380898638,4.1914857068404405,0.27254070437514144,0.5971060606383971,3.0334503258994423,nan,nan,nan,nan,2.28827416146619,4.162230872269036,0.069
81.102,bed,0.562,2.2360163184051745,4.110433182473109,0.2533927693095883,0.6307672636511896,3.0461139034771296,nan,nan,nan,nan,2.251186621243488,4.0987803731197765,0.027
81.501,bed,0.585,2.2481734072719863,4.014008205208027,0.23892586695728615,0.7284986769109417,3.0693636193911464,nan,nan,nan,nan,2.260286679013556,4.017932752814352,0.051
81.9,bed,0.648,2.2396324288329956,3.9927282800149984,0.2261160689538767,0.8308775728379221,3.089632263948674,nan,nan,nan,nan,2.250815484957436,3.998447659698632,0.054
82.2,bed,0.528,2.2412566364296023,3.974251301743837,0.21597224751906993,0.9066172108968802,3.1054688495720613,nan,nan,nan,nan,2.2551921430606887,3.971485659460059,0.042
82.401,bed,0.416,2.2429623147982714,3.9491261243600357,0.20666244502437142,0.9577036178291065,3.116478959640442,nan,nan,nan,nan,2.2514933421662624,3.9520633933035607,0.036
82.602,bed,0.352,2.2533208687199764,3.925306072544666,0.19869095117791524,1.0087802079166464,3.1282657323490133,nan,nan,nan,nan,2.2706574520989093,3.918477472317036,0.045
83.001,bed,0.307,2.4342749511497264,3.969829626361398,0.18477725644817744,1.1102511807590902,3.149010348426165,nan,nan,nan,nan,2.4411280399990463,3.9818803769280486,0.048
83.802,potted plant,0.677,5.459620428984175,2.855730918030516,0.3866987344375086,1.3138699800137719,3.1925239928509406,nan,nan,nan,nan,5.475934679698255,2.87386064616843,0.057
84.102,potted plant,0.559,5.488064874821717,2.868966639083777,0.3925235420777079,1.3896865379321657,3.210909970567541,nan,nan,nan,nan,5.5008814346014745,2.890039936652857,0.045
84.501,potted plant,0.618,5.489415476210123,2.899928433713257,0.3883031038264421,1.4897221991559144,3.2384334449396484,nan,nan,nan,nan,5.503383761861134,2.9188854583992514,0.051
84.702,potted plant,0.632,5.494108485335277,2.887069471508368,0.39124420466042975,1.5416222094482204,3.2541187037930235,nan,nan,nan,nan,5.509897889613879,2.898346980202609,0.057
84.9,potted plant,0.644,5.498454061002867,2.844928841037817,0.40391629661214934,1.5901740280521528,3.2697710544876495,nan,nan,nan,nan,5.50635895718258,2.8389111058889647,0.036
85.101,potted plant,0.688,5.497063207901902,2.844026262102813,0.38850108882350376,1.6400124133243146,3.286029778695725,nan,nan,nan,nan,5.506958965135621,2.8319129799454554,0.048
85.302,potted plant,0.79,5.498856089732458,2.8658605785423608,0.3934924798525448,1.6899360184070984,3.302101673848856,nan,nan,nan,nan,5.505471843912622,2.839278320101838,0.039
85.302,bed,0.336,2.6498163175160427,3.9571513101013807,0.138288641065281,1.6899360184070984,3.302101673848856,nan,nan,nan,nan,2.6650423499067193,3.952787805485307,0.039
85.701,potted plant,0.836,5.5080025650512665,2.8463819763994462,0.3882890152382132,1.7901008904882278,3.3293253602266795,nan,nan,nan,nan,5.5155274598808735,2.8273623298871846,0.042
85.701,bed,0.491,2.81729714020255,3.9697503929744204,0.1788277128948928,1.7901008904882278,3.3293253602266795,nan,nan,nan,nan,2.8313146431099057,3.96615723545664,0.042
85.701,tv,0.334,3.216496286000898,2.779559754034321,0.6953654327172227,1.7901008904882278,3.3293253602266795,nan,nan,nan,nan,3.223675364480249,2.773694749945035,0.042
85.902,potted plant,0.834,5.508527116656376,2.852195542011236,0.3933524988823519,1.841072099359542,3.3400632355400472,nan,nan,nan,nan,5.518465847789657,2.833087824506898,0.051
85.902,bed,0.562,2.8782387996084666,3.972176640432865,0.17709988006638017,1.841072099359542,3.3400632355400472,nan,nan,nan,nan,2.8948398160937314,3.9685880391382886,0.051
86.601,bed,0.771,3.05886843311656,3.9737381967402947,0.17726433532615193,2.020336999380527,3.3691361578461887,nan,nan,nan,nan,3.0714195760710847,3.973689810177667,0.045
86.601,potted plant,0.723,5.504457023403775,2.8457625853871793,0.3959836809951647,2.020336999380527,3.3691361578461887,nan,nan,nan,nan,5.515208708279593,2.8418209087363238,0.045
86.601,tv,0.366,3.3035725168174856,2.7844761458446166,0.6726864650381184,2.020336999380527,3.3691361578461887,nan,nan,nan,nan,3.31422939097292,2.7840395640684,0.045
86.802,bed,0.843,3.1049825840170606,3.9749019700959485,0.17649680224955264,2.072126305039442,3.3761443992922016,nan,nan,nan,nan,3.1108212232427928,3.9748823014917836,0.021
86.802,potted plant,0.758,5.514330993829352,2.8616022946098596,0.393962118900423,2.072126305039442,3.3761443992922016,nan,nan,nan,nan,5.519377437003382,2.859869793733372,0.021
87.0,bed,0.785,3.1462028410921246,3.9746023715277965,0.17558590070897484,2.123188572302155,3.3826979568015023,nan,nan,nan,nan,3.157244817409299,3.9785722560773604,0.048
87.0,potted plant,0.695,5.513655218755078,2.856571116666152,0.3997421447200482,2.123188572302155,3.3826979568015023,nan,nan,nan,nan,5.527186339196932,2.865827078304662,0.048
87.201,potted plant,0.802,5.503353107012128,2.843332520134771,0.3960740376690366,2.1753314200494795,3.3894091095029557,nan,nan,nan,nan,5.512940465620236,2.838941409094886,0.042
87.201,bed,0.767,3.2000777525363344,3.9781566988158517,0.17343617107363712,2.1753314200494795,3.3894091095029557,nan,nan,nan,nan,3.2116121559164585,3.9777088506784324,0.042
87.6,potted plant,0.809,5.502826856723123,2.845811839027271,0.3960954336445349,2.27871241972624,3.401460111385846,nan,nan,nan,nan,5.5126759193346455,2.8404785145448535,0.045
87.6,bed,0.752,3.3039714046355275,3.9809509264679197,0.17133796238061433,2.27871241972624,3.401460111385846,nan,nan,nan,nan,3.316129942314095,3.9800801194251583,0.045
87.6,tv,0.563,3.4611164220873087,2.785954983880282,0.6597534525489047,2.27871241972624,3.401460111385846,nan,nan,nan,nan,3.47084815220666,2.7847675515842285,0.045
87.6,refrigerator,0.339,3.3523726695763707,2.9198404917793757,0.22744301740079256,2.27871241972624,3.401460111385846,nan,nan,nan,nan,3.3623764833667975,2.9188735916967214,0.045
87.9,tv,0.813,3.495193553795221,2.7849881941685988,0.6537389933303378,2.3556476382523903,3.409504100697359,nan,nan,nan,nan,3.5071777734234475,2.7827260147086585,0.051
87.9,potted plant,0.675,5.512149550500081,2.8636221798077406,0.40149578044252154,2.3556476382523903,3.409504100697359,nan,nan,nan,nan,5.524373576410495,2.854947124867909,0.051
87.9,bed,0.653,3.3772103953149495,3.9821796809246846,0.1675990775879323,2.3556476382523903,3.409504100697359,nan,nan,nan,nan,3.3930014242316067,3.980286553024551,0.051
87.9,couch,0.324,3.3839251679916478,3.9833946946454555,0.16756841335534625,2.3556476382523903,3.409504100697359,nan,nan,nan,nan,3.3997200258472207,3.981480212428259,0.051
87.9,refrigerator,0.302,3.39708386786712,2.919682819765617,0.2189715017696483,2.3556476382523903,3.409504100697359,nan,nan,nan,nan,3.4094968159466874,2.91773187822597,0.051
88.101,potted plant,0.777,5.524496973591484,2.85677620621522,0.4007181611568872,2.4078440713950515,3.4143455398440956,nan,nan,nan,nan,5.537783027911327,2.846466879154602,0.06
88.101,bed,0.714,3.4405602549398466,3.9848940193176103,0.16392390744580548,2.4078440713950515,3.4143455398440956,nan,nan,nan,nan,3.458071834688101,3.982355694296958,0.06
88.101,refrigerator,0.524,3.4250883751623,2.9182146047485635,0.231824162582066,2.4078440713950515,3.4143455398440956,nan,nan,nan,nan,3.4386183912394115,2.9157414640959893,0.06
88.101,couch,0.332,3.440609224959198,3.9837475064230667,0.1657815300375885,2.4078440713950515,3.4143455398440956,nan,nan,nan,nan,3.4581165246946175,3.981209006596026,0.06
88.101,tv,0.302,3.513856106191093,2.783927485494727,0.6501931293945348,2.4078440713950515,3.4143455398440956,nan,nan,nan,nan,3.526884240589247,2.781123930661275,0.06
88.302,potted plant,0.774,5.5067437132359025,2.843999271307162,0.4021050430599608,2.4597630493389286,3.418785628678615,nan,nan,nan,nan,5.515905791003224,2.835781293070678,0.039
88.302,bed,0.736,3.4893349651986147,3.9859295987411802,0.1608116153737079,2.4597630493389286,3.418785628678615,nan,nan,nan,nan,3.501907713647482,3.9837162536752913,0.039
88.302,refrigerator,0.482,3.4562088592362086,2.9208694620048616,0.23171657484257527,2.4597630493389286,3.418785628678615,nan,nan,nan,nan,3.465609025385114,2.9187595226333913,0.039
88.701,potted plant,0.768,5.517047946822349,2.8708446158464334,0.4056070392378295,2.5632918816946555,3.4255206297442276,nan,nan,nan,nan,5.5266279889784355,2.8643611676681533,0.042
88.701,bed,0.631,3.6113013848671947,3.9876404130064387,0.15740673798090862,2.5632918816946555,3.4255206297442276,nan,nan,nan,nan,3.6235428674078913,3.9856862012846204,0.042
89.1,potted plant,0.763,5.524917165179,2.8786461895332125,0.40463376062127243,2.667072398275746,3.429900514199778,nan,nan,nan,nan,5.535445340326673,2.8736582537158615,0.045
89.1,bed,0.415,3.709915506107376,3.99154844326951,0.15114114153814007,2.667072398275746,3.429900514199778,nan,nan,nan,nan,3.7225298262782394,3.9899556100356652,0.045
89.301,potted plant,0.722,5.527739769720086,2.88669197071012,0.40378647047664484,2.7194980779581686,3.4312447806514106,nan,nan,nan,nan,5.541653934095702,2.883951918328663,0.057
89.301,refrigerator,0.34,3.592880781793557,2.922269875650888,0.23643234853653547,2.7194980779581686,3.4312447806514106,nan,nan,nan,nan,3.6068345781612683,2.9216235307378597,0.057
89.7,potted plant,0.78,5.525431833675935,2.887826722226243,0.40687368225872733,2.8234316349425796,3.4330203335838783,nan,nan,nan,nan,5.540070855980842,2.8858231614181657,0.06
89.7,refrigerator,0.45,3.6561856121935588,2.921567339962542,0.23444068606729987,2.8234316349425796,3.4330203335838783,nan,nan,nan,nan,3.6708524210577123,2.921069556338662,0.06
89.901,potted plant,0.799,5.519897684116937,2.8710945060542827,0.4077303798112718,2.8757931294864134,3.433548901884559,nan,nan,nan,nan,5.532221667084685,2.869741442009869,0.051
89.901,refrigerator,0.43,3.685942631820925,2.921945063602949,0.2359593109094863,2.8757931294864134,3.433548901884559,nan,nan,nan,nan,3.6982950286854,2.921606632789227,0.051
90.102,potted plant,0.813,5.520142139198417,2.8711924171375864,0.40417249408171907,2.9274277646478537,3.4339408059409995,nan,nan,nan,nan,5.5316095195297,2.870195662764699,0.045
90.3,potted plant,0.795,5.522894921805493,2.8754102236100447,0.4060977831791297,2.9789070984781145,3.434219371034388,nan,nan,nan,nan,5.533535179291827,2.8741951976653164,0.039
90.3,refrigerator,0.383,3.7443587753534007,2.921996088383905,0.2363213169494619,2.9789070984781145,3.434219371034388,nan,nan,nan,nan,3.7550225408685107,2.9216700541887515,0.039
90.801,potted plant,0.704,5.521855616537933,2.864764294794925,0.4075161421292521,3.109558045974743,3.434627230540603,nan,nan,nan,nan,5.535167602107767,2.860032502110473,0.054
91.002,potted plant,0.686,5.517524155165821,2.857908422358925,0.4061020469838592,3.16142937729085,3.434437762375359,nan,nan,nan,nan,5.536126416840117,2.8509223082822572,0.078
91.401,potted plant,0.68,5.520564399512504,2.8705400508238945,0.40651912308032023,3.2322332852619193,3.433365444972779,nan,nan,nan,nan,5.520726185528993,2.8705367344843173,0.051
91.602,potted plant,0.679,5.520571483395584,2.8703304540265595,0.4064848080620831,3.2323950712771365,3.433362128628033,nan,nan,nan,nan,5.5205714833955835,2.8703304540265595,0.06
91.8,potted plant,0.679,5.520571483395585,2.87033045402656,0.4064848080620831,3.232395071277137,3.4333621286280334,nan,nan,nan,nan,5.520571483395584,2.8703304540265595,0.039
92.001,potted plant,0.679,5.5205714833955835,2.8703304540265595,0.4064848080620831,3.232395071277136,3.433362128628033,nan,nan,nan,nan,5.5205714833955835,2.8703304540265595,0.063
92.202,potted plant,0.679,5.520525725347335,2.8700715044980654,0.4064848080620831,3.232414649235368,3.433368640078859,nan,nan,nan,nan,5.5206643967622355,2.8642727652385465,0.057
92.4,potted plant,0.75,5.5239388526161495,2.87368721300266,0.40714601402102735,3.2506449151368746,3.4334169420902794,nan,nan,nan,nan,5.53310118182589,2.8687294532587564,0.051
92.601,potted plant,0.759,5.518120486637622,2.8637971558125037,0.4079407443188356,3.299375119600136,3.4322002135674547,nan,nan,nan,nan,5.53064692231829,2.860548305784456,0.045
92.802,potted plant,0.739,5.517888920422948,2.863109395030741,0.41152621324684735,3.3521262547080015,3.4304312186279975,nan,nan,nan,nan,5.5270385636889205,2.860985091918829,0.039
93.0,potted plant,0.722,5.519881400716979,2.848427295355887,0.41057388543965123,3.4030473247760655,3.4284285623636856,nan,nan,nan,nan,5.537167615976041,2.8453448355648323,0.066
93.201,potted plant,0.713,5.520411275051104,2.8621550648165828,0.4103100271381215,3.4552580604535326,3.4261534578825557,nan,nan,nan,nan,5.531049300579864,2.8606627602324743,0.042
93.402,potted plant,0.725,5.521651247983758,2.874899894177186,0.4100079097125169,3.5075894829458325,3.4236744808995767,nan,nan,nan,nan,5.534622520023254,2.8737287465088226,0.051
93.6,potted plant,0.723,5.51926032401073,2.857966862338514,0.41149081759949935,3.558875892682519,3.421119203360239,nan,nan,nan,nan,5.527746084099298,2.8572447224509707,0.03
93.801,potted plant,0.771,5.516264133881739,2.8316949562050633,0.4105587072154442,3.6110723965248406,3.418538826520863,nan,nan,nan,nan,5.530662374767461,2.8296286523395873,0.057
94.101,potted plant,0.769,5.5189646539681165,2.844554109278059,0.40981407998184755,3.688989405986817,3.414897243837432,nan,nan,nan,nan,5.533075660651728,2.8390581052458708,0.06
94.302,potted plant,0.751,5.519273042511836,2.847521623989045,0.4106189574831208,3.741178356411828,3.4121090658354483,nan,nan,nan,nan,5.529538275419084,2.8448266196081273,0.042
94.5,potted plant,0.797,5.519398222158658,2.8542369976554207,0.413758452213254,3.792525698375896,3.4084143981737913,nan,nan,nan,nan,5.538764706406564,2.8599347809017486,0.066
94.701,potted plant,0.816,5.519107661769389,2.8470391133527784,0.41007321684391507,3.84461753119774,3.404028620866714,nan,nan,nan,nan,5.5346243264949555,2.857809005032539,0.042
94.902,potted plant,0.77,5.519387150241302,2.873244404681867,0.41467002987231333,3.89678651676162,3.400106693671225,nan,nan,nan,nan,5.545429024020489,2.9010464987000297,0.066
95.202,potted plant,0.812,5.518475262640004,2.8336019091590186,0.41188537858107765,3.967672512478618,3.397928122090187,nan,nan,nan,nan,5.525139845414446,2.8339553848261865,0.045
95.502,potted plant,0.809,5.519465929402237,2.8327295971997852,0.4117572927418825,3.9833148767843385,3.3987577607103816,nan,nan,nan,nan,5.519465929402237,2.832729597199785,0.048
95.802,potted plant,0.808,5.519478704752903,2.832529239312937,0.41173880184566103,3.9833148767843385,3.3987577607103816,nan,nan,nan,nan,5.519478704752903,2.8325292393129367,0.039
96.0,potted plant,0.808,5.519478704752903,2.832529239312937,0.41173880184566103,3.9833148767843385,3.3987577607103816,nan,nan,nan,nan,5.519478704752903,2.8325292393129367,0.051
96.201,potted plant,0.805,5.51950117260107,2.837406612632603,0.4159783264446003,3.9844096640316824,3.3983732246004763,nan,nan,nan,nan,5.529550243270236,2.8568284491822147,0.042
96.402,potted plant,0.863,5.516817207458125,2.867112985464446,0.4144043384139299,4.011509771137797,3.397510484986572,nan,nan,nan,nan,5.536350257957765,2.8899657074724465,0.051
96.6,potted plant,0.89,5.533921506247262,2.924819907442496,0.4212290183948693,4.053126605110252,3.4001927609900444,nan,nan,nan,nan,5.549135505232713,2.9450084363411144,0.045
96.801,potted plant,0.775,5.929583601494539,2.8791855656406975,0.4756154549635988,4.093018138465544,3.4049422084240386,nan,nan,nan,nan,5.942798624941172,2.9010255268023197,0.039
97.002,potted plant,0.558,5.94204038515616,2.934279987635178,0.4542898803491182,4.131515856851148,3.4115448593481443,nan,nan,nan,nan,5.957062427986925,2.9611516029513827,0.051
103.2,bed,0.501,3.962349070806442,5.7804863122802335,0.27948936427067567,4.736470903156181,4.249750631291448,nan,nan,nan,nan,3.969782207106828,5.7936557668054585,0.042
103.401,bed,0.627,4.003542301651971,5.716003515682445,0.27508376933139866,4.743667275484545,4.300995947339132,nan,nan,nan,nan,3.9996702099145303,5.727047976993114,0.051
108.501,tv,0.305,3.7448490476484726,6.317496039344391,0.4130709275533594,4.8477326765804385,5.290787796341362,nan,nan,nan,nan,3.702870582343519,6.2680660806547746,0.051
108.702,couch,0.311,3.694340689178013,6.154801235161461,0.3482820107302961,4.858690118741432,5.2942958987486515,nan,nan,nan,nan,3.659248459728823,6.102667634464873,0.042
110.1,bed,0.41,4.03325262769864,5.156194228678253,0.34327916444666245,4.893088146887796,5.362904603146627,nan,nan,nan,nan,4.047716966310451,5.10372902624378,0.066
110.502,tv,0.917,3.4692435479041164,2.583900912270245,0.9086812314669546,4.883042062156559,5.38447843749312,nan,nan,nan,nan,3.646041708819727,2.5033929859179023,0.063
110.7,tv,0.896,3.4819421941087945,2.564778305898087,0.9106371157694997,4.875089023394684,5.393253181044499,nan,nan,nan,nan,3.600040084642717,2.510416754249653,0.042
110.7,bed,0.334,4.155181211604021,4.7611706629313515,0.17411298749411847,4.875089023394684,5.393253181044499,nan,nan,nan,nan,4.180464032330899,4.733139904275796,0.042
111.0,tv,0.874,3.49366103890402,2.551414856292427,0.8987099190943448,4.856555093064302,5.385985411094017,nan,nan,nan,nan,3.5435390180593647,2.5228379449342206,0.048
111.0,bed,0.571,4.172872073368896,4.676198855930271,0.1755638886687072,4.856555093064302,5.385985411094017,nan,nan,nan,nan,4.182879717714712,4.659957067542984,0.048
111.201,tv,0.893,3.504880541214557,2.547155667506906,0.8924856433916915,4.842904812233872,5.3705541400673935,nan,nan,nan,nan,3.548713475935438,2.5218869466125375,0.042
111.201,bed,0.656,4.180461828502349,4.62373190208871,0.18142660891330772,4.842904812233872,5.3705541400673935,nan,nan,nan,nan,4.189993309015046,4.609310983421724,0.042
111.402,tv,0.883,3.5065148193554343,2.539824200032711,0.893143719034458,4.830692201250999,5.354036979540238,nan,nan,nan,nan,3.5393207633322517,2.5206332619680163,0.036
111.402,bed,0.717,4.201075038769741,4.578305390167764,0.17226663219397553,4.830692201250999,5.354036979540238,nan,nan,nan,nan,4.208662392028245,4.5675336613577535,0.036
111.6,tv,0.894,3.5137067757323726,2.5323396022551674,0.8920530317745605,4.820083605439945,5.336874933454883,nan,nan,nan,nan,3.5541591596097373,2.508515765729659,0.048
111.6,bed,0.882,4.216403601108039,4.529194061313211,0.1681772092977377,4.820083605439945,5.336874933454883,nan,nan,nan,nan,4.226394681803911,4.5158298820934535,0.048
111.801,tv,0.909,3.5130981784708633,2.5258048848979673,0.8888946513223572,4.810709337991297,5.3185850693996795,nan,nan,nan,nan,3.546665124911279,2.5054842815934015,0.042
111.801,bed,0.883,4.23148174509903,4.482374127944942,0.16313384373254022,4.810709337991297,5.3185850693996795,nan,nan,nan,nan,4.240234721086403,4.4709866008238555,0.042
112.002,tv,0.912,3.5150483503690872,2.5212007214507404,0.8837853448117764,4.802445346037506,5.298938286754076,nan,nan,nan,nan,3.551810656800409,2.498534400628724,0.048
112.002,bed,0.738,4.250054413720579,4.437847579330691,0.15676992002979573,4.802445346037506,5.298938286754076,nan,nan,nan,nan,4.2601694048444605,4.425188748210045,0.048
112.2,tv,0.914,3.061031204124473,2.7766176958376203,0.8812362784722703,4.782873624376741,5.288917229824333,nan,nan,nan,nan,3.1002281961425506,2.744801482927966,0.042
112.2,potted plant,0.863,5.554164876605938,2.4910876330394833,0.44413451053779573,4.782873624376741,5.288917229824333,nan,nan,nan,nan,5.597711505654629,2.5002201174664465,0.042
112.2,bed,0.857,4.117688073597728,4.5014244788850695,0.15174118605249715,4.782873624376741,5.288917229824333,nan,nan,nan,nan,4.128440150533767,4.486714900839002,0.042
112.401,potted plant,0.907,5.52801661722702,2.906328787479118,0.40487664737524764,4.773244707561495,5.2708711753592485,nan,nan,nan,nan,5.555868310071458,2.9125932973765813,0.036
112.401,tv,0.905,3.067265318767604,2.770160121360987,0.8758657567188268,4.773244707561495,5.2708711753592485,nan,nan,nan,nan,3.097005471633251,2.7457628437726465,0.036
112.401,bed,0.817,4.125953291734453,4.436642825926099,0.14576094555533847,4.773244707561495,5.2708711753592485,nan,nan,nan,nan,4.134839100650064,4.425312243820497,0.036
112.602,potted plant,0.903,5.586877276011114,2.911857201397117,0.4068162978880815,4.764873682219348,5.248902233665205,nan,nan,nan,nan,5.615425888358776,2.91719779733239,0.045
112.602,tv,0.898,3.0737294729465425,2.764522404876342,0.8680726393381328,4.764873682219348,5.248902233665205,nan,nan,nan,nan,3.1044057416947632,2.73720544926855,0.045
112.602,bed,0.694,4.128769324106047,4.360922549605383,0.14738865034790666,4.764873682219348,5.248902233665205,nan,nan,nan,nan,4.138603825942069,4.3471858318089,0.045
112.8,potted plant,0.9,5.670928221257254,2.9094120217361996,0.4074632677589073,4.75744542421,5.222818778008195,nan,nan,nan,nan,5.697478858692396,2.9145495602176856,0.039
112.8,tv,0.847,3.0882136096621515,2.7593034695340957,0.8642873027095272,4.75744542421,5.222818778008195,nan,nan,nan,nan,3.116775627926129,2.733115888856477,0.039
112.8,bed,0.593,4.139535176034279,4.297190639910851,0.13818710528641426,4.75744542421,5.222818778008195,nan,nan,nan,nan,4.14936056883659,4.283645580456579,0.039
113.001,tv,0.89,3.1759964328172656,2.783403361836892,0.8546087456644588,4.75076909755679,5.191081637522663,nan,nan,nan,nan,3.2100655860424516,2.7512989340795038,0.051
113.001,potted plant,0.884,5.613512602877488,2.899646061405068,0.40844123176836145,4.75076909755679,5.191081637522663,nan,nan,nan,nan,5.645604623240179,2.9034404563340224,0.051
113.001,bed,0.472,4.1322171965731584,4.237599520693665,0.11995332634732739,4.75076909755679,5.191081637522663,nan,nan,nan,nan,4.144758186141106,4.219425073344287,0.051
113.202,potted plant,0.884,5.633330288636888,2.909349251869064,0.4041316155731216,4.7452663244254545,5.152809508288783,nan,nan,nan,nan,5.660517004705702,2.910562893903784,0.042
113.202,tv,0.809,3.3005895934346787,2.779227956346811,0.8476546842963664,4.7452663244254545,5.152809508288783,nan,nan,nan,nan,3.329595649486661,2.7511378695672457,0.042
113.202,bed,0.384,3.6913102491184686,3.2467727222196077,0.04459907012033498,4.7452663244254545,5.152809508288783,nan,nan,nan,nan,3.714410129483208,3.2235556453314587,0.042
113.4,potted plant,0.898,5.642990014761875,2.9094539021216184,0.40705082436729845,4.742711397836813,5.103691893284527,nan,nan,nan,nan,5.656125668467677,2.9010196521586487,0.054
113.4,tv,0.887,3.3981884353641254,2.777924021118366,0.8531402791585028,4.742711397836813,5.103691893284527,nan,nan,nan,nan,3.4121557550290307,2.755991144459256,0.054
113.601,tv,0.897,3.4385068192394987,2.786003508249675,0.8570003162838887,4.742604772476205,5.051578229486825,nan,nan,nan,nan,3.4444091508630126,2.77412730255477,0.033
113.601,potted plant,0.891,5.60656155788989,2.899865926748639,0.407680113551962,4.742604772476205,5.051578229486825,nan,nan,nan,nan,5.61216848958681,2.893481604976651,0.033
113.802,tv,0.916,3.4563735708589642,2.785475841570061,0.8581816223205729,4.744487165999241,4.998831854221251,nan,nan,nan,nan,3.455806441118039,2.772590014401608,0.054
113.802,potted plant,0.872,5.611852457112539,2.902101850747834,0.40628747179898383,4.744487165999241,4.998831854221251,nan,nan,nan,nan,5.611341614608075,2.8881710290578533,0.054
113.802,refrigerator,0.588,3.657869464435916,2.9229717355177045,0.2338163592498402,4.744487165999241,4.998831854221251,nan,nan,nan,nan,3.6573689693220155,2.909988206547128,0.054
114.0,potted plant,0.86,5.605166359398575,2.8992565202923872,0.4057254053509044,4.746324149433305,4.9479049512013535,nan,nan,nan,nan,5.598022130526732,2.883679869869523,0.048
114.0,tv,0.856,3.471508193036601,2.786186077177029,0.8567262738898005,4.746324149433305,4.9479049512013535,nan,nan,nan,nan,3.4639681917155434,2.7783428762068305,0.048
114.0,refrigerator,0.492,3.677936192540269,2.923550373452035,0.23397542923628684,4.746324149433305,4.9479049512013535,nan,nan,nan,nan,3.6708926649861793,2.914958143405939,0.048
114.201,potted plant,0.878,5.590448151631019,2.8962299653350554,0.4069062383592902,4.747840788122322,4.895666462867625,nan,nan,nan,nan,5.591056092093409,2.8846418287514015,0.042
114.201,refrigerator,0.751,3.690523899320711,2.927223492347326,0.2431661760870037,4.747840788122322,4.895666462867625,nan,nan,nan,nan,3.691127939309223,2.9153953243512802,0.042
114.201,tv,0.547,3.4834664052221433,2.790595315609959,0.8583257763880036,4.747840788122322,4.895666462867625,nan,nan,nan,nan,3.484087708088319,2.778740989634265,0.042
114.402,potted plant,0.871,5.597276155103367,2.8972392221643055,0.40809478549593636,4.74952042108535,4.843433384479144,nan,nan,nan,nan,5.596057138782634,2.8880042099501004,0.033
114.402,tv,0.754,3.500265952491013,2.790682618521994,0.858025602075227,4.74952042108535,4.843433384479144,nan,nan,nan,nan,3.4989645342268556,2.78308182169309,0.033
114.402,refrigerator,0.613,3.7077294459931034,2.9273206984056075,0.23570858777075182,4.74952042108535,4.843433384479144,nan,nan,nan,nan,3.7065344456796496,2.919558185470309,0.033
114.6,potted plant,0.887,5.6012510140870555,2.8945599190678086,0.4090041017528381,4.751228106023229,4.791980801652463,nan,nan,nan,nan,5.598311382102951,2.875864914259385,0.063
114.6,tv,0.862,3.510393167502076,2.7910559523066327,0.8610767319454047,4.751228106023229,4.791980801652463,nan,nan,nan,nan,3.507268811663759,2.7761624851398485,0.063
114.6,refrigerator,0.588,3.7203115933926276,2.927669521431201,0.24259001717699827,4.751228106023229,4.791980801652463,nan,nan,nan,nan,3.7174352663044883,2.9123941780055933,0.063
114.801,potted plant,0.912,5.599148979515062,2.8945811433183506,0.4101648085401418,4.752735039503338,4.739741038763955,nan,nan,nan,nan,5.5963877911675315,2.8830570506692905,0.039
114.801,tv,0.797,3.5217774104832156,2.7915825841013207,0.8600048699573842,4.752735039503338,4.739741038763955,nan,nan,nan,nan,3.5188499138559717,2.7834693638882424,0.039
114.801,refrigerator,0.751,3.733688481907551,2.9280993034438874,0.23883953580578499,4.752735039503338,4.739741038763955,nan,nan,nan,nan,3.730984839706564,2.9196379729236237,0.039
115.2,potted plant,0.847,5.601544218954507,2.8908465940527046,0.41035162766017214,4.754719933686932,4.63601591190239,nan,nan,nan,nan,5.6041918521647975,2.8803066078606547,0.042
115.2,tv,0.773,3.5331106224686213,2.792759310539216,0.8568347800406628,4.754719933686932,4.63601591190239,nan,nan,nan,nan,3.5358940581834553,2.7793962829652026,0.042
115.2,refrigerator,0.71,3.752794079248937,2.92895622530275,0.2337096058518952,4.754719933686932,4.63601591190239,nan,nan,nan,nan,3.7553914199341416,2.9158929091452754,0.042
115.401,potted plant,0.862,5.598149306863949,2.8960091253893525,0.41626054063916634,4.755361901702633,4.583757436111889,nan,nan,nan,nan,5.593444198695039,2.8796007292484593,0.051
115.401,tv,0.808,3.546330256654741,2.7892003552935773,0.8563901032592065,4.755361901702633,4.583757436111889,nan,nan,nan,nan,3.5413324022532513,2.778572500147657,0.051
115.401,refrigerator,0.641,3.766770976838728,2.925552670332343,0.23402989599328786,4.755361901702633,4.583757436111889,nan,nan,nan,nan,3.7621563617088354,2.914303277283957,0.051
115.602,potted plant,0.889,5.562775453937313,2.898925668888293,0.41305381940150254,4.755369040716381,4.5308696224740554,nan,nan,nan,nan,5.558634447831075,2.885836653309481,0.045
115.602,refrigerator,0.576,3.7738190810979027,2.924792254526749,0.23346789980137225,4.755369040716381,4.5308696224740554,nan,nan,nan,nan,3.7697482851858184,2.9161727913573285,0.045
115.602,tv,0.531,3.5391075539657555,2.7897068618558647,0.8454522463707346,4.755369040716381,4.5308696224740554,nan,nan,nan,nan,3.5346999853850405,2.7816742373037053,0.045
115.8,potted plant,0.89,5.532773291584165,2.896399742365105,0.4154786163439528,4.7548708723804145,4.479699307830673,nan,nan,nan,nan,5.533522964069811,2.885392676981948,0.045
115.8,refrigerator,0.539,3.7802526542800226,2.9246601173417135,0.23389394802693017,4.7548708723804145,4.479699307830673,nan,nan,nan,nan,3.780988672312295,2.9127932095446694,0.045
116.001,potted plant,0.818,5.5036071212395905,2.8891529035572923,0.42029082871374923,4.7541384775752995,4.427750132980162,nan,nan,nan,nan,5.497323575335175,2.8730184954245335,0.051
116.001,refrigerator,0.731,3.787801240538458,2.920877440960765,0.2335630999886193,4.7541384775752995,4.427750132980162,nan,nan,nan,nan,3.7816527024678903,2.9113554556177963,0.051
116.202,potted plant,0.826,5.478107895265376,2.8723225899767453,0.4211632534927756,4.752516681935979,4.375506691836731,nan,nan,nan,nan,5.469863968145441,2.8538417323517606,0.057
116.202,refrigerator,0.432,3.790267102109108,2.9201147600103194,0.23310631604528037,4.752516681935979,4.375506691836731,nan,nan,nan,nan,3.78228797204605,2.9102145267480446,0.057
116.202,tv,0.314,3.543077781016727,2.789353533415767,0.8184863172614295,4.752516681935979,4.375506691836731,nan,nan,nan,nan,3.5344370355489736,2.7807117386693854,0.057
116.4,potted plant,0.746,5.496100610031784,2.7524057783775784,0.44321518227627,4.750188861054748,4.324067419822198,nan,nan,nan,nan,5.488930170817907,2.739153103341004,0.039
116.4,tv,0.483,3.539852778849254,2.790794553107653,0.8108527437868985,4.750188861054748,4.324067419822198,nan,nan,nan,nan,3.5328611784230715,2.7857725415946026,0.039
116.4,refrigerator,0.378,3.791248898639105,2.9190133362020143,0.23584814175638494,4.750188861054748,4.324067419822198,nan,nan,nan,nan,3.784794559381184,2.9129324289121303,0.039
116.601,potted plant,0.902,5.580053972857326,2.4764946367103047,0.4437423461613568,4.746965926283093,4.271889036646271,nan,nan,nan,nan,5.56949605325757,2.4603661111955866,0.045
116.601,tv,0.43,3.538573246165745,2.792415884433243,0.8011934792788132,4.746965926283093,4.271889036646271,nan,nan,nan,nan,3.5297451170095497,2.787269629517619,0.045
116.601,refrigerator,0.43,3.78590974544963,2.9183413625799077,0.234878149432005,4.746965926283093,4.271889036646271,nan,nan,nan,nan,3.777755740399644,2.911862167858125,0.045
117.0,refrigerator,0.786,3.762862999000945,2.917634385351872,0.24217980839154338,4.737137116661729,4.168568428665172,nan,nan,nan,nan,3.7601503875750666,2.9063647900103473,0.048
117.0,refrigerator,0.35,3.7876210267539316,2.751654397535865,0.22862578048274368,4.737137116661729,4.168568428665172,nan,nan,nan,nan,3.7847116407043226,2.7403555699701942,0.048
117.201,refrigerator,0.618,3.752245766453308,2.9116060840804203,0.24176663420400885,4.730761738205302,4.11665780355106,nan,nan,nan,nan,3.7438792049701584,2.9097851714102454,0.03
117.201,refrigerator,0.522,3.7953948148372563,2.7480398895343745,0.23029671344972452,4.730761738205302,4.11665780355106,nan,nan,nan,nan,3.786044286919121,2.7459625654031607,0.03
117.402,tv,0.491,3.4416733250855733,2.794813744258453,0.678967545879887,4.722266460995373,4.0649044444311135,nan,nan,nan,nan,3.4244291898158528,2.7970287767733177,0.051
117.402,refrigerator,0.385,3.7317237751785934,2.912806693978353,0.24311977171321317,4.722266460995373,4.0649044444311135,nan,nan,nan,nan,3.7158467365408487,2.9116037009214537,0.051
117.402,refrigerator,0.32,3.7898080425205642,2.7433836350623584,0.2325871942587054,4.722266460995373,4.0649044444311135,nan,nan,nan,nan,3.7719352299628346,2.741509503751891,0.051
117.6,tv,0.368,3.397195166891498,2.7988020093628623,0.6787666834795716,4.711990480759231,4.014408753748868,nan,nan,nan,nan,3.3903436739189665,2.7923568454544605,0.045
117.9,refrigerator,0.38,3.6735090634784138,2.91778810483881,0.2355048180276006,4.692932892649527,3.9387848367065397,nan,nan,nan,nan,3.661167255683337,2.918536755977373,0.036
118.701,tv,0.632,3.100929216744979,2.805813188518525,0.7735247601539019,4.616479496352201,3.749466290824532,nan,nan,nan,nan,3.0793008109942375,2.8182792509273007,0.057
118.902,tv,0.514,3.1246563098198346,2.7903447249739477,0.763955478173833,4.5931233830374065,3.7071610830168047,nan,nan,nan,nan,3.1121476728816386,2.7979195089219098,0.033
119.1,tv,0.45,3.130389049513557,2.794917357089252,0.7652217230420635,4.569229170575947,3.6689847302421983,nan,nan,nan,nan,3.1136056244736263,2.8054507722240754,0.045
119.1,refrigerator,0.364,3.4946275337878663,2.9292867607737345,0.2357453409922215,4.569229170575947,3.6689847302421983,nan,nan,nan,nan,3.47956008407308,2.9350738549379254,0.045
119.301,tv,0.624,3.131364657143445,2.7983136402179425,0.7558274092244046,4.544428487196451,3.633648779138295,nan,nan,nan,nan,3.110367395377418,2.811913888150271,0.057
119.502,refrigerator,0.458,3.557735053568835,2.9251556678060315,0.2340931462887268,4.518935471304086,3.6004845886977255,nan,nan,nan,nan,3.5438218086195987,2.931294838438654,0.048
119.7,refrigerator,0.425,3.5807290809728562,2.927880685299865,0.23421374481377313,4.496053548323167,3.57349385819022,nan,nan,nan,nan,3.5679535772517035,2.9334956104350973,0.042
120.102,refrigerator,0.539,3.624565170680206,2.9272212659556076,0.23390850333835958,4.446891952219067,3.523927396587018,nan,nan,nan,nan,3.610626709031131,2.9334866360559824,0.048
120.402,refrigerator,0.322,2.7209268442006445,2.8868934012563003,0.199901493133087,4.409716079854629,3.492721749548859,nan,nan,nan,nan,2.7100696305850285,2.900957001134877,0.036
121.602,tv,0.759,3.3358302138577396,2.8030451002016448,0.5778453001619949,4.231478816182747,3.3984150616325883,nan,nan,nan,nan,3.317882542646607,2.812512952742347,0.045
121.8,tv,0.37,3.30835465156945,2.8122621614849,0.560528146875618,4.186975172096616,3.3863695796355895,nan,nan,nan,nan,3.297036704509436,2.8121020299010957,0.039
122.502,bed,0.477,2.706287486176831,3.984171217368865,0.18527075618485475,4.0065272103109235,3.3587578993266973,nan,nan,nan,nan,2.696275730240976,4.003665232251194,0.078
122.7,bed,0.613,2.726118773806787,3.986860703336581,0.1873214479348137,3.9550731727532713,3.3560187392986665,nan,nan,nan,nan,2.7163170821045,3.9991665309286866,0.063
122.901,bed,0.585,2.7306568151490307,3.990075841277814,0.18735908916395158,3.9027838402840493,3.355500246484059,nan,nan,nan,nan,2.721291160223491,3.9988517414278033,0.054
123.102,bed,0.652,2.729146619707821,3.981611673672615,0.18745097665061447,3.8505082392259644,3.3562338392591826,nan,nan,nan,nan,2.7240232080969844,3.9866354609195054,0.027
123.3,bed,0.699,2.7263803112045064,3.982882167658871,0.18740168009718663,3.799061603764314,3.35859225230237,nan,nan,nan,nan,2.712155859138652,3.991766919032295,0.072
123.3,tv,0.58,2.663784080799119,2.7925532398618786,0.639751785539227,3.799061603764314,3.35859225230237,nan,nan,nan,nan,2.6411168819836983,2.8019120084923252,0.072
123.501,bed,0.668,2.712846865760859,3.983729249891878,0.18496173903005952,3.746948322092008,3.362628599745025,nan,nan,nan,nan,2.7023648989696634,3.9881101971960002,0.048
123.702,tv,0.543,2.5443247465566774,2.791293980310635,0.6508522370719574,3.6944791468021525,3.3676416162372163,nan,nan,nan,nan,2.5246027309425605,2.7963305158447636,0.072
123.702,bed,0.5,2.6890884739992833,3.9798681912612284,0.18604187011920859,3.6944791468021525,3.3676416162372163,nan,nan,nan,nan,2.6725702969782343,3.984510128159914,0.072
123.9,bed,0.666,2.6624957113344956,3.9800081856598357,0.18729480935492804,3.643746698974851,3.3731965838834044,nan,nan,nan,nan,2.6530403811339736,3.982165343523835,0.039
123.9,tv,0.551,2.5001528463250917,2.7923027654745103,0.6524262875600965,3.643746698974851,3.3731965838834044,nan,nan,nan,nan,2.4894880176942737,2.7946258724449358,0.039
124.101,bed,0.492,2.6290397643859764,3.980129348846406,0.18700408385447015,3.5918533821632166,3.379378077313304,nan,nan,nan,nan,2.6130188284927014,3.9812154306554244,0.06
124.5,bed,0.728,2.5513477517429184,3.9721055272189343,0.18647558822239452,3.488605149780939,3.3869070383930038,nan,nan,nan,nan,2.533438395970456,3.972749031110276,0.066
124.701,bed,0.669,2.5066565504398914,3.9729730256587916,0.18364134369769092,3.4367230497241295,3.3932011379615377,nan,nan,nan,nan,2.494556114980952,3.9722331367467065,0.042
124.902,bed,0.652,2.460993617250845,3.9730063274172682,0.18300015874783898,3.384790243197977,3.3990646562543674,nan,nan,nan,nan,2.4454504193468063,3.971956433445227,0.051
125.1,bed,0.782,2.41050495140325,3.974616063370925,0.18265783703104915,3.3329380077534068,3.4044743251516363,nan,nan,nan,nan,2.398277802533211,3.973693532445407,0.045
125.301,bed,0.802,2.3589887423960576,3.9790763458963077,0.18051663065531665,3.281546748364155,3.409254706713721,nan,nan,nan,nan,2.3417379601484827,3.9776493461772224,0.06
125.502,bed,0.646,2.316622134873674,3.977480893135976,0.18178473486559116,3.229460684221719,3.4135474107392496,nan,nan,nan,nan,2.3021705500645817,3.9764911583287956,0.048
125.7,bed,0.521,2.2836953277004977,3.970981316641955,0.1862578018749877,3.1779577960566936,3.417282118597865,nan,nan,nan,nan,2.2669501916075285,3.9698542886022783,0.06
125.901,bed,0.466,2.271843199892112,3.95130318307311,0.18323251074949243,3.1253353075649644,3.4206466416046872,nan,nan,nan,nan,2.2582544585282123,3.9504757754121074,0.051
129.9,tv,0.517,-1.007263530594889,1.5905744071841648,0.462862386105542,2.081722655871804,3.403501262183199,nan,nan,nan,nan,-1.0201475849684851,1.587571636207855,0.051
130.101,tv,0.58,-0.9552952661154075,1.5915282617550806,0.45902992042563895,2.0296292737947876,3.3993293756004364,nan,nan,nan,nan,-0.9660067515555779,1.5890109827806036,0.045
130.302,tv,0.562,-0.9115640070308995,1.5912995481089456,0.4548408488476601,1.9823398830258612,3.3950056398762394,nan,nan,nan,nan,-0.9242850533837073,1.5933097241110865,0.042
132.3,couch,0.574,-0.725767754881339,1.5710248514035714,0.44990735355399747,1.464852754146189,3.3498234793751447,nan,nan,nan,nan,-0.7311614913363916,1.562775392859229,0.039
132.501,couch,0.527,-0.7234808596246403,1.5531886265311012,0.4440781674010823,1.413186346049382,3.341909363654564,nan,nan,nan,nan,-0.7290098436518299,1.5379278662716274,0.063
132.702,couch,0.335,-0.7273028923726996,1.54026309559645,0.44133096433380653,1.3592931659658976,3.334134257696597,nan,nan,nan,nan,-0.7310423519681358,1.530728599725895,0.042
132.9,couch,0.615,-0.7241631554611072,1.5164122008392305,0.4418910114519553,1.3084337137369404,3.324705293782347,nan,nan,nan,nan,-0.7298665218632387,1.4954334839936592,0.084
133.101,couch,0.611,-0.7204557039943331,1.501198966970146,0.4446374487883544,1.257866639865302,3.3142086806745437,nan,nan,nan,nan,-0.7248201690541843,1.4959579228105493,0.03
133.302,couch,0.44,-0.7237829813146894,1.4967953473622158,0.4438125274107053,1.2068582412257096,3.302814746075284,nan,nan,nan,nan,-0.7293576026524883,1.4850108598135168,0.054
133.5,couch,0.578,-0.7200837657909571,1.4807170172147246,0.4467119923634323,1.1567562620493026,3.290945021370213,nan,nan,nan,nan,-0.7250904298280607,1.4703696849910435,0.048
133.701,couch,0.326,-0.7149364734577945,1.466757422935638,0.4460154435448952,1.1056494272063595,3.2779337940434496,nan,nan,nan,nan,-0.7187469942701837,1.4577754409222077,0.042
133.902,couch,0.339,-0.7101689859738085,1.4630095605873101,0.44443755867094625,1.0600339405475947,3.2639436237294355,nan,nan,nan,nan,-0.7144460907666532,1.4569351579830427,0.033
134.1,couch,0.434,-0.706240085550049,1.4545848058712703,0.4526440312747677,1.010547506206764,3.24973452106674,nan,nan,nan,nan,-0.7119506358321894,1.4461628844993912,0.045
134.301,couch,0.369,-0.701549151358126,1.4460991405724408,0.44777836498667095,0.9606396130314316,3.234656775829072,nan,nan,nan,nan,-0.7063179000134744,1.4376261900087919,0.042
135.801,tv,0.473,-0.6336226571070365,0.6175929920113838,0.6015021701498925,0.6080761905703935,3.0998388262544703,nan,nan,nan,nan,-0.60703910485432,0.5914180971523547,0.054
136.8,tv,0.69,-0.5841872626010511,0.63910860420226,0.5945267191817658,0.4731539522095751,3.0115137198852384,nan,nan,nan,nan,-0.5821106214321656,0.6330220127719905,0.039
137.001,tv,0.704,-0.59739852555259,0.6672369044339721,0.5899473836978448,0.453716578701038,2.993738224648637,nan,nan,nan,nan,-0.5589633504593403,0.6415591670767429,0.063
137.4,tv,0.455,-0.5819211446507412,0.6909204698468709,0.5799111253633119,0.4178762826540613,2.954284677409932,nan,nan,nan,nan,-0.5529254249458277,0.6707648123984511,0.051
137.601,tv,0.335,-0.6027487618384245,0.7077438479514919,0.5744236181078957,0.40060571826689995,2.931811461755139,nan,nan,nan,nan,-0.5774228877542743,0.6897862704552675,0.045
137.802,potted plant,0.811,1.0209505930407765,-1.2965823365242595,0.3831150136265154,0.3850322876658392,2.909279251611395,nan,nan,nan,nan,1.0676919544957744,-1.2935010332301906,0.039
137.802,tv,0.569,-0.5934398704629578,0.709434549658523,0.5710460250094225,0.3850322876658392,2.909279251611395,nan,nan,nan,nan,-0.5703448681889661,0.6932540306443548,0.039
138.0,potted plant,0.88,1.112516617969455,-1.099442142380437,0.40654799540093206,0.37061414707255913,2.8852649294157913,nan,nan,nan,nan,1.1642198300762148,-1.0951699879467325,0.048
138.0,tv,0.417,-0.6799880831794242,1.3094485590334781,0.3528182043646282,0.37061414707255913,2.8852649294157913,nan,nan,nan,nan,-0.661514752308591,1.2886338524905305,0.048
138.201,potted plant,0.693,1.1664801893024683,-1.1240773379379232,0.3957368959778512,0.35574186491849136,2.856130231084831,nan,nan,nan,nan,1.2269695580071815,-1.1191396201318835,0.057
138.201,tv,0.441,-0.5983688015100218,0.6893672083685045,0.5671996752525552,0.35574186491849136,2.856130231084831,nan,nan,nan,nan,-0.5671135996460395,0.6653879661848535,0.057
138.402,potted plant,0.665,1.178333286794408,-1.1263611152150315,0.4008050341412816,0.34189072475755056,2.8246851925155703,nan,nan,nan,nan,1.2170360614177214,-1.1233377522650552,0.033
138.6,potted plant,0.78,1.2003922450849693,-1.1262256224390992,0.4062397513651197,0.32984706711935036,2.792230416499334,nan,nan,nan,nan,1.2518946352025977,-1.122217436096415,0.045
138.6,tv,0.46,-0.5779595086990785,0.6756154083649664,0.5609134237575493,0.32984706711935036,2.792230416499334,nan,nan,nan,nan,-0.5512708748445865,0.6547913438065245,0.045
139.002,potted plant,0.814,1.1331926859038537,-1.090479586188299,0.39946161074571496,0.30803597544591715,2.7045921533989126,nan,nan,nan,nan,1.1742411559113648,-1.0975625007877263,0.066
139.002,tv,0.468,-0.591209317734753,0.6803766771217146,0.549674687917069,0.30803597544591715,2.7045921533989126,nan,nan,nan,nan,-0.5706027691696082,0.6531555954702537,0.066
139.2,potted plant,0.776,1.1677884188633465,-1.0926451166226232,0.40538193980503484,0.2999458766025767,2.6537220863487865,nan,nan,nan,nan,1.2021014812086814,-1.1002197927507849,0.063
139.2,tv,0.517,-0.5787019809849383,0.6798287424160891,0.5439675081230829,0.2999458766025767,2.6537220863487865,nan,nan,nan,nan,-0.561626668269175,0.655102204056986,0.063
139.401,potted plant,0.696,1.1128787033458556,-1.0947802494995722,0.3951970318422474,0.2930118204554205,2.6019024588560216,nan,nan,nan,nan,1.136621693398839,-1.102274713321366,0.051
139.602,potted plant,0.775,1.1553080609962312,-1.0939077940653705,0.39977706028146615,0.2877617508356577,2.549732197574708,nan,nan,nan,nan,1.1727899738532268,-1.1017358006590878,0.048
139.602,tv,0.485,-1.4671929444391107,-1.331554434174917,0.8610507748702254,0.2877617508356577,2.549732197574708,nan,nan,nan,nan,-1.4484691917848138,-1.3527095754310856,0.048
139.8,potted plant,0.736,1.1232353202213805,-1.1040886527087515,0.3915107569442784,0.284002112136284,2.4985350705292624,nan,nan,nan,nan,1.128971467012717,-1.1211365039571062,0.072
139.8,tv,0.329,-1.4795416623149324,-1.3348470274902078,0.8698893086918305,0.284002112136284,2.4985350705292624,nan,nan,nan,nan,-1.4733538149651952,-1.35693424595475,0.072
140.202,potted plant,0.77,1.1217806498701601,-1.1052203094161608,0.4069856404521267,0.27912494637637064,2.393816369694578,nan,nan,nan,nan,1.1281322367237292,-1.1188614049158967,0.06
140.202,tv,0.54,-1.4658029097938372,-1.3338780054289128,0.8570116224433345,0.27912494637637064,2.393816369694578,nan,nan,nan,nan,-1.459002906762752,-1.3525380394484299,0.06
140.4,potted plant,0.815,1.1680661311171199,-1.1213033427959602,0.4047278621357331,0.27788985149076917,2.342662853183229,nan,nan,nan,nan,1.15471400859757,-1.138642056014158,0.054
140.4,tv,0.464,-1.460181167809504,-1.3338063243920928,0.8454535620169896,0.27788985149076917,2.342662853183229,nan,nan,nan,nan,-1.474309557510232,-1.3413153654363799,0.054
140.901,potted plant,0.821,1.1025388788662152,-1.1149929115426076,0.4059388410857274,0.275989854198665,2.2142126730194915,nan,nan,nan,nan,1.0626725713081313,-1.137711395028341,0.051
140.901,tv,0.416,-0.7023923325194199,0.9180484751784019,0.35944080807033274,0.275989854198665,2.2142126730194915,nan,nan,nan,nan,-0.718296725855658,0.9163534336745949,0.051
140.901,tv,0.34,-1.4574674046514955,-1.3211085274873193,0.8498947702443551,0.275989854198665,2.2142126730194915,nan,nan,nan,nan,-1.499574479617483,-1.313796229155027,0.051
141.102,potted plant,0.833,1.0957181929827995,-1.1153027266878301,0.4077136371199982,0.27288727198977947,2.163841981090457,nan,nan,nan,nan,1.0551498262035517,-1.1338916097527387,0.045
141.102,tv,0.671,-1.4890719665279701,-1.321810376489228,0.8477783903452438,0.27288727198977947,2.163841981090457,nan,nan,nan,nan,-1.5319556367785494,-1.3090227079003085,0.045
141.501,potted plant,0.859,1.127790159538883,-1.1375914704457917,0.40783869994603994,0.2622156568371736,2.082339552679967,nan,nan,nan,nan,1.0931025734096327,-1.1528955374168914,0.036
141.501,tv,0.765,-1.4890222245467344,-1.316681147448739,0.8532166765038557,0.2622156568371736,2.082339552679967,nan,nan,nan,nan,-1.5254307938007863,-1.3047611711808822,0.036
141.702,potted plant,0.853,1.0555541516387503,-1.1109726044677624,0.4103686912402358,0.2559752164474936,2.0489414513561703,nan,nan,nan,nan,1.0144198421999446,-1.127198613368978,0.045
141.702,tv,0.762,-1.481293239202618,-1.3231379403955343,0.8620770468275631,0.2559752164474936,2.0489414513561703,nan,nan,nan,nan,-1.5248933812743428,-1.3074683204099233,0.045
142.401,tv,0.784,-1.5060894984772486,-1.3130103058019686,0.8807417112060264,0.23064681251912705,1.960996049500159,nan,nan,nan,nan,-1.544552155779853,-1.2975593960725067,0.036
142.602,tv,0.795,-1.516932992277319,-1.3100518349857038,0.8846701380920746,0.22200959991260044,1.9398642861761095,nan,nan,nan,nan,-1.563891015726165,-1.2903108331646906,0.045
142.8,tv,0.859,-1.514130626114901,-1.3012213533237298,0.8861474285817553,0.21317954404267286,1.9208667591590678,nan,nan,nan,nan,-1.5375789219092062,-1.2914461780270459,0.024
143.001,tv,0.873,-1.4903771204162064,-1.3206792756812638,0.8895989843840052,0.20346742604542484,1.9025442375176476,nan,nan,nan,nan,-1.5408839979406694,-1.2995248350433206,0.048
143.202,tv,0.872,-1.4931505094940962,-1.313553973955968,0.8912711114870318,0.1931941051087983,1.8847165119285831,nan,nan,nan,nan,-1.5355132103575582,-1.2955381948130287,0.042
143.4,tv,0.858,-1.5064177533294936,-1.3078609146562692,0.8972689013237356,0.18227559708470253,1.867970939623575,nan,nan,nan,nan,-1.5449569520208448,-1.2912179320847326,0.036
143.601,tv,0.783,-1.506322526644822,-1.3018192998892566,0.8970856491763489,0.1701194272200054,1.85150168959734,nan,nan,nan,nan,-1.55549906108135,-1.2803389247241677,0.045
143.802,tv,0.877,-1.5137020401021024,-1.2935216412053983,0.8972777899264444,0.15687000485107627,1.8357058550526455,nan,nan,nan,nan,-1.559290647424115,-1.2733722918139776,0.042
143.802,tv,0.331,-0.709464833417839,1.3912101301249489,0.3799173353571071,0.15687000485107627,1.8357058550526455,nan,nan,nan,nan,-0.7182708359672221,1.4000651668416197,0.042
144.0,tv,0.391,-0.7033281353078267,1.3502787846652815,0.38067174585036834,0.14318814759842813,1.8211171934237795,nan,nan,nan,nan,-0.7116562476875627,1.358145980842421,0.036
144.402,tv,0.586,-0.7071500009559615,1.3254851533589187,0.3778944426724942,0.11258088069134248,1.7938488715663077,nan,nan,nan,nan,-0.7150000595722545,1.3326164406088015,0.033
144.6,tv,0.596,-0.7096361218503493,1.3013517064131852,0.37604189949246597,0.09617731219781839,1.7820811221955197,nan,nan,nan,nan,-0.7183782050721305,1.308979705593088,0.03
144.6,tv,0.367,-1.945791122058125,-1.2878439187401787,0.865026017355871,0.09617731219781839,1.7820811221955197,nan,nan,nan,nan,-1.9853161944198345,-1.265293259925448,0.03
144.801,tv,0.538,-0.7028109048337883,1.28815681073612,0.370056702551378,0.07879496054388019,1.7713633455339115,nan,nan,nan,nan,-0.7122701239601236,1.2960456951264558,0.039
147.3,bed,0.319,-0.9685761547852407,2.0188089177154427,0.010801773453435526,-0.23860704585204434,1.7515086803114404,nan,nan,nan,nan,-0.9849633333283508,2.019285047840218,0.06
147.501,bed,0.497,-1.0189642169498585,2.041821878475837,0.011545623051541914,-0.2881951093315628,1.7679708982193756,nan,nan,nan,nan,-1.0301671848587226,2.047487897946479,0.048
147.702,bed,0.454,-1.0636050556218417,2.0623270920572514,0.01181037185341105,-0.33693069527065417,1.786104923663055,nan,nan,nan,nan,-1.0807551877836699,2.06969414325579,0.075
147.9,bed,0.616,-1.1091312036926995,2.0811274850085972,0.011024462636524457,-0.3829278255833646,1.803660120019437,nan,nan,nan,nan,-1.1220489899882804,2.0820980588675604,0.051
148.101,bed,0.47,-1.1491853545816864,2.090746084752208,0.012456854511257887,-0.426670917530276,1.8202740043276249,nan,nan,nan,nan,-1.1600593083442396,2.093959327377709,0.048
148.302,bed,0.568,-1.1879408465347399,2.097181726559733,0.013821126298227765,-0.46809142206438836,1.8363078472485699,nan,nan,nan,nan,-1.1967245121625965,2.0987221969814582,0.039
148.5,bed,0.514,-1.2249169144479635,2.0996753583769676,0.014958208107346688,-0.5067976594386079,1.8510636902508804,nan,nan,nan,nan,-1.233013682935767,2.102026511086847,0.048
148.701,bed,0.583,-1.2663710335534493,2.1016381733986904,0.014577718782725652,-0.544057757758676,1.8658645095474946,nan,nan,nan,nan,-1.278802516068337,2.1014420075642697,0.057
148.902,bed,0.604,-1.3066836893637195,2.099884279760385,0.01484419036947801,-0.5796708954820604,1.8785776961961922,nan,nan,nan,nan,-1.3176130129000043,2.0991743311490225,0.051
149.4,bed,0.46,-1.4111151806089413,2.0863100007557622,0.012218491366632334,-0.6669782081145482,1.908149226351725,nan,nan,nan,nan,-1.4225779585660914,2.082916474964966,0.057
149.802,bed,0.408,-1.492858272631444,2.067358440074401,0.010854760164913463,-0.7398278352663058,1.9287445898274092,nan,nan,nan,nan,-1.501825066946868,2.064699741938428,0.042
150.0,bed,0.455,-1.5338295045952988,2.0597570169470227,0.011547598376086515,-0.7780291210965194,1.9372175268789857,nan,nan,nan,nan,-1.5444059903072767,2.056863431849925,0.051
150.201,bed,0.592,-1.5796552948760145,2.047655505293701,0.010725569512598815,-0.820870854169901,1.9452463256342405,nan,nan,nan,nan,-1.5904005971192883,2.044755696436564,0.042
158.001,dining table,0.309,-3.0683501606173422,2.309753378885488,0.011276650809725702,-2.451725342045415,2.0288978379486466,nan,nan,nan,nan,-3.0694227960447398,2.3207619481348796,0.048
158.601,dining table,0.338,-3.1037551115176463,2.3689137970139935,0.01182721829049016,-2.5125921436502248,2.064783446837037,nan,nan,nan,nan,-3.1041241010888423,2.3797037863233674,0.045
158.802,dining table,0.475,-3.103755066919681,2.3837985913673165,0.015590017850451776,-2.531653475177996,2.079057513420243,nan,nan,nan,nan,-3.103923969446658,2.393159653467516,0.039
158.802,toilet,0.38,-3.124123072785698,5.860378103387621,0.38620953963559984,-2.531653475177996,2.079057513420243,nan,nan,nan,nan,-3.08512204883584,5.8697479878614,0.039
159.0,toilet,0.798,-3.0029772721327803,5.767479781477382,0.38097414112770545,-2.550102233532517,2.094763554449536,nan,nan,nan,nan,-2.953574419868068,5.778150445242699,0.048
159.0,dining table,0.34,-3.083756238331062,2.3854692708346668,0.012554034061753427,-2.550102233532517,2.094763554449536,nan,nan,nan,nan,-3.084171104242589,2.397697096724449,0.048
159.201,toilet,0.659,-2.948837008574097,5.779669716074981,0.3931500276454307,-2.5686823564925323,2.112327525941294,nan,nan,nan,nan,-2.9214594912928606,5.785161233669004,0.03
159.402,toilet,0.467,-2.942578113494085,5.775860163919165,0.4016452858579889,-2.586641490572828,2.1314767347237593,nan,nan,nan,nan,-2.891088456069321,5.78660742041402,0.054
159.801,toilet,0.551,-2.9766328643210174,5.767104722006518,0.3845233627759965,-2.625161020779487,2.1828956260610397,nan,nan,nan,nan,-2.9404612416425278,5.777392812587025,0.039
160.2,toilet,0.614,-2.9737039257959044,5.766034704815147,0.3820381768454999,-2.6682855950702438,2.2651290165180087,nan,nan,nan,nan,-2.971226982724692,5.7750264762893835,0.045
160.401,toilet,0.612,-2.989161026919031,5.763270645840546,0.3955972397303622,-2.6859455076554384,2.3016549491255924,nan,nan,nan,nan,-2.9897515859921997,5.772392022955292,0.051
160.602,toilet,0.386,-2.9895846481103274,5.759836605211364,0.39548980082823676,-2.7017314115785713,2.3344186752177585,nan,nan,nan,nan,-3.0022499497519752,5.765921375942869,0.045
160.8,toilet,0.597,-2.9938749689467845,5.763371098489921,0.3887932866427939,-2.715091988745024,2.363663681939098,nan,nan,nan,nan,-3.0052179441221867,5.765826073268355,0.024
161.001,toilet,0.652,-2.9977327617976393,5.765650590967423,0.3972345931682578,-2.7271629470162724,2.390107929561225,nan,nan,nan,nan,-3.023893644689591,5.770054866423694,0.048
161.202,toilet,0.78,-3.0032453832533603,5.76438968908068,0.38647584055612705,-2.7387847426498326,2.414020905399492,nan,nan,nan,nan,-3.025209700629115,5.768109690643019,0.042
161.4,toilet,0.567,-3.0083178857018624,5.76629214684051,0.4097273210514234,-2.749710852833756,2.435133877938319,nan,nan,nan,nan,-3.031941548441481,5.769539575927751,0.051
161.601,toilet,0.559,-2.987400643659729,5.765759115675831,0.3981808907707557,-2.757971938191847,2.451513958276217,nan,nan,nan,nan,-3.0032907160517426,5.767103252959697,0.03
161.802,toilet,0.313,-2.9923068204588232,5.766602666630454,0.3864999577599223,-2.7653394670580993,2.4656306924905804,nan,nan,nan,nan,-3.0114252079565604,5.768184771057502,0.039
162.6,toilet,0.699,-3.138901299630005,5.7671938906021225,0.37535807267618954,-2.7935323166346286,2.512723130339987,nan,nan,nan,nan,-3.156230975782712,5.767924318090986,0.048
162.9,toilet,0.754,-3.181226857268719,5.843843322779992,0.3745266241176173,-2.8032214175564305,2.527021472346578,nan,nan,nan,nan,-3.198160792674278,5.844251070637825,0.051
166.902,toilet,0.356,-2.9430296367983853,5.764750129835175,0.3943479837767262,-2.8424765612598706,2.5532315266184424,nan,nan,nan,nan,-2.7802825798602306,5.764221077661248,0.054
167.1,toilet,0.722,-2.9115064637589927,5.760136804781989,0.3945869590232562,-2.8532485735634907,2.5484494659013968,nan,nan,nan,nan,-2.7681837045978046,5.7586791323142785,0.045
167.301,sink,0.587,-1.5738056679566232,5.8684162354783265,0.6061081700852622,-2.8647702037348304,2.54588317545301,nan,nan,nan,nan,-1.425492498024929,5.806676908759064,0.054
167.301,toilet,0.444,-2.8861888846252826,5.758270925229943,0.3875738064553038,-2.8647702037348304,2.54588317545301,nan,nan,nan,nan,-2.7415482632702335,5.756888159750013,0.054
167.502,sink,0.57,-1.5605928112606997,5.858664271606289,0.6160519234995949,-2.8718064026692827,2.5599342337932853,nan,nan,nan,nan,-1.4848001960118684,5.832920458349555,0.063
167.502,toilet,0.485,-2.8755255525712045,5.7646429808604065,0.3753557977302668,-2.8718064026692827,2.5599342337932853,nan,nan,nan,nan,-2.8015801093059083,5.769842909021589,0.063
167.7,sink,0.558,-1.553978208776732,5.864205946250644,0.6002584218395828,-2.8757702626820127,2.5795331997617192,nan,nan,nan,nan,-1.5037140340099537,5.8475176833313975,0.042
167.7,toilet,0.414,-2.8676705147366643,5.763805588445989,0.37198538917551205,-2.8757702626820127,2.5795331997617192,nan,nan,nan,nan,-2.8188082447618235,5.767549418172376,0.042
167.901,toilet,0.759,-2.987949849648439,5.760329527834285,0.38039668542689575,-2.87804373783475,2.5997987678446326,nan,nan,nan,nan,-2.9348982521247624,5.767210775543345,0.051
167.901,sink,0.565,-1.6761220851741703,5.91143133196346,0.6037699258451386,-2.87804373783475,2.5997987678446326,nan,nan,nan,nan,-1.6207005548090612,5.89608377980241,0.051
168.102,toilet,0.7,-2.9802270479574875,5.755335936177287,0.3973711967605299,-2.8794714844196916,2.620229846345259,nan,nan,nan,nan,-2.9312672439826013,5.761417065501033,0.048
168.102,sink,0.63,-1.6635750734025188,5.903206365574994,0.6049154424714644,-2.8794714844196916,2.620229846345259,nan,nan,nan,nan,-1.612461793423479,5.888658055615504,0.048
168.3,toilet,0.738,-2.9646305754521394,5.750607186129279,0.4025100383488916,-2.8794745950843263,2.640387251667916,nan,nan,nan,nan,-2.9050815215514785,5.757766076698962,0.057
168.3,sink,0.502,-1.6586775280886439,5.900407423445413,0.6117194541386013,-2.8794745950843263,2.640387251667916,nan,nan,nan,nan,-1.5965110229142314,5.882652917936287,0.057
168.501,toilet,0.799,-2.9569325245554943,5.754058417710462,0.40760801602761804,-2.878090209235784,2.6607859906093294,nan,nan,nan,nan,-2.910709619614348,5.759735610418973,0.048
168.501,sink,0.524,-1.6435858199545015,5.8972499329289505,0.6057127209476764,-2.878090209235784,2.6607859906093294,nan,nan,nan,nan,-1.595391686304292,5.883518124651872,0.048
168.702,toilet,0.841,-2.945090163817697,5.753990420797176,0.40608415777773454,-2.875307624336912,2.681174805875494,nan,nan,nan,nan,-2.906996915366404,5.75866382950239,0.042
168.702,sink,0.562,-1.6333202848975301,5.894313724688363,0.6078825831638444,-2.875307624336912,2.681174805875494,nan,nan,nan,nan,-1.5936173930858155,5.883022485458383,0.042
168.9,toilet,0.748,-2.9893015787628454,5.753347463001758,0.40046524415948315,-2.871566114476903,2.7007298344195285,nan,nan,nan,nan,-2.940841130128606,5.7598687874592684,0.051
168.9,sink,0.373,-1.6765261817388768,5.912447741308273,0.6040924366368449,-2.871566114476903,2.7007298344195285,nan,nan,nan,nan,-1.6257564793511767,5.898593345048237,0.051
169.101,toilet,0.632,-2.981129491406066,5.759054171078999,0.3912508430356604,-2.866494797054179,2.720936924547991,nan,nan,nan,nan,-2.9511428206152814,5.763406152496353,0.033
169.101,sink,0.617,-1.6693961910636264,5.907108836686096,0.604392149406912,-2.866494797054179,2.720936924547991,nan,nan,nan,nan,-1.6380576948008667,5.898949088867976,0.033
169.302,toilet,0.747,-2.964331657807882,5.758782474957283,0.40028262701837736,-2.859846550177295,2.741356929819885,nan,nan,nan,nan,-2.9289215741474193,5.7636518173572675,0.039
169.302,sink,0.512,-1.6562637350891736,5.9068997522941515,0.601686801017557,-2.859846550177295,2.741356929819885,nan,nan,nan,nan,-1.6192679194847304,5.897022440509397,0.039
169.5,toilet,0.731,-2.8626127945723305,5.767576578209285,0.3771340355119299,-2.852384150907698,2.7606707768484893,nan,nan,nan,nan,-2.7998556980723883,5.773749162285277,0.069
169.5,sink,0.663,-1.6475563622341745,5.902719110995525,0.6051505243115349,-2.852384150907698,2.7606707768484893,nan,nan,nan,nan,-1.5823469888939208,5.8846463264004605,0.069
169.701,toilet,0.844,-2.8116356752847067,5.933915362972291,0.38787970564052854,-2.8438491625000673,2.7795942507325964,nan,nan,nan,nan,-2.7715150616197537,5.937208395719516,0.042
169.701,sink,0.417,-1.6909759983438073,5.91966554207643,0.6052698733821876,-2.8438491625000673,2.7795942507325964,nan,nan,nan,nan,-1.6511107677645003,5.9093626199616756,0.042
187.002,toilet,0.649,-2.903741968283934,6.272856026169782,0.39520761914995406,-1.7576321986922738,3.483237792433046,nan,nan,nan,nan,-2.95083163128631,6.261802089850668,0.063
187.2,toilet,0.676,-2.897451555157211,6.063901056790893,0.3739324404411539,-1.7494097928711108,3.5147521892043767,nan,nan,nan,nan,-2.9253425072058916,6.0578659458947115,0.042
187.401,toilet,0.638,-2.8510565697472696,5.917854418290585,0.3722487026472484,-1.742920080073863,3.5520539972114116,nan,nan,nan,nan,-2.855115719151719,5.926346557654866,0.051
187.401,sink,0.337,-1.6319394302453218,5.904869339806815,0.6638619921071663,-1.742920080073863,3.5520539972114116,nan,nan,nan,nan,-1.6359724873804644,5.916099972029296,0.051
187.602,toilet,0.748,-2.8498459291001286,5.913984853524777,0.36632097861904417,-1.7381650359929677,3.5938230284514967,nan,nan,nan,nan,-2.8550893305552405,5.919893062187178,0.045
187.8,toilet,0.801,-2.853391109066939,5.915008793161105,0.3631362330481446,-1.7342662626435943,3.631440017640961,nan,nan,nan,nan,-2.8594330980271456,5.921809822236239,0.057
187.8,sink,0.447,-1.633508906598818,5.912731593121228,0.5989714610997563,-1.7342662626435943,3.631440017640961,nan,nan,nan,nan,-1.6395496698823844,5.923291468712138,0.057
188.001,toilet,0.775,-2.8556187008533467,5.911801143155266,0.36291978993545093,-1.731034059514291,3.6663951043543963,nan,nan,nan,nan,-2.8613890843876,5.918727214377901,0.063
188.202,toilet,0.725,-2.857062202632065,5.909791164819285,0.36094134822399443,-1.7284192093113964,3.6983115173459082,nan,nan,nan,nan,-2.8618622506650717,5.915999053037518,0.06
188.202,sink,0.342,-1.6372933959566847,5.898390014996023,0.6262081663997727,-1.7284192093113964,3.6983115173459082,nan,nan,nan,nan,-1.6420689170713452,5.907623417188401,0.06
188.4,toilet,0.662,-2.855634534649191,5.908083928548246,0.36298390886019294,-1.7263715328134883,3.727537176308443,nan,nan,nan,nan,-2.8553185740547358,5.915145032012182,0.051
188.4,sink,0.581,-1.6354553359355115,5.914624611493269,0.5969369208032701,-1.7263715328134883,3.727537176308443,nan,nan,nan,nan,-1.6351395775719546,5.921723333405157,0.051
188.601,toilet,0.716,-2.8360311213508385,5.935582632375191,0.36525616452488363,-1.7249238856967348,3.7540239793001113,nan,nan,nan,nan,-2.8334919547674753,5.9427709070030925,0.045
188.802,toilet,0.627,-2.828877440575143,5.95466371163646,0.36520645854674344,-1.7235620767623763,3.77860423209128,nan,nan,nan,nan,-2.82682016758682,5.9604360218265375,0.039
188.802,sink,0.366,-1.6188260581814145,5.911619146868679,0.5988631596111119,-1.7235620767623763,3.77860423209128,nan,nan,nan,nan,-1.616804301404701,5.916404372112307,0.039
189.0,toilet,0.46,-2.8350681880499584,5.992495722548203,0.3675264685858443,-1.7222493868878366,3.800734988039207,nan,nan,nan,nan,-2.8314178727649533,6.002585001700929,0.081
189.0,sink,0.384,-1.6188758376810182,5.910998543798031,0.6011313785852064,-1.7222493868878366,3.800734988039207,nan,nan,nan,nan,-1.615342869438768,5.919355142122871,0.081
189.201,toilet,0.611,-2.960194118165719,6.269868161472783,0.3825779890124311,-1.7209415955870047,3.8215167054900725,nan,nan,nan,nan,-2.9575194442309165,6.276661039792013,0.06
189.201,sink,0.53,-1.6190632887975274,5.909234087128541,0.6035881094670944,-1.7209415955870047,3.8215167054900725,nan,nan,nan,nan,-1.6167291184685255,5.9147630715717945,0.06
189.402,sink,0.64,-1.6222003578753585,5.911394067967407,0.5989678798647071,-1.7197032932643828,3.8402088657323077,nan,nan,nan,nan,-1.6203352590932774,5.915811605966487,0.051
189.402,toilet,0.506,-2.9479726882730994,6.272579535994882,0.3821953780520078,-1.7197032932643828,3.8402088657323077,nan,nan,nan,nan,-2.945835375937813,6.277994784216945,0.051
189.402,toilet,0.408,-2.8251246109853287,5.9103648287707635,0.2215690102154434,-1.7197032932643828,3.8402088657323077,nan,nan,nan,nan,-2.8232599461397934,5.915687720757527,0.051
189.6,toilet,0.615,-2.9400117947189877,6.274385060532275,0.3826040145294797,-1.718515157072953,3.8573623689328453,nan,nan,nan,nan,-2.9383678872965815,6.278543995777448,0.045
189.6,sink,0.452,-1.6205266387719226,5.904330084553502,0.6116349960862946,-1.718515157072953,3.8573623689328453,nan,nan,nan,nan,-1.6190970814624723,5.9077255727114935,0.045
189.801,toilet,0.493,-2.93242951679822,6.275750670834235,0.38216891576777723,-1.717395355203007,3.8729109195375697,nan,nan,nan,nan,-2.930412701789332,6.280844237813253,0.054
190.2,toilet,0.722,-2.8961493015164486,6.284435635840278,0.382136575227919,-1.716584314597313,3.8964511566102145,nan,nan,nan,nan,-2.8631595775805234,6.3009409140447366,0.042
192.6,toilet,0.475,-2.882915625540155,6.265887003168952,0.40175750920241066,-1.7018927373289043,3.9583508184506946,nan,nan,nan,nan,-2.904530743997708,6.256462682865381,0.045
192.6,sink,0.394,-1.6561183534967971,5.9149884587989305,0.5986235919998197,-1.7018927373289043,3.9583508184506946,nan,nan,nan,nan,-1.6743752786423638,5.9175248328244034,0.045
192.801,toilet,0.657,-2.9508717340102195,6.256975057785228,0.3867102988370031,-1.6985083201732882,3.968161469401183,nan,nan,nan,nan,-2.9766901083886275,6.2448473338662325,0.054
192.801,sink,0.427,-1.6591104617539785,5.915261878596367,0.5968699027374178,-1.6985083201732882,3.968161469401183,nan,nan,nan,nan,-1.6810247343047044,5.918249232628045,0.054
192.801,toilet,0.348,-2.879784509009487,6.012233993765172,0.2219874590744449,-1.6985083201732882,3.968161469401183,nan,nan,nan,nan,-2.902748404513392,6.000953491377331,0.054
193.2,toilet,0.824,-2.876755273417653,5.9109595589121575,0.35571989142928606,-1.693068682765954,3.988026490057758,nan,nan,nan,nan,-2.894915022113684,5.901612079076029,0.042
193.2,sink,0.407,-1.6647631405245682,5.914187188736256,0.5961952327915536,-1.693068682765954,3.988026490057758,nan,nan,nan,nan,-1.683011756540239,5.916639476769274,0.042
193.401,toilet,0.664,-2.9001298415793872,5.852441045132883,0.3629600036168661,-1.690982495266848,3.9981927210692736,nan,nan,nan,nan,-2.9270616072333717,5.837693643461728,0.069
193.401,sink,0.553,-1.6660677661314816,5.916327723445408,0.5961534982371698,-1.690982495266848,3.9981927210692736,nan,nan,nan,nan,-1.694090756246833,5.919995492421102,0.069
193.401,sink,0.31,-2.9197397054030496,5.787439867908195,0.22377091126996568,-1.690982495266848,3.9981927210692736,nan,nan,nan,nan,-2.945698937217793,5.772406970006652,0.069
193.8,toilet,0.566,-2.9066508115813363,5.808725255831274,0.38664142275960556,-1.6880302070067186,4.018506280588484,nan,nan,nan,nan,-2.923608462318972,5.799031728372947,0.042
193.8,sink,0.563,-1.6310346853220894,5.915642072185822,0.5968201674772187,-1.6880302070067186,4.018506280588484,nan,nan,nan,nan,-1.6490844854262565,5.918264020633117,0.042
194.001,sink,0.686,-1.6341373550164802,5.91460360841651,0.5984690276555789,-1.6868986885339787,4.028864557699966,nan,nan,nan,nan,-1.6624967908470618,5.91859845919895,0.066
194.001,toilet,0.528,-2.903898121076345,5.811267973028351,0.3778786532219245,-1.6868986885339787,4.028864557699966,nan,nan,nan,nan,-2.930542959442651,5.796003308903125,0.066
194.202,sink,0.593,-1.6388949737395953,5.916852702720324,0.5986300630846882,-1.6862452975700148,4.039326062892667,nan,nan,nan,nan,-1.6577305769829094,5.9195039493013395,0.045
194.202,toilet,0.365,-2.9083829845945752,5.811152360325111,0.38944456767230273,-1.6862452975700148,4.039326062892667,nan,nan,nan,nan,-2.9260895379381013,5.801022228130245,0.045
194.502,sink,0.625,-1.6412753642546245,5.910513506501365,0.6491907670687247,-1.6861703658461482,4.054814080760616,nan,nan,nan,nan,-1.6618488622892427,5.913383005867195,0.048
194.502,toilet,0.518,-2.912092441488509,5.809188795478861,0.38141165242492236,-1.6861703658461482,4.054814080760616,nan,nan,nan,nan,-2.9314700793497424,5.7980369784415275,0.048
194.802,sink,0.509,-1.6534651971783032,5.912744924045473,0.6459034920730606,-1.6820119360976786,4.06430552350817,nan,nan,nan,nan,-1.683246349741979,5.913368570745747,0.024
194.802,toilet,0.46,-2.919481770757115,5.804793269026602,0.4000017545921535,-1.6820119360976786,4.06430552350817,nan,nan,nan,nan,-2.947296766161764,5.784418700073008,0.024
195.0,toilet,0.512,-2.932322734226341,5.800582295572873,0.3849635803896251,-1.6726703025622567,4.069438472844243,nan,nan,nan,nan,-3.011600103825475,5.739800985032254,0.048
195.3,toilet,0.502,-2.9571244716043132,5.794707494394121,0.3987063323575222,-1.6594347093632136,4.0816060955206055,nan,nan,nan,nan,-3.021513103440527,5.744648879367843,0.039
195.501,toilet,0.327,-2.986318782923835,5.80391400931598,0.4047677731786389,-1.6529256424324734,4.09163905863449,nan,nan,nan,nan,-3.065693821873761,5.740538046182139,0.048
195.801,toilet,0.364,-3.8095673317124943,6.147090236606809,0.2270077424344323,-1.6472357720999633,4.1085300995538665,nan,nan,nan,nan,-3.8870472062973693,6.063526823975288,0.039
196.701,chair,0.855,-2.9835139301445657,0.3458629812795553,0.3862930362202982,-1.6592626732306575,4.15597218640117,nan,nan,nan,nan,-2.9807568787543337,0.3449305388940489,0.027
196.902,chair,0.867,-2.9808908152283737,0.344206289010871,0.38311770454615546,-1.65928977418971,4.156006271275145,nan,nan,nan,nan,-2.9808908152283733,0.3442062890108711,0.033
197.1,chair,0.867,-2.9808908152283737,0.344206289010871,0.38311770454615546,-1.65928977418971,4.156006271275145,nan,nan,nan,nan,-2.9808908152283733,0.3442062890108711,0.048
197.301,chair,0.867,-2.9815627323380163,0.3444153449104457,0.3831177045461539,-1.659299172798384,4.155985558822028,nan,nan,nan,nan,-3.025643420228434,0.35816386874710093,0.057
197.502,chair,0.656,-3.1070084955274977,0.42665359283640525,0.3927872756378652,-1.668862938159991,4.14398158180004,nan,nan,nan,nan,-3.177805255485753,0.4498584408307573,0.048
206.502,chair,0.373,-2.1247552267444725,1.6608602496391969,0.44849834923335585,-2.9963463996737687,3.8971490894857195,nan,nan,nan,nan,-2.115236849511094,1.664656204344852,0.063
206.7,chair,0.45,-2.124512794422327,1.660889300146354,0.45146025386797345,-2.996604242726365,3.897110115655742,nan,nan,nan,nan,-2.1245127944223263,1.6608893001463547,0.042
207.201,chair,0.45,-2.1245127944223263,1.660889300146354,0.45146025386797345,-2.996604242726364,3.897110115655742,nan,nan,nan,nan,-2.1245127944223263,1.6608893001463543,0.075
207.402,chair,0.418,-2.1260212191954286,1.6605849780295863,0.448944521710146,-2.9962557613147354,3.8944932316477,nan,nan,nan,nan,-2.123959899561318,1.656668685840326,0.051
208.602,chair,0.306,-2.2564288078409995,1.605506956050345,0.4505540350605931,-2.959725691993029,3.6053620237095974,nan,nan,nan,nan,-2.249811664208694,1.5998340805961981,0.03
208.8,couch,0.493,-2.254898781977392,1.6066565550758078,0.44868872312249947,-2.9501407489624043,3.554925154189382,nan,nan,nan,nan,-2.2428725909231946,1.5994975540688214,0.039
209.001,couch,0.458,-2.2459153160573075,1.608090301320849,0.44765473399633304,-2.9393394029044018,3.5037737529821804,nan,nan,nan,nan,-2.2272825090226522,1.597665348221636,0.063
209.202,couch,0.504,-2.2439849099017306,1.6079223649515715,0.44531921662119966,-2.9275025224808178,3.452852764561446,nan,nan,nan,nan,-2.2266552853707977,1.598686459026935,0.057
209.4,chair,0.61,-3.3093376980892066,0.6551230686507084,0.35504562222336,-2.9144968133207683,3.4030245602947513,nan,nan,nan,nan,-3.2901530274318893,0.6401445816591682,0.051
209.4,couch,0.431,-2.238956526349706,1.6089543863193805,0.44409637361592946,-2.9144968133207683,3.4030245602947513,nan,nan,nan,nan,-2.2252113321796676,1.6000452125024374,0.051
209.601,chair,0.716,-3.3321175740461935,0.6284052822805117,0.37820796399511664,-2.9000639867116087,3.3527800585990857,nan,nan,nan,nan,-3.315136393549906,0.6150832525926642,0.045
209.601,couch,0.384,-2.2313411257096716,1.610563241340993,0.4436184737152046,-2.9000639867116087,3.3527800585990857,nan,nan,nan,nan,-2.2192708702132946,1.602717699399981,0.045
209.802,chair,0.763,-3.37181646423006,0.621995224494909,0.40405344440594815,-2.8847631400476828,3.3028016000054716,nan,nan,nan,nan,-3.351010369721573,0.6049555704301949,0.054
209.802,chair,0.348,-2.236501821744661,1.6069586897674533,0.44407684926640056,-2.8847631400476828,3.3028016000054716,nan,nan,nan,nan,-2.221706943313188,1.5968054262378826,0.054
210.0,chair,0.62,-3.391515892404315,0.6085583957118303,0.3967838500607044,-2.8684995768540866,3.2539521725339355,nan,nan,nan,nan,-3.38508074231004,0.5963475931407761,0.048
210.201,chair,0.398,-3.3732458048278464,0.616433718243214,0.40330636992681557,-2.850604430618012,3.204022173293845,nan,nan,nan,nan,-3.370646004002899,0.6063859887899198,0.045
210.201,couch,0.359,-2.2226020689291097,1.6063071403704077,0.4448482196050821,-2.850604430618012,3.204022173293845,nan,nan,nan,nan,-2.219578818826757,1.5957669740567055,0.045
210.402,chair,0.535,-3.36157512285439,0.6288935658181618,0.398949323745641,-2.83294024566068,3.1555271547722468,nan,nan,nan,nan,-3.3629130956859115,0.6218349130687134,0.033
210.6,chair,0.464,-3.3617628124439403,0.6358717585225655,0.397579461368299,-2.815355863476283,3.1071331555773254,nan,nan,nan,nan,-3.369959343953051,0.6269935902243665,0.048
210.801,chair,0.781,-3.372888741838593,0.6345248609072822,0.400970443794914,-2.798263020346785,3.0578696854022813,nan,nan,nan,nan,-3.380593191348988,0.626147015706203,0.042
211.002,chair,0.904,-3.390233322812106,0.6300002609908764,0.4002986290886604,-2.7821378259348983,3.0081422869273244,nan,nan,nan,nan,-3.4046930060594267,0.6193819185036282,0.063
211.302,chair,0.901,-3.4284708941685826,0.6262850674814167,0.3885882270748484,-2.7599931296527527,2.9333161284130633,nan,nan,nan,nan,-3.4437708363798496,0.6176165150201607,0.057
211.5,chair,0.917,-3.420680360637207,0.6323340681211702,0.3867546194037781,-2.7470296072394893,2.883466625337219,nan,nan,nan,nan,-3.42306216724861,0.617749821405946,0.066
211.701,chair,0.909,-3.391388470877969,0.6405578099997267,0.3872007841074994,-2.734541422292744,2.8320899255378653,nan,nan,nan,nan,-3.414628478787119,0.6296815116530972,0.078
211.902,chair,0.904,-3.413500171530769,0.629171072116756,0.3839428902545666,-2.7242247678871516,2.7814215795068384,nan,nan,nan,nan,-3.4231063679993556,0.6243306958872048,0.033
212.1,chair,0.847,-3.3991287388762936,0.6362157625734466,0.38141195597562383,-2.7155892008057707,2.7306389287912003,nan,nan,nan,nan,-3.409345412060249,0.624243893369694,0.063
212.301,chair,0.915,-3.400206251666558,0.6337497891291783,0.3844445020201225,-2.7081215306517956,2.678415514652029,nan,nan,nan,nan,-3.4160104955768773,0.6255070288834409,0.057
212.502,chair,0.91,-3.3975313895345565,0.6350214065894222,0.3829187081027634,-2.7024758277296765,2.626899797156799,nan,nan,nan,nan,-3.4160012796241217,0.6257568796909803,0.063
212.502,chair,0.433,-2.2422450422285887,1.6035494671879162,0.42337759917246887,-2.7024758277296765,2.626899797156799,nan,nan,nan,nan,-2.2510712511819584,1.5826639688443558,0.063
212.7,chair,0.872,-3.400043833922225,0.6366755667363586,0.3808713127743202,-2.698398636336746,2.575544922749976,nan,nan,nan,nan,-3.400465861128987,0.6263001525828465,0.042
212.901,chair,0.916,-3.389560488343225,0.633481908639854,0.383169633915312,-2.695069815077272,2.522712939035676,nan,nan,nan,nan,-3.4202287139360865,0.6279944912843745,0.069
213.102,chair,0.854,-3.3800562984151856,0.6295140499936225,0.38330462970199863,-2.6939445239660724,2.4704920560161163,nan,nan,nan,nan,-3.4004724144364276,0.6254735101384307,0.048
213.3,chair,0.883,-3.402678274781306,0.6260177854830558,0.3821945375368979,-2.6956251869450414,2.4197975883099194,nan,nan,nan,nan,-3.421609768785217,0.6169536017993529,0.057
213.6,chair,0.8,-3.398346130374316,0.6173125165264608,0.38048089971648413,-2.7013870309650976,2.3444589259256015,nan,nan,nan,nan,-3.4166639148754525,0.6151604826742285,0.036
213.801,chair,0.894,-3.3916295344098164,0.6140339544527949,0.37661823762014046,-2.708478510826139,2.296706822016034,nan,nan,nan,nan,-3.420108657309938,0.6123769188759199,0.054
214.2,chair,0.777,-3.3906504996480655,0.596287263571776,0.37386824971381083,-2.7280114712189585,2.209575569763531,nan,nan,nan,nan,-3.412668898611096,0.5958288347136177,0.042
214.401,chair,0.755,-3.4079457010017284,0.5989707389581556,0.37742404738825497,-2.740765776507298,2.168924989881348,nan,nan,nan,nan,-3.426752723940239,0.5988338137578424,0.036
214.602,chair,0.671,-3.38444720128749,0.5768855146266005,0.3686268785456284,-2.7554079305109207,2.128976764280927,nan,nan,nan,nan,-3.407684145122356,0.5767086288680887,0.045
214.602,tv,0.445,-2.2148135652980105,-1.3229952010773385,0.865805724674051,-2.7554079305109207,2.128976764280927,nan,nan,nan,nan,-2.2625151922437725,-1.3380178909526006,0.045
214.8,chair,0.875,-3.3882302848370816,0.5764337325856197,0.37190250454192364,-2.7715475011152844,2.091583462111923,nan,nan,nan,nan,-3.4103858903663617,0.5759989441885416,0.042
215.001,chair,0.859,-3.3957251770004113,0.567043800760626,0.36853500829587116,-2.792677278092187,2.050444948447221,nan,nan,nan,nan,-3.4221049636985157,0.5651781828485822,0.048
215.202,chair,0.819,-3.3880849624652334,0.5592312259716674,0.363799136824952,-2.815980859875256,2.009815542825962,nan,nan,nan,nan,-3.4125777282862972,0.5577005888119463,0.045
215.4,chair,0.849,-3.3896975296266434,0.5468449016990105,0.3594729756955923,-2.838010027149715,1.9753929562022714,nan,nan,nan,nan,-3.4126499634629925,0.5445720466710462,0.051
215.601,chair,0.847,-3.395768937173339,0.5423827568584783,0.3564344328535899,-2.8582110528990183,1.947608373078805,nan,nan,nan,nan,-3.4105439649455063,0.5411069459087177,0.033
215.802,chair,0.836,-3.392626793163583,0.5350189136997963,0.3530615860155953,-2.8766695570541607,1.9237657296449568,nan,nan,nan,nan,-3.4068881437455003,0.5359244218040952,0.039
216.0,chair,0.88,-3.4035253930227762,0.5350893299360788,0.35287093496864413,-2.8876465540187604,1.9094082408208641,nan,nan,nan,nan,-3.414783516371722,0.5364524906218995,0.036
216.201,chair,0.809,-3.4684908456220773,0.47226616894545637,0.3662505873820812,-2.8967294437817155,1.8978231766711815,nan,nan,nan,nan,-3.4869903203762496,0.47570881213930594,0.06
216.402,chair,0.609,-3.49616057872485,0.5011460749431709,0.3677087811822994,-2.9050157583236933,1.8876453957543449,nan,nan,nan,nan,-3.506548030056154,0.5033971209784643,0.033
216.6,chair,0.693,-3.50856978576565,0.5661987198033356,0.38478908592802524,-2.913238545391439,1.8780578918124564,nan,nan,nan,nan,-3.5088232807080213,0.5633916355573275,0.045
217.002,chair,0.388,-3.5504080144401033,0.6201366672628845,0.38720991819778056,-2.9300700233505275,1.8598950067225628,nan,nan,nan,nan,-3.5659337164948965,0.6247467483793857,0.048
217.2,chair,0.532,-3.5784922089008844,0.6429035784865866,0.38675083033089663,-2.9385164512594946,1.8516920516397848,nan,nan,nan,nan,-3.5918123728238167,0.6472109148967479,0.042
217.2,bed,0.372,-3.5772647255553345,0.6446806131617746,0.3889933032800284,-2.9385164512594946,1.8516920516397848,nan,nan,nan,nan,-3.590568161204352,0.6489762774788853,0.042
217.401,chair,0.729,-3.6103686243595687,0.6585574398522833,0.39105010893846753,-2.947181312203576,1.8439074435644378,nan,nan,nan,nan,-3.625045242412805,0.6637244302960568,0.051
217.602,chair,0.483,-3.634664890293087,0.6826646737342166,0.3920696179350609,-2.955938288996872,1.8366491937514102,nan,nan,nan,nan,-3.6420070896859618,0.6854102487689727,0.027
222.9,chair,0.484,-3.5159454400197983,0.6271444462357678,0.38918371835147114,-3.161094333540989,1.8281768779562402,nan,nan,nan,nan,-3.4539905308536656,0.6123291643222561,0.051
223.101,chair,0.539,-3.3867775486254406,0.5441947289349307,0.3809251545829691,-3.1698772218848266,1.8362064658581994,nan,nan,nan,nan,-3.3306226266097747,0.537299552462774,0.045
223.302,chair,0.752,-3.3396291593352077,0.36296908411979456,0.3858095650040066,-3.180145027117346,1.8423615941172262,nan,nan,nan,nan,-3.3032044031670713,0.36001011937057104,0.039
223.5,chair,0.751,-3.3408853873614293,0.3958206827439512,0.3867120658345775,-3.182791069626747,1.8435279151216664,nan,nan,nan,nan,-3.3408853873614297,0.3958206827439512,0.048
223.701,chair,0.751,-3.3408853873614293,0.3958206827439512,0.3867120658345775,-3.182791069626747,1.8435279151216664,nan,nan,nan,nan,-3.3408853873614297,0.3958206827439512,0.042
223.902,chair,0.751,-3.3408853873614293,0.39582068274395077,0.3867120658345775,-3.182791069626747,1.843527915121666,nan,nan,nan,nan,-3.3408853873614297,0.3958206827439512,0.033
224.1,chair,0.751,-3.3408853873614293,0.3958206827439512,0.3867120658345775,-3.182791069626747,1.8435279151216664,nan,nan,nan,nan,-3.3408853873614297,0.3958206827439512,0.063
224.301,chair,0.719,-3.3398767343779365,0.4054517143814076,0.3871731008451671,-3.182685813627301,1.8434844208815506,nan,nan,nan,nan,-3.3483611318155675,0.40630239077571423,0.039
224.7,chair,0.703,-3.360780622355316,0.378862862340539,0.38162373350015966,-3.1730089635984804,1.8383887516301871,nan,nan,nan,nan,-3.4437315855260966,0.3904896866494816,0.063
224.901,chair,0.721,-3.4754132566440337,0.6036256929591186,0.3851457761430448,-3.1638546141131423,1.8310598250966041,nan,nan,nan,nan,-3.5354608183693776,0.6189258084306629,0.051
226.5,chair,0.516,-3.556491997820817,0.6569509835148739,0.3860054774357126,-3.190767507805554,1.808681530987926,nan,nan,nan,nan,-3.5026575304356626,0.6429124346780375,0.048
226.701,chair,0.476,-3.4352012491315755,0.5787263478496663,0.3870892845450324,-3.1991711632498614,1.8171907540033168,nan,nan,nan,nan,-3.399341261399525,0.5733226394968938,0.027
226.902,chair,0.795,-3.3407482770614974,0.34213441550207246,0.3865045559147824,-3.209104491815541,1.8238508804855138,nan,nan,nan,nan,-3.263461583477504,0.33862659908377535,0.054
227.1,chair,0.801,-3.326140858990981,0.47402330070556853,0.387204644276532,-3.220073862710186,1.8283657929985497,nan,nan,nan,nan,-3.267694481173259,0.4713338035646419,0.045
227.301,tv,0.842,-1.6827495344153225,-1.1722434740176708,0.8601971566265278,-3.2318174546645153,1.8306277278302572,nan,nan,nan,nan,-1.466562832628996,-1.0474971210439366,0.072
227.301,chair,0.811,-3.309771246129243,0.5722282529082736,0.38528367022757315,-3.2318174546645153,1.8306277278302572,nan,nan,nan,nan,-3.2197234461584947,0.5701583180410855,0.072
227.502,chair,0.923,-3.303751936850249,0.5925022356792262,0.38535838906062986,-3.243776211498618,1.830499524188027,nan,nan,nan,nan,-3.24711621799578,0.5906647824965869,0.048
227.7,chair,0.906,-3.3003438002559635,0.5958065231693483,0.3860483032846508,-3.255298374060537,1.8280410112704417,nan,nan,nan,nan,-3.222682107444867,0.5941987206301316,0.063
227.7,tv,0.689,-1.3657152148726832,-1.1011685445834378,0.8606035116188093,-3.255298374060537,1.8280410112704417,nan,nan,nan,nan,-1.180346553929787,-0.9714888697929833,0.063
228.102,tv,0.552,-1.325142402451306,-1.0643541790018343,0.8746444916000772,-3.273611018262381,1.8184224842641334,nan,nan,nan,nan,-1.3219843524637953,-1.0622221916531762,0.06
228.501,tv,0.671,-1.3233856126076107,-1.0677431598518083,0.8731909345030402,-3.260855284096058,1.807134962633659,nan,nan,nan,nan,-1.3775503285828068,-1.1113546466476536,0.066
228.702,tv,0.633,-1.3279359152462062,-1.0755103864973174,0.8674643703376729,-3.2470619649112074,1.7920801088413778,nan,nan,nan,nan,-1.3602728545417806,-1.1019489573326764,0.042
228.702,chair,0.491,-3.1847112885092024,0.17875264336374852,0.44230182918848715,-3.2470619649112074,1.7920801088413778,nan,nan,nan,nan,-3.201627581202565,0.17484519421885272,0.042
229.101,tv,0.488,-1.3398273113372081,-1.0877826808146271,0.8659212186501785,-3.221626460996813,1.757616854314004,nan,nan,nan,nan,-1.3765029663471677,-1.118319204312998,0.045
229.101,chair,0.417,-3.2629009309719734,0.5925679846445917,0.40954614932821426,-3.221626460996813,1.757616854314004,nan,nan,nan,nan,-3.276091584581929,0.5885356773091464,0.045
229.101,chair,0.345,-2.394440394375827,1.0873523485438028,0.3676771740740328,-3.221626460996813,1.757616854314004,nan,nan,nan,nan,-2.4008537524158124,1.0712302054831973,0.045
229.302,chair,0.582,-3.2943516280040814,0.5907703898225456,0.38639557411886394,-3.209314303756318,1.7366904994376797,nan,nan,nan,nan,-3.3097644936775183,0.5857995420603748,0.054
229.302,tv,0.457,-1.3450762919079875,-1.0938196203704018,0.8690322146384544,-3.209314303756318,1.7366904994376797,nan,nan,nan,nan,-1.3884917542267312,-1.1306587006585336,0.054
229.5,chair,0.743,-3.4665620186639194,0.6197211581812683,0.386820870558054,-3.2098572077220737,1.708583202381192,nan,nan,nan,nan,-3.4696068907365696,0.6060007472714742,0.066
229.5,tv,0.373,-1.7509200051498994,-1.3238241927079708,0.8616842856260002,-3.2098572077220737,1.708583202381192,nan,nan,nan,nan,-1.764759694654048,-1.3470205243759126,0.066
229.8,tv,0.677,-1.7193868906211378,-1.3201736108446667,0.866901507171643,-3.1991285458808765,1.6365646502652866,nan,nan,nan,nan,-1.686592488569047,-1.314477977017327,0.042
229.8,chair,0.413,-3.4297052157732657,0.573520562219991,0.40229034997879326,-3.1991285458808765,1.6365646502652866,nan,nan,nan,nan,-3.4167513811818835,0.5611063587998975,0.042
230.1,tv,0.71,-1.684503121743894,-1.3161200587208584,0.8731159492050691,-3.1858623108902515,1.5695984776466914,nan,nan,nan,nan,-1.6552444740268397,-1.3089970476454724,0.033
230.1,chair,0.706,-3.4192671564376425,0.1953549271212509,0.3942920086643661,-3.1858623108902515,1.5695984776466914,nan,nan,nan,nan,-3.4043388543609465,0.18587142067439444,0.033
230.301,tv,0.746,-1.6685886587633798,-1.3125407408069252,0.8816082170972708,-3.1747652047301536,1.5281714453337807,nan,nan,nan,nan,-1.6357469501893855,-1.3039824308889871,0.039
230.502,tv,0.801,-1.6664654486815769,-1.315152643446938,0.8825530597483225,-3.1645151261834266,1.495587746097075,nan,nan,nan,nan,-1.622330456636321,-1.3014409726543787,0.063
230.7,tv,0.84,-1.6547419140930697,-1.3105782135252262,0.8862677417148567,-3.154436278369841,1.4673663499837166,nan,nan,nan,nan,-1.6315358703996996,-1.3028973984143648,0.027
230.901,tv,0.883,-1.6466343148293963,-1.304894392362187,0.8817016799609584,-3.1423545618782636,1.4380129318221913,nan,nan,nan,nan,-1.6133823239716791,-1.2933152919088549,0.036
231.3,tv,0.86,-1.6550057287782574,-1.3085628479136153,0.8977830949355627,-3.1246206159046745,1.4005838767376024,nan,nan,nan,nan,-1.623067959340592,-1.2967838701035301,0.057
231.501,tv,0.902,-1.660932359458672,-1.3061678697102173,0.8994218990768441,-3.1167068857615177,1.3858428897303632,nan,nan,nan,nan,-1.6266710660550951,-1.2935301155936634,0.066
231.702,tv,0.886,-1.6563179905849161,-1.3027324167710044,0.9008459640559522,-3.1083790119255874,1.3716504349896026,nan,nan,nan,nan,-1.6272370510904013,-1.2921067928368402,0.06
231.9,tv,0.919,-1.6623618294882088,-1.3007364698495347,0.9066360774780354,-3.099445056157523,1.3578580249381529,nan,nan,nan,nan,-1.6448689068774929,-1.2948604908422912,0.036
232.401,tv,0.918,-1.6870301626186788,-1.3087952773454266,0.9135346619536965,-3.0671130926827255,1.316020493912987,nan,nan,nan,nan,-1.6709344474924792,-1.3051421792631577,0.036
232.602,tv,0.901,-1.6816727926499193,-1.305698261590284,0.9169292713072057,-3.0511741899639464,1.2979516269859726,nan,nan,nan,nan,-1.6644774701401925,-1.3017595792721082,0.045
233.202,tv,0.916,-1.701051845595134,-1.3107092007330043,0.9212751732549012,-3.0109157102244817,1.2560287429269816,nan,nan,nan,nan,-1.6869443413069998,-1.3073817538491106,0.042
233.4,tv,0.925,-1.696245727620414,-1.30987186533511,0.9181036555447342,-2.999610055721632,1.2451090030926975,nan,nan,nan,nan,-1.6814226269426804,-1.3063501413703102,0.051
233.802,tv,0.901,-1.6880975185655123,-1.305862718395571,0.9225218180655462,-2.978755891864204,1.2260232265855289,nan,nan,nan,nan,-1.6777173676840986,-1.303374323028148,0.042
234.201,tv,0.882,-1.7218797675369495,-1.3173071185940948,0.9159853929463961,-2.9654431615068018,1.2172332703572752,nan,nan,nan,nan,-1.775228126699307,-1.3421825114808656,0.045
234.402,tv,0.802,-1.7305207366028743,-1.3286368050255573,0.9105584821432912,-2.9603473323404934,1.2228509482283627,nan,nan,nan,nan,-1.8371366323358795,-1.3764177321285498,0.051
234.6,tv,0.81,-1.7397029932259678,-1.3326686618211792,0.9045367810729309,-2.955644461178194,1.2269589660751818,nan,nan,nan,nan,-1.7397029932259678,-1.332668661821179,0.045
234.801,tv,0.81,-1.7397029932259678,-1.3326686618211792,0.9045367810729309,-2.955644461178194,1.2269589660751818,nan,nan,nan,nan,-1.7397029932259678,-1.332668661821179,0.021
235.002,tv,0.81,-1.7397029932259678,-1.3326686618211792,0.9045367810729309,-2.955644461178194,1.2269589660751818,nan,nan,nan,nan,-1.7397029932259678,-1.332668661821179,0.048
235.2,tv,0.81,-1.7397029932259678,-1.3326686618211792,0.9045367810729309,-2.955644461178194,1.2269589660751818,nan,nan,nan,nan,-1.7397029932259678,-1.332668661821179,0.042
235.401,tv,0.887,-1.7444804376066554,-1.3342592167335823,0.9029796959930607,-2.9501167035719313,1.2233452185831089,nan,nan,nan,nan,-1.7928874834205208,-1.361662342993929,0.051
235.8,tv,0.837,-1.7573330353514158,-1.3440717345941031,0.893854557152145,-2.9215629537599117,1.1941959511405098,nan,nan,nan,nan,-1.793133183447217,-1.36472213637938,0.039
236.001,tv,0.887,-1.7639523479285009,-1.3505752004823957,0.8934244638703466,-2.9092456242395706,1.1777813920228852,nan,nan,nan,nan,-1.7986771522995584,-1.3714485644432866,0.048
236.202,tv,0.78,-1.7632715788081355,-1.3541696412442892,0.8885049342186173,-2.8979113335955837,1.15852509564935,nan,nan,nan,nan,-1.7915142970968,-1.3721663266911812,0.042
236.202,potted plant,0.701,-3.561431365687304,-1.5130036248661536,0.42557402926936605,-2.8979113335955837,1.15852509564935,nan,nan,nan,nan,-3.5914688634355936,-1.5091714821367141,0.042
236.4,potted plant,0.86,-3.552359340050667,-1.5164240466370371,0.5683696211941541,-2.886885158490627,1.1374120358638922,nan,nan,nan,nan,-3.5801373037149,-1.5129814659553897,0.036
236.4,tv,0.839,-1.6821331685628946,-1.3208722114761149,0.8881208542259962,-2.886885158490627,1.1374120358638922,nan,nan,nan,nan,-1.707826661420255,-1.338512811169415,0.036
236.601,tv,0.859,-1.6662872727286224,-1.3247473359847524,0.8795373918965494,-2.8763970713629385,1.1143964901345735,nan,nan,nan,nan,-1.69585080281208,-1.3458108851383235,0.045
236.601,potted plant,0.793,-3.600978500653944,-1.4605889005618815,0.5898369632978862,-2.8763970713629385,1.1143964901345735,nan,nan,nan,nan,-3.632144442228251,-1.4564906937504996,0.045
236.802,tv,0.892,-1.6626136478445357,-1.3298771848117281,0.8689275089440359,-2.8666014742662953,1.087991710771009,nan,nan,nan,nan,-1.688121768759638,-1.3488816458494606,0.039
236.802,potted plant,0.7,-3.5178919016589916,-1.1304992630322406,0.41176376492138045,-2.8666014742662953,1.087991710771009,nan,nan,nan,nan,-3.5410359943130927,-1.128614018832771,0.039
237.0,tv,0.886,-1.6624539160464467,-1.3336322095185404,0.8655670660888963,-2.857817311631611,1.0578013091066403,nan,nan,nan,nan,-1.7154342427692377,-1.3749224638798692,0.081
237.0,potted plant,0.804,-3.5339199973162323,-1.1199091271500827,0.4203791137933991,-2.857817311631611,1.0578013091066403,nan,nan,nan,nan,-3.581387313707393,-1.1174695820998668,0.081
237.201,potted plant,0.919,-3.5214598622914814,-1.1231642165010474,0.4106614749621121,-2.8495217372136006,1.0193628882829517,nan,nan,nan,nan,-3.539570678065414,-1.1270866712036702,0.042
237.201,tv,0.877,-1.6378876954902168,-1.3255610873468404,0.8557093132497334,-2.8495217372136006,1.0193628882829517,nan,nan,nan,nan,-1.6579343845112,-1.3467533724948275,0.042
237.402,potted plant,0.841,-3.548669468785567,-1.1087103368870697,0.40627300122766263,-2.8450743325008325,0.9743767207362053,nan,nan,nan,nan,-3.53488147637236,-1.1253501400742294,0.054
237.402,tv,0.829,-1.6310031834431507,-1.3243921309207654,0.8515775612724827,-2.8450743325008325,0.9743767207362053,nan,nan,nan,nan,-1.6159116690074096,-1.3291085672331988,0.054
237.6,tv,0.895,-1.6350897285002266,-1.3231696280629812,0.8558737581083536,-2.8414258895412665,0.929307003577934,nan,nan,nan,nan,-1.6029859065454677,-1.3311501178491365,0.045
237.6,potted plant,0.877,-3.5517492246146474,-1.1122479004917412,0.40650449286359414,-2.8414258895412665,0.929307003577934,nan,nan,nan,nan,-3.5213781488925378,-1.1366178487784169,0.045
237.801,tv,0.868,-1.6065405161070931,-1.3232327137208901,0.8633837844291122,-2.824801827124132,0.8752251374788551,nan,nan,nan,nan,-1.5913471997144253,-1.327475225164351,0.054
237.801,potted plant,0.83,-3.559794482189594,-1.127189953222928,0.4077190745900955,-2.824801827124132,0.8752251374788551,nan,nan,nan,nan,-3.5458015779764844,-1.1437855323317185,0.054
238.002,tv,0.902,-1.614020295186436,-1.321027168840963,0.871761686158704,-2.8204070275065236,0.8321457949841021,nan,nan,nan,nan,-1.5889306605215312,-1.314925564933743,0.048
238.002,potted plant,0.865,-3.508557327387425,-1.1278561559971592,0.41094285114515483,-2.8204070275065236,0.8321457949841021,nan,nan,nan,nan,-3.485538384967114,-1.1432725831438102,0.048
238.302,tv,0.924,-1.6208916728090794,-1.3202487919732127,0.8796700514799428,-2.8149440296312727,0.786283182020858,nan,nan,nan,nan,-1.6054458583223783,-1.3172567805384434,0.039
238.302,potted plant,0.807,-3.5363257603780123,-1.529419113724651,0.42953823481987785,-2.8149440296312727,0.786283182020858,nan,nan,nan,nan,-3.519386909867033,-1.5396744474059247,0.039
238.5,tv,0.889,-1.6209943111217535,-1.3189160998620488,0.8842667794825424,-2.8093612863605704,0.7587541549792312,nan,nan,nan,nan,-1.6073096907501512,-1.3184016529898188,0.048
238.5,potted plant,0.776,-3.509462001264827,-1.54309495511783,0.4330948203571061,-2.8093612863605704,0.7587541549792312,nan,nan,nan,nan,-3.4944204403041863,-1.55372992323314,0.048
238.701,tv,0.87,-1.6259370436985536,-1.3169296171764802,0.8856876132188971,-2.8033019978913374,0.7318471940631861,nan,nan,nan,nan,-1.6088631923926857,-1.3149530081611096,0.057
238.701,potted plant,0.655,-3.4657954767131645,-1.546255611941699,0.44756347048913486,-2.8033019978913374,0.7318471940631861,nan,nan,nan,nan,-3.446939133538856,-1.5581531314950785,0.057
239.001,tv,0.899,-1.6416668232146436,-1.3220149728200206,0.889374235319642,-2.794308629112117,0.6954409493932656,nan,nan,nan,nan,-1.6211448870754097,-1.3185275674317776,0.063
239.601,tv,0.928,-1.6455297414646965,-1.3157989738276292,0.9000263329276877,-2.7779528974530203,0.6377927607993301,nan,nan,nan,nan,-1.632326179455044,-1.311191171323644,0.045
239.901,tv,0.945,-1.6599982774998125,-1.3209095884396813,0.901755845943439,-2.7733046157564925,0.6217405312391843,nan,nan,nan,nan,-1.6443901840308084,-1.3149817961004642,0.054
240.102,tv,0.915,-1.663005974886613,-1.3190221058105256,0.9053107514265848,-2.770262041245737,0.6119979768667857,nan,nan,nan,nan,-1.6457867495259098,-1.3124939989968147,0.06
240.102,potted plant,0.656,1.2770577042382922,-1.5110135335069543,0.41434683666447986,-2.770262041245737,0.6119979768667857,nan,nan,nan,nan,1.2957927040341708,-1.479662967443634,0.06
240.3,tv,0.911,-1.6626928585589615,-1.3179450814582294,0.9070791389428206,-2.7670017877648374,0.6025043020629497,nan,nan,nan,nan,-1.650640062459956,-1.3133888851046003,0.042
240.3,potted plant,0.879,1.357558795042944,-1.4766832459779755,0.389320888796041,-2.7670017877648374,0.6025043020629497,nan,nan,nan,nan,1.3704967604057003,-1.454279457838737,0.042
240.702,tv,0.936,-1.6601980068843678,-1.3131979136756589,0.9073174081664712,-2.7595461394711345,0.5834576538914894,nan,nan,nan,nan,-1.6537530794722897,-1.3107582365386352,0.024
240.702,potted plant,0.8,1.0177030323980998,-1.1690647158285317,0.4009079575285795,-2.7595461394711345,0.5834576538914894,nan,nan,nan,nan,1.0236783318458864,-1.1581496109681226,0.024
240.9,tv,0.927,-1.660260486498062,-1.3131023586121606,0.9112763844434453,-2.755527103225576,0.5743424631497824,nan,nan,nan,nan,-1.6456631741652326,-1.3075432057429124,0.051
240.9,potted plant,0.758,1.047730139379191,-1.1294283195250499,0.40068490261859424,-2.755527103225576,0.5743424631497824,nan,nan,nan,nan,1.0609399962952042,-1.104445544192729,0.051
241.101,tv,0.92,-1.666729186708499,-1.309264173284762,0.9120485418695524,-2.751145494194848,0.5651145730056808,nan,nan,nan,nan,-1.6523019653190156,-1.303806137431291,0.051
241.101,potted plant,0.752,1.0747909784158516,-1.1068043796505913,0.40415039545661785,-2.751145494194848,0.5651145730056808,nan,nan,nan,nan,1.0877107209739223,-1.0818753762114894,0.051
241.302,tv,0.924,-1.6624192505745983,-1.3098117132092133,0.9125508200915854,-2.7465278143095,0.5560593805050352,nan,nan,nan,nan,-1.6469895439365994,-1.3039388646325534,0.054
241.302,potted plant,0.753,1.0746511111322348,-1.1039598834973874,0.4005875965643418,-2.7465278143095,0.5560593805050352,nan,nan,nan,nan,1.0884380959675009,-1.0773008987522463,0.054
241.5,tv,0.878,-1.6637970409305274,-1.3064675410909685,0.9156861987456114,-2.7417191075883194,0.5472482216670276,nan,nan,nan,nan,-1.6759174401427264,-1.316222431729913,0.048
241.5,potted plant,0.663,1.0883392077935214,-1.0926805723244901,0.3980032540301569,-2.7417191075883194,0.5472482216670276,nan,nan,nan,nan,1.0776881842343053,-1.122276911146387,0.048
241.701,tv,0.873,-1.6792085263933891,-1.3201673153659228,0.9137450118786674,-2.736625551776595,0.5383859826098581,nan,nan,nan,nan,-1.665160665413356,-1.3148495800304565,0.045
241.701,potted plant,0.662,1.0306849222074463,-1.1506193242287646,0.4002808625333982,-2.736625551776595,0.5383859826098581,nan,nan,nan,nan,1.0434922077673476,-1.1265183912212329,0.045
241.902,tv,0.893,-1.6818469669762817,-1.3183455543169194,0.9083729533535496,-2.7314529124971743,0.5296596684016484,nan,nan,nan,nan,-1.6710472739272,-1.3142776949018546,0.033
241.902,potted plant,0.722,1.0465032681776276,-1.1217308970957016,0.39183884624606613,-2.7314529124971743,0.5296596684016484,nan,nan,nan,nan,1.056215621650535,-1.1031156066768175,0.033
242.1,tv,0.902,-1.68845633822521,-1.3159173081371347,0.8956536518104576,-2.726074239156623,0.521166813600042,nan,nan,nan,nan,-1.6740786415921591,-1.3105277287223314,0.048
242.1,potted plant,0.634,1.0314160723558277,-1.1414495549016683,0.387170330401143,-2.726074239156623,0.521166813600042,nan,nan,nan,nan,1.044484436781614,-1.1167244375690133,0.048
242.301,tv,0.898,-1.6933460633423105,-1.314423301628227,0.8897822412306376,-2.720361676229869,0.5127104213551142,nan,nan,nan,nan,-1.6816698525195592,-1.3100803769837008,0.039
242.301,potted plant,0.728,1.0511301761011063,-1.1070046402834777,0.3876277535142558,-2.720361676229869,0.5127104213551142,nan,nan,nan,nan,1.0615622460115623,-1.0868092782448273,0.039
242.502,tv,0.876,-1.686452526593745,-1.3125279457533499,0.881794312164549,-2.7144000469098426,0.5044276805306498,nan,nan,nan,nan,-1.6720988604367695,-1.3071240886791187,0.048
242.502,potted plant,0.757,1.042096121538926,-1.1198582642141843,0.38880565816770857,-2.7144000469098426,0.5044276805306498,nan,nan,nan,nan,1.055010809355376,-1.0950576360346491,0.048
242.7,tv,0.85,-1.7016054960744194,-1.309304527208924,0.8684837900327143,-2.7082886337151155,0.4964458929424741,nan,nan,nan,nan,-1.6881690444770419,-1.3043425847437253,0.042
242.7,potted plant,0.726,1.0575406702307233,-1.0801120565885105,0.39463004277128994,-2.7082886337151155,0.4964458929424741,nan,nan,nan,nan,1.0693879718996562,-1.0567621795071687,0.042
242.901,tv,0.865,-1.6993856512229102,-1.3091588462724268,0.8621266764431079,-2.7017696397712494,0.488436631747153,nan,nan,nan,nan,-1.6848768511571688,-1.303780142548685,0.051
242.901,potted plant,0.759,1.0459856512503745,-1.0898404035076554,0.3866726962038311,-2.7017696397712494,0.488436631747153,nan,nan,nan,nan,1.0588443195502208,-1.0647021109508576,0.051
243.102,tv,0.925,-1.6794658556243232,-1.3057159945993233,0.8519683412152987,-2.699711760250318,0.48272274869107235,nan,nan,nan,nan,-1.6414390039171547,-1.2840654677726508,0.048
243.102,potted plant,0.738,1.0449442589813795,-1.0714461608423127,0.39291640196889777,-2.699711760250318,0.48272274869107235,nan,nan,nan,nan,1.0772077641751894,-0.9903775757589552,0.048
243.3,potted plant,0.729,1.0127958645953927,-1.0711838432506204,0.3919246110480166,-2.7012211140467235,0.4806267159314556,nan,nan,nan,nan,1.0401403123479904,-1.0034085736401395,0.06
243.3,tv,0.605,-1.6237477918904097,-1.302474588197813,0.8541252424849427,-2.7012211140467235,0.4806267159314556,nan,nan,nan,nan,-1.5916948803160587,-1.2832324109177065,0.06
243.501,potted plant,0.71,1.0099453184767468,-1.034089884858752,0.39506000331525815,-2.704226629445446,0.4757738808860732,nan,nan,nan,nan,1.064416448198671,-0.8915312756753264,0.048
243.501,tv,0.683,-1.4915659619799457,-1.293568200405423,0.8602097037709946,-2.704226629445446,0.4757738808860732,nan,nan,nan,nan,-1.4252051723826078,-1.2474411924032414,0.048
243.702,tv,0.873,-1.2205793199631916,-1.2701442002438612,0.8855710072256495,-2.7085540636269596,0.4660000337849679,nan,nan,nan,nan,-1.123562760864801,-1.1843743499413895,0.057
243.702,couch,0.574,-2.004543516550834,0.6087295045080952,0.2051477123698116,-2.7085540636269596,0.4660000337849679,nan,nan,nan,nan,-2.015002881757781,0.6459537001091906,0.057
243.9,potted plant,0.841,1.0802723069288365,-0.9465125115758726,0.38995488120816946,-2.7112425184432087,0.4543263145904493,nan,nan,nan,nan,1.1471704302671009,-0.7521523499476609,0.054
244.302,potted plant,0.746,1.1106889432489453,-0.9435103819467378,0.38565707670567206,-2.71131033891313,0.43994189005424345,nan,nan,nan,nan,1.1106889432489457,-0.943510381946738,0.054
244.701,potted plant,0.746,1.1106889432489453,-0.9435103819467379,0.38565707670567206,-2.71131033891313,0.4399418900542434,nan,nan,nan,nan,1.1106889432489457,-0.9435103819467381,0.06
244.902,potted plant,0.746,1.1106889432489453,-0.9435103819467378,0.38565707670567206,-2.71131033891313,0.43994189005424345,nan,nan,nan,nan,1.1106889432489457,-0.943510381946738,0.051
245.1,potted plant,0.746,1.1106889432489457,-0.9435103819467379,0.38565707670567206,-2.7113103389131297,0.4399418900542434,nan,nan,nan,nan,1.1106889432489457,-0.9435103819467381,0.048
245.301,potted plant,0.801,1.1081154170827312,-0.9539372067127376,0.38073513330964054,-2.7113534459473274,0.44032157258703813,nan,nan,nan,nan,1.0921624018079368,-0.996037319688812,0.054
245.502,potted plant,0.793,1.0997469399218405,-0.9656906758052664,0.38909974909313366,-2.711679912242082,0.44488009587764726,nan,nan,nan,nan,1.0558717457831897,-1.0771487253199363,0.054
245.7,potted plant,0.864,1.0970154879795575,-0.9725127722482381,0.3844215105262679,-2.7117050986046336,0.44780365428764407,nan,nan,nan,nan,1.08027145288999,-1.0159763514919722,0.06
245.901,potted plant,0.798,1.0933195616568994,-0.984930176499968,0.391436031000045,-2.711674637613166,0.44898334911068083,nan,nan,nan,nan,1.0815329258361204,-1.0153905157595828,0.051
246.801,tv,0.867,-1.3249497350834638,-1.2823296271757003,0.8769651325287187,-2.7071050105527554,0.46983340202261376,nan,nan,nan,nan,-1.39872453137123,-1.3365291662680039,0.039
246.801,couch,0.463,-1.8675125407473934,0.6043581378059171,0.22842337734544044,-2.7071050105527554,0.46983340202261376,nan,nan,nan,nan,-1.8615912756655826,0.5712757235589389,0.039
247.101,tv,0.776,-1.7138547222585998,-1.312744485019969,0.8582852003525054,-2.69785832181408,0.485058467558268,nan,nan,nan,nan,-1.7969833069534398,-1.3546088713732747,0.045
247.101,potted plant,0.685,1.0363463844545162,-1.1155354868720777,0.3898374686247272,-2.69785832181408,0.485058467558268,nan,nan,nan,nan,0.9594242751160521,-1.2859447772166157,0.045
247.302,tv,0.803,-1.687933742501502,-1.3195757351879531,0.8913444491118852,-2.6923181963177596,0.49085144630992583,nan,nan,nan,nan,-1.7518374662449077,-1.3529847402768558,0.054
247.302,potted plant,0.712,1.0490734824576076,-1.1227080394691096,0.3880613246217308,-2.6923181963177596,0.49085144630992583,nan,nan,nan,nan,0.9904657327057876,-1.2543003741351244,0.054
247.5,tv,0.907,-1.6788843639698554,-1.3240272455627968,0.9048355987764717,-2.6878948169283268,0.4942752085479205,nan,nan,nan,nan,-1.7155776337747206,-1.347278698243117,0.066
247.5,potted plant,0.764,1.0601606198927844,-1.1584795785669704,0.40724388608007184,-2.6878948169283268,0.4942752085479205,nan,nan,nan,nan,1.0264113638114583,-1.2411194273941208,0.066
247.701,tv,0.911,-1.6709783555379718,-1.3290408112177836,0.9101167552054524,-2.674645391125557,0.48347375336900655,nan,nan,nan,nan,-1.712017224066943,-1.3578004388429379,0.057
247.701,potted plant,0.795,1.0024516233991654,-1.2349681023578456,0.4003148176779189,-2.674645391125557,0.48347375336900655,nan,nan,nan,nan,0.9629264657378009,-1.3303453262796887,0.057
247.902,tv,0.909,-1.6745014474062505,-1.334321673495229,0.9082513779507713,-2.660342194355727,0.46847935505070526,nan,nan,nan,nan,-1.7086470058717556,-1.3586206537304684,0.051
247.902,potted plant,0.431,1.270695861984612,-1.5699529164635662,0.4720700319040363,-2.660342194355727,0.46847935505070526,nan,nan,nan,nan,1.2310155875097704,-1.6554254902466121,0.051
248.1,tv,0.938,-1.6767120932718365,-1.3373468539446094,0.9052416073893939,-2.6479976778902214,0.4522519564866668,nan,nan,nan,nan,-1.7128029082827452,-1.3658356486748298,0.078
248.301,tv,0.881,-1.6773130404914165,-1.3414162682235902,0.899406944940572,-2.636554165631137,0.4333417743314981,nan,nan,nan,nan,-1.7013337897957486,-1.360880702729118,0.054
248.502,tv,0.914,-1.672225013623975,-1.344745696133432,0.8890372506894959,-2.6257660310047,0.4122314606242629,nan,nan,nan,nan,-1.7010365295895002,-1.369148493183341,0.063
249.201,tv,0.657,-1.6407886530964682,-1.3341617917250472,0.8501373343849974,-2.593130492103521,0.29870323246314123,nan,nan,nan,nan,-1.6200798226283228,-1.3310492437049815,0.042
249.402,tv,0.832,-1.6283092470775675,-1.3230141891153775,0.8480205784505412,-2.589228364317389,0.26480222186860397,nan,nan,nan,nan,-1.603363326619638,-1.3187162221694317,0.051
249.6,tv,0.856,-1.6338644458326674,-1.320112120324106,0.8458453236144052,-2.583899350288098,0.23268992137006245,nan,nan,nan,nan,-1.612663213852522,-1.3136579589140256,0.045
249.801,tv,0.55,-1.6334222079163467,-1.317168865051421,0.836247436414269,-2.5790464824219264,0.2076410351134828,nan,nan,nan,nan,-1.614801052467768,-1.3105882805084523,0.039
250.002,tv,0.893,-1.659000670535439,-1.3234504110459266,0.8268010200414078,-2.574216847038229,0.18632494634063007,nan,nan,nan,nan,-1.6369377975146762,-1.3154518261332813,0.048
250.2,tv,0.9,-1.6683242085128005,-1.3203049188413467,0.8195931847381964,-2.5689163275625666,0.16677262267679793,nan,nan,nan,nan,-1.6473975206131177,-1.3126311724482715,0.045
250.401,tv,0.73,-1.6675487931477728,-1.3170972208228648,0.8122958031444455,-2.56256574331597,0.14736852938128409,nan,nan,nan,nan,-1.6500930252543486,-1.3105082408354496,0.036
250.602,tv,0.789,-1.694168161023304,-1.3136073963438801,0.8016326469150491,-2.5551088437262592,0.12827558098420555,nan,nan,nan,nan,-1.6696196761884656,-1.3046307459025495,0.051
250.602,potted plant,0.772,1.3975064775464054,-1.4750567351835082,0.37665596145361624,-2.5551088437262592,0.12827558098420555,nan,nan,nan,nan,1.424206397215515,-1.417582892020296,0.051
251.4,tv,0.755,-1.7491294046023476,-1.3169993044651065,0.7424885219980009,-2.5153496391326895,0.0577733489093627,nan,nan,nan,nan,-1.7249261368572135,-1.3091053086889206,0.051
251.4,potted plant,0.726,1.0676642329670392,-1.1304634911552696,0.40196669943109364,-2.5153496391326895,0.0577733489093627,nan,nan,nan,nan,1.0886541486646817,-1.0791314336050815,0.051
252.0,potted plant,0.691,1.0418913480557808,-1.1569453183778144,0.4010341448659156,-2.4751115974743616,0.012241277482055501,nan,nan,nan,nan,1.061325371781459,-1.11140829550794,0.048
252.201,potted plant,0.654,1.0530403892434737,-1.1348840984595774,0.38418865580096423,-2.459601283951619,-0.0016050334852629189,nan,nan,nan,nan,1.0699877592647797,-1.0950282077217235,0.042
252.402,potted plant,0.691,1.0547259895530012,-1.1208432440365144,0.4008613619995106,-2.4419276908840635,-0.015286543425968913,nan,nan,nan,nan,1.0694261781465373,-1.0868354118796832,0.036
252.402,tv,0.384,-1.4641126943688199,-1.31375127071956,0.7371932772398971,-2.4419276908840635,-0.015286543425968913,nan,nan,nan,nan,-1.4472700808989167,-1.3059284562384008,0.036
252.6,potted plant,0.776,1.056208275955858,-1.109743870971787,0.40484768516944547,-2.4223968964386766,-0.028397860285695575,nan,nan,nan,nan,1.0610218658485437,-1.1132530778402094,0.045
252.801,potted plant,0.717,1.0436065522493725,-1.1464993990855108,0.400568623994354,-2.40144982928302,-0.041128798682738166,nan,nan,nan,nan,1.0613865208860545,-1.1071731192533194,0.042
253.002,potted plant,0.727,1.045066919885023,-1.1387776847387523,0.3977517873414693,-2.378335039223729,-0.053084496327240105,nan,nan,nan,nan,1.074704129230379,-1.077518390066606,0.066
253.2,potted plant,0.793,1.0493268485990113,-1.1256897348239752,0.3991659300876561,-2.3469929584678613,-0.06585815041464355,nan,nan,nan,nan,1.0703531760847085,-1.0852306254663588,0.045
253.401,tv,0.854,-1.0894363628981818,-1.325214667517652,0.758050442006857,-2.3095964245832477,-0.0783766568660611,nan,nan,nan,nan,-1.0588047243057654,-1.3095952022660613,0.054
253.401,potted plant,0.838,1.0316530432939883,-1.1855438526222084,0.4030022290387355,-2.3095964245832477,-0.0783766568660611,nan,nan,nan,nan,1.0598777266550377,-1.1372209652556122,0.054
253.8,potted plant,0.778,1.0384071583348904,-1.163807701662443,0.38194980128044553,-2.210688190260987,-0.1003379505124552,nan,nan,nan,nan,1.0659766393417969,-1.128373809734284,0.06
253.8,tv,0.331,-0.8363256884102088,0.605724658778283,0.3414045284421021,-2.210688190260987,-0.1003379505124552,nan,nan,nan,nan,-0.8291933206309474,0.6192528220520412,0.06
254.202,potted plant,0.751,1.0326751834368557,-1.1811837078717398,0.40076007786232404,-2.106550913675596,-0.11328996408675487,nan,nan,nan,nan,1.0486560244006935,-1.1797416529202431,0.057
254.202,tv,0.466,-0.8601302866698515,0.6003786842533554,0.33990434480230963,-2.106550913675596,-0.11328996408675487,nan,nan,nan,nan,-0.8454813216722559,0.6004046385154039,0.057
254.4,potted plant,0.807,1.0359189133763005,-1.169650096959458,0.39980350268302445,-2.055548888825896,-0.11629062664961906,nan,nan,nan,nan,1.0422615379578086,-1.1790808610138306,0.036
254.4,tv,0.456,-0.8318668784893646,0.6018194981939645,0.34630956261228124,-2.055548888825896,-0.11629062664961906,nan,nan,nan,nan,-0.8205044511907486,0.5976664931476101,0.036
254.601,potted plant,0.783,1.0320531947676002,-1.1922174775262737,0.4044224756302904,-2.0033919754572853,-0.11958316916602124,nan,nan,nan,nan,1.0500557492805322,-1.188489290137413,0.06
254.802,potted plant,0.817,1.0333033481680545,-1.1954270718548548,0.40064630802743806,-1.9512151457926246,-0.12254578842212366,nan,nan,nan,nan,1.0532240921246503,-1.190789041057124,0.069
255.0,potted plant,0.825,1.0287201074253902,-1.193824426594612,0.39236269789850453,-1.8998031140144165,-0.12520900159560827,nan,nan,nan,nan,1.0478186331632267,-1.1892693801726637,0.066
255.801,potted plant,0.845,1.0331292682218405,-1.1969378350051392,0.3916440251563733,-1.6917039916591023,-0.13342191521505128,nan,nan,nan,nan,1.0486836910393513,-1.1934573415974525,0.054
256.101,potted plant,0.783,1.0333532597634831,-1.1944411347167052,0.39752926233953284,-1.6137306826178839,-0.13550202024598076,nan,nan,nan,nan,1.0469920650649662,-1.1918069090274563,0.048
256.302,potted plant,0.811,1.0331473977814594,-1.189990279878776,0.3964555472392821,-1.5617996188110874,-0.13653957523094437,nan,nan,nan,nan,1.0436684849662032,-1.188165971657526,0.039
256.602,potted plant,0.841,1.0354047201307317,-1.1933721872179348,0.402400976771992,-1.4933266331175479,-0.13755904423767465,nan,nan,nan,nan,1.049181353014724,-1.191140209885701,0.06
256.602,chair,0.308,2.4970504189600384,0.5856972565918671,0.3872593109410714,-1.4933266331175479,-0.13755904423767465,nan,nan,nan,nan,2.5091530331835767,0.5893032539482012,0.06
256.8,potted plant,0.855,1.0347847655070614,-1.1982022267617158,0.3975281150336223,-1.4525741153517648,-0.13798054016694128,nan,nan,nan,nan,1.0473546812538406,-1.1962303071950153,0.06
257.1,potted plant,0.882,1.0330744250065222,-1.1922187421589021,0.39649144044772766,-1.3972942412784064,-0.1383518192641711,nan,nan,nan,nan,1.0411779658628098,-1.1912101140052782,0.045
257.1,chair,0.333,2.497267221903746,0.5834265839588351,0.37536548037691186,-1.3972942412784064,-0.1383518192641711,nan,nan,nan,nan,2.504610998409801,0.5850614389673517,0.045
257.301,potted plant,0.855,1.0359395940927818,-1.201243871182287,0.3951672503985658,-1.364206888523322,-0.13845551632645733,nan,nan,nan,nan,1.0422654519895584,-1.2017620738286416,0.042
257.502,potted plant,0.901,1.0335104165057813,-1.2032575188294132,0.39672977963646927,-1.3338845416686385,-0.13799475652031354,nan,nan,nan,nan,1.0358772061780062,-1.213085167029718,0.048
257.502,chair,0.393,2.4977809893279357,0.5814031577261276,0.3769609651378025,-1.3338845416686385,-0.13799475652031354,nan,nan,nan,nan,2.507688438731105,0.5653618343192475,0.048
257.7,potted plant,0.859,1.0322372812887193,-1.2096002433683668,0.3991377355839265,-1.3064582282140975,-0.13718912362547617,nan,nan,nan,nan,1.0321388405406104,-1.2274033491284504,0.06
257.901,potted plant,0.82,1.0301879893165453,-1.2015546203569472,0.3936499799501778,-1.2807180902616953,-0.13683041784995878,nan,nan,nan,nan,1.0301804345462537,-1.2148926363978911,0.051
257.901,chair,0.555,2.5014116855222825,0.5738098745416997,0.3772995306016441,-1.2807180902616953,-0.13683041784995878,nan,nan,nan,nan,2.511635669096382,0.5519431347047945,0.051
258.102,potted plant,0.854,1.030594712922885,-1.2020735187276541,0.398343111871982,-1.2577397047436576,-0.1370340021473805,nan,nan,nan,nan,1.0305810778599425,-1.216210893087072,0.06
258.102,chair,0.539,2.501037072695047,0.5912214958441889,0.3717697904245857,-1.2577397047436576,-0.1370340021473805,nan,nan,nan,nan,2.511974347055968,0.5680485400339234,0.06
258.3,potted plant,0.87,1.025664227147291,-1.2103049333110667,0.3979377053418185,-1.2365803286813262,-0.1376584511166696,nan,nan,nan,nan,1.0256348884829978,-1.2190320015232903,0.042
258.3,chair,0.444,2.5013373360023663,0.6015230442671452,0.3765738167659979,-1.2365803286813262,-0.1376584511166696,nan,nan,nan,nan,2.508159419250583,0.5871941084102118,0.042
258.702,potted plant,0.858,1.028499846458761,-1.2231491551523592,0.39605342701554325,-1.1992023624691148,-0.13978663928286564,nan,nan,nan,nan,1.0284669569022522,-1.2272964139795897,0.024
258.702,chair,0.431,2.5087212946647903,0.5645581663313255,0.38789256984313913,-1.1992023624691148,-0.13978663928286564,nan,nan,nan,nan,2.51189961743614,0.5577471554261765,0.024
258.9,potted plant,0.776,1.0247125696325654,-1.2193944265891277,0.39879443466873155,-1.183188206979499,-0.14110076454666529,nan,nan,nan,nan,1.0246221381644969,-1.230838607521349,0.069
258.9,chair,0.575,2.511425247227412,0.553362819167509,0.3826744517912499,-1.183188206979499,-0.14110076454666529,nan,nan,nan,nan,2.5201242969098594,0.5345101204335151,0.069
259.101,potted plant,0.824,1.033875562326071,-1.2064777565759164,0.4009923028279726,-1.1680524674700112,-0.14250776412864433,nan,nan,nan,nan,1.0334891531181,-1.2140714284470937,0.045
259.101,chair,0.331,2.736208496149736,-0.19894351865109455,0.4706900303782211,-1.1680524674700112,-0.14250776412864433,nan,nan,nan,nan,2.7391565470511625,-0.2121924939220503,0.045
259.101,chair,0.328,2.5101462079681083,0.6453646929791215,0.42920311490040797,-1.1680524674700112,-0.14250776412864433,nan,nan,nan,nan,2.5158976197691025,0.6328613302530673,0.045
259.302,potted plant,0.871,1.0316123236451227,-1.20681093275615,0.3990549894279788,-1.1543928662805616,-0.14384657247239063,nan,nan,nan,nan,1.0326820527900133,-1.2114098688345738,0.057
259.302,chair,0.315,2.4998092568132977,0.6093897118647634,0.38069099534852224,-1.1543928662805616,-0.14384657247239063,nan,nan,nan,nan,2.5043552192102343,0.6019751171307729,0.057
259.701,potted plant,0.858,1.0319396876976312,-1.2080772220147102,0.3993655376805939,-1.1504911390934724,-0.14439547677576062,nan,nan,nan,nan,1.031939687697631,-1.2080772220147102,0.057
259.902,potted plant,0.858,1.0319396876976312,-1.2080772220147102,0.3993655376805939,-1.1504911390934724,-0.14439547677576064,nan,nan,nan,nan,1.031939687697631,-1.2080772220147102,0.033
260.1,potted plant,0.858,1.0319396876976312,-1.2080772220147102,0.3993655376805939,-1.1504911390934724,-0.1443954767757607,nan,nan,nan,nan,1.031939687697631,-1.2080772220147102,0.063
260.301,potted plant,0.844,1.031733474222182,-1.2116018563562536,0.3969657893641273,-1.1502676804393372,-0.1443289955896053,nan,nan,nan,nan,1.0238043269875925,-1.2322068716839025,0.054
260.502,potted plant,0.804,1.0321688312775503,-1.2056523274090942,0.3961091215380841,-1.1283518606093543,-0.14658286329269343,nan,nan,nan,nan,1.0365022294688384,-1.2295794078998352,0.063
260.7,potted plant,0.801,1.0318383809258336,-1.21076520134276,0.40249016853559444,-1.0818491693814414,-0.15516790536310482,nan,nan,nan,nan,1.035820440485018,-1.2256212500468857,0.042
260.901,potted plant,0.813,1.0349706018347697,-1.206710623450264,0.39873147476472703,-1.036927643765609,-0.164797960047686,nan,nan,nan,nan,1.0394843867103638,-1.221011339124448,0.051
261.102,potted plant,0.842,1.030648173264512,-1.2161504540988823,0.40272597325907655,-0.996428669072049,-0.1744830908027727,nan,nan,nan,nan,1.0349456125049814,-1.2278952183467742,0.048
261.402,potted plant,0.799,1.0350057201915417,-1.2001362638934034,0.40215150167488556,-0.9422891193946028,-0.18899916802355493,nan,nan,nan,nan,1.0396174475656987,-1.2110290386887257,0.051
261.9,potted plant,0.775,1.0312326944970882,-1.2124840056183603,0.4030525866573248,-0.8677180845014212,-0.21133791814306985,nan,nan,nan,nan,1.032719867787926,-1.2201660249691688,0.036
262.101,potted plant,0.825,1.0356315048827993,-1.19755457536058,0.40315107963310837,-0.842016241026663,-0.21935781353146122,nan,nan,nan,nan,1.03687855715816,-1.2111241512835433,0.06
262.302,potted plant,0.809,1.0359164633089613,-1.2040427179450144,0.40184566052628645,-0.8185029208740255,-0.22707369279821557,nan,nan,nan,nan,1.0366159669872448,-1.2117885144032376,0.039
262.5,potted plant,0.78,1.032285128262321,-1.2080986648342282,0.40650785706677856,-0.7977382412321239,-0.23431923268927118,nan,nan,nan,nan,1.0333787738387572,-1.2205887749266877,0.066
262.701,potted plant,0.821,1.0326165628042414,-1.2032670171251336,0.41284826053624324,-0.7784128548564982,-0.24143447924304784,nan,nan,nan,nan,1.03333308554196,-1.2111647484970445,0.045
262.902,potted plant,0.849,1.0326267691629667,-1.2054962223348211,0.4044752188527041,-0.7607555833516164,-0.24825425264316361,nan,nan,nan,nan,1.0331064835242787,-1.2108069302477673,0.033
263.1,potted plant,0.865,1.0309503360470087,-1.2105023300990345,0.40565073742675095,-0.7450016030042842,-0.2546000355142523,nan,nan,nan,nan,1.0315313065321314,-1.2171140402216596,0.045
263.1,chair,0.311,2.4832543979316557,0.13838449279855886,0.3839090559326981,-0.7450016030042842,-0.2546000355142523,nan,nan,nan,nan,2.4877903459338264,0.12750202368441207,0.045
263.301,potted plant,0.844,1.0313017944680811,-1.208384435617562,0.40932172386472154,-0.7301466492205516,-0.26081338714940544,nan,nan,nan,nan,1.0319101947026512,-1.2152402703492835,0.054
263.301,chair,0.314,2.482376142560625,0.11863912782377622,0.3817021660510733,-0.7301466492205516,-0.26081338714940544,nan,nan,nan,nan,2.4870180843337537,0.10735918948505051,0.054
263.502,potted plant,0.832,1.0294041240592964,-1.2177552029988679,0.40976332464221354,-0.7170278909502206,-0.26648866081430433,nan,nan,nan,nan,1.029904000228108,-1.2236458572997138,0.048
263.802,potted plant,0.784,1.0275821324909862,-1.2114597426726719,0.40668125216716955,-0.7056119089502135,-0.268338729932566,nan,nan,nan,nan,0.9998912558763506,-1.2606844096596155,0.054
263.802,dining table,0.442,2.7553265020412785,-0.15970907943553136,0.6992433103748543,-0.7056119089502135,-0.268338729932566,nan,nan,nan,nan,2.757921612839548,-0.2603797919913978,0.054
264.0,potted plant,0.829,1.0248730829515478,-1.2183575395953774,0.4075077477996878,-0.7006572955410787,-0.2610096946845828,nan,nan,nan,nan,0.9727487997729097,-1.307625347123861,0.051
264.201,potted plant,0.855,1.0211326280592679,-1.237536110455387,0.4124690159309766,-0.6922866129109168,-0.2523738474846579,nan,nan,nan,nan,0.9795284994484041,-1.308132607496483,0.042
264.402,potted plant,0.864,0.9573497233422285,-1.3003943271911311,0.4055237871461932,-0.6823487731031684,-0.24559228183374718,nan,nan,nan,nan,0.9359449150387188,-1.334006948665201,0.018
264.6,refrigerator,0.466,-0.8792508435818203,-1.0844138892162023,0.22809158640785546,-0.6714913515956418,-0.24101834326331506,nan,nan,nan,nan,-0.9144011231755543,-1.073480144520912,0.045
264.801,tv,0.827,-1.1671088347381033,-1.2977787142162924,0.6490779413107652,-0.6595430911124659,-0.23862975022841637,nan,nan,nan,nan,-1.2045718747974388,-1.2776440364940156,0.039
265.701,tv,0.812,-1.161750088108405,-1.300504268187789,0.6476227366864249,-0.6601493639833177,-0.2386905943776157,nan,nan,nan,nan,-1.1007197425372985,-1.3291532653977027,0.06
265.902,refrigerator,0.387,-0.8735355918945811,-1.0858614705783716,0.22944451876419783,-0.672004455258917,-0.24117944120672438,nan,nan,nan,nan,-0.8478173632710242,-1.0925824640344453,0.033
266.1,potted plant,0.872,0.963017403466498,-1.290794606062259,0.40602524329182893,-0.6827941035536049,-0.24583670811961816,nan,nan,nan,nan,0.9948946205184256,-1.2369056360863238,0.033
266.301,potted plant,0.854,1.0273196466465717,-1.2275364314476467,0.4116084937745199,-0.6926733066617428,-0.2527023257771407,nan,nan,nan,nan,1.0740354662203486,-1.1375140918014381,0.054
266.502,potted plant,0.813,1.0269235088394402,-1.2125030890796267,0.40791511182196827,-0.7004434274394693,-0.26141885070406723,nan,nan,nan,nan,1.0577547396386486,-1.1585790624533978,0.048
266.7,potted plant,0.81,1.0255989715364113,-1.21679633688084,0.407362776903229,-0.6898684949788763,-0.27565987687461,nan,nan,nan,nan,1.0442178650050937,-1.1908725027706921,0.042
266.7,chair,0.647,2.7673981666248655,-0.2569294827979049,0.3904008725700745,-0.6898684949788763,-0.27565987687461,nan,nan,nan,nan,2.769611586449614,-0.20181976424878367,0.042
267.102,potted plant,0.778,1.047545666706473,-1.1867949183578208,0.4073862903300652,-0.6803618903791593,-0.2982224959949442,nan,nan,nan,nan,1.0611036226256965,-1.1654591224074498,0.03
267.3,potted plant,0.841,1.0499792928531309,-1.1778188352077257,0.40431574095794687,-0.6624447274564671,-0.3072256672143603,nan,nan,nan,nan,1.070801105981978,-1.1504269850722701,0.057
267.501,potted plant,0.883,1.0528846938629184,-1.1755326599230884,0.40580364522105156,-0.6419559814787493,-0.31496775996714543,nan,nan,nan,nan,1.0759840496514383,-1.145375759442687,0.066
267.702,potted plant,0.842,1.0551236628807887,-1.1771518849282332,0.40174167119551096,-0.6183167626764576,-0.321881149950508,nan,nan,nan,nan,1.0774284508878968,-1.1498897286325402,0.06
267.9,potted plant,0.851,1.0594618481002227,-1.1811610542792979,0.40510389366411315,-0.5923102371619979,-0.3275686018102233,nan,nan,nan,nan,1.0581509777010214,-1.1987165155813957,0.051
268.101,potted plant,0.872,1.0385276238974033,-1.1960474457806236,0.40817594062079965,-0.562933548766334,-0.332771191379302,nan,nan,nan,nan,1.0624140111745084,-1.1693426903583948,0.06
268.302,potted plant,0.848,1.0463002860169681,-1.1223291243153293,0.40659906343842755,-0.5314828728550982,-0.3361054734310509,nan,nan,nan,nan,1.0609492872669142,-1.1053789969067436,0.039
268.602,potted plant,0.711,1.4473880145458935,-1.2094577671564835,0.46077904489661387,-0.47618707277555367,-0.33714226028571137,nan,nan,nan,nan,1.4755674197223692,-1.1742037099472549,0.06
268.8,potted plant,0.514,1.4527499209157748,-1.1340137685680651,0.4274301822887521,-0.43376041500529455,-0.33451301358437335,nan,nan,nan,nan,1.4784487485765845,-1.1059457756257036,0.057
270.201,chair,0.669,2.762043085937071,-0.18735665391054174,0.4680306066215213,-0.09894808236310582,-0.24101154379235698,nan,nan,nan,nan,2.768710916479316,-0.18289359356432086,0.027
270.402,chair,0.458,2.76144054934165,-0.20206347595433644,0.4677719446362335,-0.04912515723655564,-0.22523407406359705,nan,nan,nan,nan,2.770404330274759,-0.20419964592811435,0.036
270.6,chair,0.583,2.7609148027217834,-0.20879140424590414,0.4658171085712474,8.188487045357462e-05,-0.21010291475095538,nan,nan,nan,nan,2.7728720282623134,-0.20615696230323305,0.048
270.9,chair,0.63,2.75305818065842,-0.21899411749844458,0.4763835692988574,0.07499440346910591,-0.18835228833467865,nan,nan,nan,nan,2.769932021030207,-0.20139655722259192,0.051
271.101,chair,0.565,2.7615965761054193,-0.21049556654388338,0.4985968360914924,0.12893034991320118,-0.17282018691117476,nan,nan,nan,nan,2.772681688825213,-0.2090116470736509,0.045
271.302,chair,0.818,2.7631452621030905,-0.22230208589508893,0.49405793273129545,0.1786184032129462,-0.1566266282367516,nan,nan,nan,nan,2.7772389082514315,-0.21834154780635087,0.054
271.701,chair,0.545,2.76234029505421,-0.23596381534772726,0.46700732346748514,0.27777084282111597,-0.1250731936876032,nan,nan,nan,nan,2.772527182436824,-0.2311005130039996,0.042
272.1,chair,0.769,2.765399677931394,-0.23979516964763511,0.46249384953251826,0.3763560299049554,-0.09377579914288384,nan,nan,nan,nan,2.782779464502391,-0.22958262360760925,0.063
272.301,chair,0.813,2.7645600960769707,-0.23784034148576602,0.46195932428618214,0.427284363159536,-0.0767977961625729,nan,nan,nan,nan,2.774010235669154,-0.23656081119240463,0.039
272.601,chair,0.719,2.761324171214911,-0.2379569311557708,0.4612801017812769,0.5016364319017708,-0.051221606804003644,nan,nan,nan,nan,2.7711844066574285,-0.24169476346999375,0.045
272.802,chair,0.46,2.758372165714147,-0.23592188786051052,0.4584463471144972,0.5506312028215078,-0.03491107966602777,nan,nan,nan,nan,2.76838307041706,-0.2366110676643593,0.039
273.0,chair,0.357,2.7612784099983556,-0.22759938298308519,0.45863675994246295,0.5996964589999002,-0.01932787557410115,nan,nan,nan,nan,2.7794099013239806,-0.21267802954561335,0.069
273.201,chair,0.458,2.7597731367655016,-0.22930411489651442,0.46680729098434826,0.6500693544995909,-0.0042569922036771735,nan,nan,nan,nan,2.77151014402908,-0.21790502311672877,0.042
273.6,chair,0.518,3.0670423344563758,-0.27138047159041223,0.4928779796533849,0.7485082651130538,0.027521206803422876,nan,nan,nan,nan,3.076999018898987,-0.25989997362584394,0.036
273.801,chair,0.522,3.080499431309537,-0.2630712308688927,0.49943988612447465,0.7982158115104973,0.04511831216132034,nan,nan,nan,nan,3.093957521782416,-0.2580399522405965,0.057
274.2,chair,0.605,3.090872178141323,-0.25622400585108995,0.5076578473854592,0.8951081194881838,0.08085246830402698,nan,nan,nan,nan,3.101234898932835,-0.25184293274456643,0.042
274.401,chair,0.73,3.0629200771174308,-0.23276065614796573,0.5101873261070621,0.9442260517445782,0.09870064744109866,nan,nan,nan,nan,3.0727508751820536,-0.22739268483534486,0.036
276.102,chair,0.381,5.098113446094882,-1.1936898701076855,0.6444499293006605,1.3610056124043717,0.23693063828322514,nan,nan,nan,nan,5.0869678806646315,-1.2434571803363497,0.045
276.3,chair,0.431,5.111887704903365,-1.258419694784591,0.6390403272907728,1.4048091121641928,0.24456485845830608,nan,nan,nan,nan,5.113441075532741,-1.2728849126062325,0.039
276.501,chair,0.633,5.127271905065093,-1.2725664659577018,0.6213659102211601,1.4444820946578438,0.2499137558682912,nan,nan,nan,nan,5.11634742991872,-1.3170226015040323,0.048
276.801,chair,0.53,5.096337918601458,-1.2943270787501748,0.6124980926117929,1.4916404955779121,0.2536112761674757,nan,nan,nan,nan,5.083471870930305,-1.3415525970043756,0.054
277.002,chair,0.536,5.046405902816741,-1.2889177166541652,0.6145931250823747,1.5231180118607242,0.25745793719575927,nan,nan,nan,nan,5.0325143168968145,-1.3378792760556055,0.063
277.2,chair,0.676,5.000109475246239,-1.2981204485482856,0.6094197287566656,1.5481935702855432,0.2571151253502008,nan,nan,nan,nan,4.987711273608701,-1.3419751318543836,0.06
277.401,chair,0.505,4.973675963084948,-1.3043261631928083,0.6030282011277007,1.5737500184307902,0.2555258596157885,nan,nan,nan,nan,4.9636898530717355,-1.3413770757263987,0.051
277.602,chair,0.489,4.9380524014706495,-1.271938778918106,0.5937828269260652,1.599842111067312,0.2527072065160065,nan,nan,nan,nan,4.931118115708658,-1.3004715879690207,0.045
277.8,chair,0.636,3.8736914046904882,-0.5809298124424449,0.6451850791874133,1.6246410619059384,0.2491901328912472,nan,nan,nan,nan,3.872383712540166,-0.5982568128228722,0.039
278.001,chair,0.604,3.8616113952178015,-0.589213936069485,0.6357835215418034,1.64705233638853,0.2452976812699404,nan,nan,nan,nan,3.860527187218574,-0.6019307149763914,0.033
278.202,chair,0.453,4.869738661703289,-1.2832339818594076,0.585008922645325,1.6675719501057942,0.24105939068162557,nan,nan,nan,nan,4.861763354025706,-1.3125798327434117,0.057
278.4,chair,0.467,4.869458785013144,-1.2889681834015043,0.5801385732324738,1.6867225542714868,0.2364494726583629,nan,nan,nan,nan,4.875977080853664,-1.2843610218998542,0.036
278.601,chair,0.579,4.8492196802028245,-1.2663362981816915,0.5679117296841858,1.7074310845346996,0.2307221252244443,nan,nan,nan,nan,4.844440679615696,-1.286705206808221,0.045
278.802,chair,0.379,4.858101327771594,-1.2753997846447662,0.585579744600524,1.7263836258392595,0.22492586305957568,nan,nan,nan,nan,4.853617468915755,-1.2943608894290957,0.042
279.402,chair,0.475,3.068705452292213,-0.21040808318876889,0.44548578317377174,1.7685080818501218,0.2073401121613828,nan,nan,nan,nan,3.070122739275418,-0.21838145523895133,0.051
280.5,chair,0.497,3.1117855579858684,-0.29268885373969383,0.43682588719044746,1.8294222643382974,0.17861747713165183,nan,nan,nan,nan,3.1214958712098375,-0.2646902079348028,0.066
280.701,chair,0.315,3.0960556136466417,-0.27528152691584934,0.4370265239049544,1.8268690978769355,0.17344897624987665,nan,nan,nan,nan,3.1084720194467046,-0.23797557635888972,0.042
281.301,chair,0.502,5.134673095615025,-0.9828450247374676,0.5995868338926431,1.8227866667663404,0.13953449001846718,nan,nan,nan,nan,5.194089491420065,-0.7950403672676427,0.057
286.002,chair,0.562,3.1038268069757375,-0.22761132677410817,0.40551910275855807,1.856628615370023,0.17010096104577144,nan,nan,nan,nan,3.1021050346742403,-0.24184978571984414,0.03
286.401,chair,0.563,3.154511859322941,-0.3821311009934179,0.38306522475595517,1.8925477662965369,0.15121429196302766,nan,nan,nan,nan,3.1505497006979377,-0.40051621138580357,0.036
287.202,chair,0.49,2.9904441289713213,-0.5104109720622366,0.37560628500201937,1.9535608578934593,0.09756675501281861,nan,nan,nan,nan,2.985114154269988,-0.5284508539785039,0.048
287.4,chair,0.541,4.5332893973240385,-1.5296380553010267,0.2951988747549826,1.9672712324535153,0.08051984937350606,nan,nan,nan,nan,4.513077382112189,-1.572557425653112,0.051
287.601,bed,0.304,3.5843937727571173,-1.0153768387124336,0.24547920702734566,1.9824518063986467,0.0579001412821165,nan,nan,nan,nan,3.5759323923763686,-1.0365664268501442,0.033
287.802,refrigerator,0.518,2.695310509336859,-0.448618225764196,0.23652681930585415,1.9984462792366544,0.029905227215220452,nan,nan,nan,nan,2.6931247157530334,-0.46262206227991415,0.039
293.001,refrigerator,0.858,5.128316467136402,-1.0921047323707633,0.7996961282490269,2.2980775155272988,-0.8863241588818815,nan,nan,nan,nan,5.135532341605078,-1.0592228227129752,0.048
293.202,refrigerator,0.621,5.1288545277061885,-1.0831849916979701,0.8126993927082451,2.3195365489838036,-0.9031890437439998,nan,nan,nan,nan,5.135801057813083,-1.051611226458431,0.045
294.102,refrigerator,0.707,5.1292575373785265,-1.0948270664906363,0.834679039488627,2.4494124462164444,-0.97193085729688,nan,nan,nan,nan,5.139714682493124,-1.0631790499322087,0.045
294.501,refrigerator,0.368,5.12647146816262,-1.1154688887897657,0.5993938932655735,2.546191042845197,-0.9981152474010928,nan,nan,nan,nan,5.142813683050985,-1.1171971870684363,0.063
294.9,refrigerator,0.561,5.1264543852850535,-1.1143780951364486,0.6090794272820617,2.6355397767375717,-1.017802263527376,nan,nan,nan,nan,5.136414638614207,-1.1251315178751655,0.051
295.101,refrigerator,0.581,5.127004173723406,-1.1202450639111818,0.7764493956967546,2.6748029335651493,-1.0263896523078817,nan,nan,nan,nan,5.134934266913952,-1.132378836669337,0.045
296.1,refrigerator,0.333,5.126325787265929,-1.126860464904515,0.6541823689434552,2.8150020257761508,-1.058299865448601,nan,nan,nan,nan,5.1310081060418495,-1.1489029331429093,0.063
296.301,refrigerator,0.355,5.12669669260064,-1.125755875511065,0.6542513366985032,2.8318634922711894,-1.063091020946343,nan,nan,nan,nan,5.129594635501392,-1.1392570846921297,0.042
296.502,refrigerator,0.668,5.126095633819341,-1.1306326527897295,0.67051553023881,2.847475100862609,-1.0679861062701284,nan,nan,nan,nan,5.130425535010508,-1.1511299176474907,0.066
296.7,refrigerator,0.788,5.1261375143035846,-1.1316314508735907,0.6913807954482268,2.861909427314922,-1.0729154737487403,nan,nan,nan,nan,5.128946456792466,-1.144856971571143,0.045
296.901,refrigerator,0.719,5.125967722063772,-1.1328592171062204,0.671088905943368,2.8757668397740406,-1.0780206110007324,nan,nan,nan,nan,5.12916367674824,-1.1479702799501785,0.057
297.102,refrigerator,0.433,5.125664014408402,-1.1348330989830537,0.6611626682888065,2.8883970170808055,-1.0830007456884023,nan,nan,nan,nan,5.127324324537178,-1.1426547715933728,0.027
299.1,refrigerator,0.426,5.124895444786653,-1.0814472103728303,0.6253293688492201,2.943964202037233,-1.136743930004832,nan,nan,nan,nan,5.119355172802536,-0.9797022202513264,0.048
299.502,bed,0.355,5.071208030469707,0.19004206715900063,0.5618546396898528,2.943907969350449,-1.1548397238388162,nan,nan,nan,nan,5.071208030469706,0.19004206715900065,0.066
299.502,chair,0.3,5.0706237374733405,0.19409018356847096,0.5626822442180922,2.943907969350449,-1.1548397238388162,nan,nan,nan,nan,5.07062373747334,0.194090183568471,0.066
299.901,bed,0.355,5.071208030469707,0.19004206715900063,0.5618546396898528,2.943907969350449,-1.1548397238388162,nan,nan,nan,nan,5.071208030469706,0.19004206715900065,0.051
299.901,chair,0.3,5.0706237374733405,0.19409018356847096,0.5626822442180922,2.943907969350449,-1.1548397238388162,nan,nan,nan,nan,5.07062373747334,0.194090183568471,0.051
300.102,bed,0.355,5.071208030469707,0.19004206715900063,0.5618546396898528,2.943907969350449,-1.1548397238388162,nan,nan,nan,nan,5.071208030469706,0.19004206715900065,0.075
300.102,chair,0.3,5.0706237374733405,0.19409018356847096,0.5626822442180922,2.943907969350449,-1.1548397238388162,nan,nan,nan,nan,5.07062373747334,0.194090183568471,0.075
300.3,chair,0.316,4.550741804662269,0.05522230478775536,0.4863860124947227,2.9474842294958337,-1.1552656352322193,nan,nan,nan,nan,4.541255307797372,0.07235706940137367,0.039
301.2,chair,0.311,5.038541022905633,0.2411578138961048,0.5457643900898642,3.145332165878914,-1.1119070859545044,nan,nan,nan,nan,5.063621734890447,0.22233306364597036,0.042
301.602,bed,0.318,5.10885808909817,0.0737986291587458,0.25511491798401703,3.2424322137679464,-1.0847255011613333,nan,nan,nan,nan,5.1355864803489455,0.050304137105214045,0.048
302.4,refrigerator,0.72,5.1253740654162865,-1.1486553295900426,0.6002409188965989,3.3900168680786718,-1.0632274398414183,nan,nan,nan,nan,5.130359129046562,-1.1494508804531265,0.036
302.802,refrigerator,0.395,5.125779157888716,-1.1412537694353164,0.5928496556202802,3.439500745119717,-1.0616313702296094,nan,nan,nan,nan,5.130572902172445,-1.1580291446215616,0.054
309.6,chair,0.456,2.6953278345354876,-0.17506194976972367,0.4131735961507631,3.7564617940604097,-1.2043580762918644,nan,nan,nan,nan,2.6530890717340836,-0.22239898974568273,0.045
310.002,chair,0.462,2.6930207415481178,-0.3995158061757764,0.40765143164264145,3.7563328394798146,-1.1745044337345931,nan,nan,nan,nan,2.6804661848344873,-0.4118522622760848,0.033
310.602,chair,0.481,2.6445761727605643,-0.35064305210733615,0.4238662435661653,3.7295476186772256,-1.119311412835422,nan,nan,nan,nan,2.6353839862012474,-0.35929565282028875,0.027
311.802,chair,0.332,2.949209489730934,-0.23080826932393428,0.36683833296009427,3.6692708947196992,-1.0186451511082826,nan,nan,nan,nan,2.9315333902545464,-0.24022825062248548,0.054
315.402,couch,0.718,-0.7059087179959054,0.9919026846536994,0.44568166581015856,3.2953958224769675,-0.9196331638154331,nan,nan,nan,nan,-0.7141310565869976,0.9839343003930157,0.054
315.6,couch,0.599,-0.7070855671043543,1.0003213621313474,0.4487267306001004,3.280637373026364,-0.9193471479329818,nan,nan,nan,nan,-0.7154256392222367,0.9922528329697204,0.063
315.801,couch,0.409,-0.7079786487593247,0.9928787972213269,0.4453279260846216,3.2669241604188413,-0.9191712941149848,nan,nan,nan,nan,-0.7103535005118607,0.9928896170205768,0.039
321.3,couch,0.574,-0.7152574030958636,1.001739412918165,0.4540858438381207,3.1116204738202393,-0.8906887430732049,nan,nan,nan,nan,-0.7557415308514696,0.9370690709207147,0.057
321.801,tv,0.357,-0.7044367284880781,0.7723486506957624,0.42443143977633635,3.00396512254107,-0.8951323930237634,nan,nan,nan,nan,-0.7208752408393799,0.7568373833247874,0.039
324.702,tv,0.305,-0.6543856571929942,1.4722397421331597,0.3373050084508072,2.4101067876677558,-0.9399249775208591,nan,nan,nan,nan,-0.628373540459683,1.5116699797430249,0.045
326.901,tv,0.315,-0.6741569196888388,1.4873461668613963,0.34214264885771617,2.2150191689687935,-0.8273830610905772,nan,nan,nan,nan,-0.6417252412509085,1.5366157699083915,0.051
330.6,couch,0.453,-0.7134072809666141,1.361335348941035,0.4617313937966232,1.9746590369287342,-0.0920011151549871,nan,nan,nan,nan,-0.7270084091491735,1.3547416510723316,0.045
330.801,couch,0.591,-0.7059979474248319,1.285688862663029,0.45567091692869943,1.9563695263940968,-0.053841002756566336,nan,nan,nan,nan,-0.7174692241747712,1.2715228721336664,0.024
331.2,couch,0.716,-0.7131406470619748,1.1047570300427356,0.43365088912350525,1.921840799810163,0.006572898154852291,nan,nan,nan,nan,-0.7226392502065165,1.0986194074506017,0.042
331.2,bed,0.411,1.5484076852020578,0.6229771478215836,0.011164976182435754,1.921840799810163,0.006572898154852291,nan,nan,nan,nan,1.5412222456330409,0.6278287514958184,0.042
331.401,couch,0.638,-0.7087785261561443,1.0347983131947185,0.4271906486943088,1.9023060859823564,0.03546215334477898,nan,nan,nan,nan,-0.7286043916632112,1.0035081406788957,0.051
331.401,bed,0.515,1.534748501805588,0.6480624112555825,0.011522245976699097,1.9023060859823564,0.03546215334477898,nan,nan,nan,nan,1.5203768410569267,0.6498676482065401,0.051
331.602,couch,0.65,-0.7096362974922588,0.9519521365427132,0.40910398295434025,1.8794953080973935,0.0647032944868462,nan,nan,nan,nan,-0.7266513991284592,0.9249470342697992,0.045
331.8,couch,0.712,-0.7118527516331816,0.8728624390982467,0.4066943217458315,1.8542105370097854,0.09336790153297092,nan,nan,nan,nan,-0.7251146702807643,0.861570436990078,0.06
332.001,couch,0.697,-0.7072746198726607,0.9008498133057649,0.41292930232873815,1.8297647386825533,0.11913250427657873,nan,nan,nan,nan,-0.7186418138582461,0.8805869215620102,0.033
332.001,bed,0.311,1.5184159849734264,0.6353889479333446,0.012073078399505666,1.8297647386825533,0.11913250427657873,nan,nan,nan,nan,1.5094783400054284,0.6363560482250582,0.033
332.202,couch,0.664,-0.7107208712488744,0.89761503306732,0.4109183083709598,1.80484953592468,0.14250781367874277,nan,nan,nan,nan,-0.7294049457638876,0.8632231032901742,0.057
332.601,couch,0.736,-0.7066502518433961,0.9289804620024276,0.42019523576605877,1.7565207057606775,0.18183386774888854,nan,nan,nan,nan,-0.7214287954411998,0.9007445346901709,0.045
332.802,couch,0.661,-0.7083399555103331,0.9244802805768149,0.41861911306004007,1.733293315558583,0.19810393907148016,nan,nan,nan,nan,-0.7219646555346156,0.8980408136778883,0.042
333.201,couch,0.825,-0.7077651836623957,0.9499021228469702,0.4260046425938719,1.6826736456709637,0.22744645213383707,nan,nan,nan,nan,-0.716399377216437,0.9341960166371525,0.027
333.402,couch,0.727,-0.7103231291234273,0.9588331785760249,0.4283895408381885,1.6541597812733584,0.2406359954173911,nan,nan,nan,nan,-0.7287767664813889,0.9272454348197113,0.051
333.801,couch,0.642,-0.7026639712936995,0.9880267778279432,0.43504825048029394,1.5856166745637097,0.2652655581040253,nan,nan,nan,nan,-0.7251387963207221,0.9541053791124765,0.054
334.002,tv,0.887,-1.7976151248521595,-1.3209863626198048,0.895911332264359,1.5399841390920097,0.2761684887180551,nan,nan,nan,nan,-1.7866359911845637,-1.374759366568972,0.063
334.002,couch,0.816,-0.7032937271328346,0.9925150556662055,0.428207773972613,1.5399841390920097,0.2761684887180551,nan,nan,nan,nan,-0.7321323772829698,0.9571604995898625,0.063
334.2,tv,0.884,-1.658802728886101,-1.3272310535071359,0.9112873422761569,1.4891240781426207,0.28444983273317614,nan,nan,nan,nan,-1.6712485115337035,-1.3239725871958141,0.045
334.2,couch,0.756,-0.7054420365415472,0.999297303370599,0.4363321598509669,1.4891240781426207,0.28444983273317614,nan,nan,nan,nan,-0.7166483685931851,1.0020474841195306,0.045
334.401,tv,0.942,-1.627793639633237,-1.3165880748242205,0.916204567645518,1.4370638779809277,0.2905993286277515,nan,nan,nan,nan,-1.6315010524340952,-1.3343285676723613,0.054
334.401,couch,0.734,-0.7027395425521137,1.0097227951137375,0.43637491652531846,1.4370638779809277,0.2905993286277515,nan,nan,nan,nan,-0.7210137743627049,0.9977220884215888,0.054
334.602,tv,0.911,-1.5793556106733246,-1.3199395694264964,0.9236857427452408,1.3845354269918582,0.2953426524660331,nan,nan,nan,nan,-1.5846698791128686,-1.3296181818756825,0.045
334.602,couch,0.839,-0.704294421524372,1.0076627874345916,0.43852248352306594,1.3845354269918582,0.2953426524660331,nan,nan,nan,nan,-0.717851221085234,1.0010663164027183,0.045
334.8,tv,0.916,-1.5590449071751646,-1.3240346252627797,0.9267515181110351,1.3337818753813824,0.2987113001682664,nan,nan,nan,nan,-1.5786379186540156,-1.3269261318144763,0.075
334.8,couch,0.747,-0.7041427144915986,1.0095298722798804,0.4378665373908588,1.3337818753813824,0.2987113001682664,nan,nan,nan,nan,-0.7270515501360187,1.0078504485462714,0.075
335.202,tv,0.676,-1.5318869085542797,-1.3131786842304827,0.9293896260724821,1.2269227917521712,0.3034294478577768,nan,nan,nan,nan,-1.5355541418254064,-1.318684832694136,0.024
335.202,couch,0.646,-0.7037465682998618,1.01985633313057,0.4348708991143563,1.2269227917521712,0.3034294478577768,nan,nan,nan,nan,-0.712243164028743,1.0160588040311238,0.024
335.4,tv,0.772,-1.5235004094081392,-1.3174046068061855,0.9300494054266722,1.1754476506974667,0.30447683477737664,nan,nan,nan,nan,-1.534788812809735,-1.3251687453687506,0.072
335.4,couch,0.769,-0.7042318629983202,1.0142200806494195,0.439308470128959,1.1754476506974667,0.30447683477737664,nan,nan,nan,nan,-0.7224844327683129,1.008891285661819,0.072
335.601,tv,0.907,-1.516723015954525,-1.3130301639848303,0.9370049182254813,1.1257618398836762,0.30498629944009203,nan,nan,nan,nan,-1.5248998141775993,-1.325080580528729,0.06
335.601,couch,0.635,-0.7005334750686869,1.0127836975962734,0.35019676633321417,1.1257618398836762,0.30498629944009203,nan,nan,nan,nan,-0.7193529805176956,1.0044407832184987,0.06
335.802,tv,0.869,-1.502658817002022,-1.316559998417981,0.9404355031031547,1.073492288251036,0.30483518612881344,nan,nan,nan,nan,-1.510291555823491,-1.3342934163608617,0.072
335.802,couch,0.602,-0.7022991379767363,0.9719173387324557,0.44133782844669867,1.073492288251036,0.30483518612881344,nan,nan,nan,nan,-0.7255190093235415,0.9595758451099393,0.072
336.0,tv,0.888,-1.4695394451622545,-1.317340969956753,0.9402004424951225,1.022007423560508,0.30390750191470617,nan,nan,nan,nan,-1.4768826183622747,-1.325508651885048,0.048
336.0,couch,0.718,-0.7033697912158707,0.9334576431373779,0.44524093590981734,1.022007423560508,0.30390750191470617,nan,nan,nan,nan,-0.7178293351269783,0.9276998268280299,0.048
336.201,tv,0.918,-1.4514480423864529,-1.3187363235419676,0.9379715032922143,0.9697591203437039,0.30217971011070177,nan,nan,nan,nan,-1.4539611324879054,-1.337645823299981,0.057
336.201,couch,0.782,-0.7031170954234864,0.8884272610573911,0.4441090539453695,0.9697591203437039,0.30217971011070177,nan,nan,nan,nan,-0.7223031583060612,0.8751006384936203,0.057
336.6,tv,0.921,-1.4130091545654204,-1.3275516414657036,0.9345845441365174,0.8662344515037763,0.2949689614001392,nan,nan,nan,nan,-1.4248296850396627,-1.3353504893745605,0.063
336.6,couch,0.723,-0.7038983950328468,0.7937498011669162,0.34985881757793935,0.8662344515037763,0.2949689614001392,nan,nan,nan,nan,-0.7215832449223222,0.7879022803781097,0.063
336.801,tv,0.935,-1.4170746581313627,-1.3204528955459096,0.9356719548602627,0.8137759429575984,0.2894888689292252,nan,nan,nan,nan,-1.419639794245234,-1.337118375610059,0.054
336.801,couch,0.752,-0.7030377068540572,0.7528228047252309,0.35567959371084795,0.8137759429575984,0.2894888689292252,nan,nan,nan,nan,-0.7196060687570974,0.7409272640002403,0.054
336.801,chair,0.456,-3.19307280394854,0.38026696698006723,0.3760201839493641,0.8137759429575984,0.2894888689292252,nan,nan,nan,nan,-3.2070711209005247,0.35158133636591626,0.054
337.002,tv,0.937,-1.4067282217501655,-1.322948585057481,0.9325724706934466,0.7624285770638801,0.28258785771616024,nan,nan,nan,nan,-1.412172585491548,-1.3398425120522726,0.063
337.002,chair,0.754,-3.1953313353780377,0.3824706606549926,0.37505951044312846,0.7624285770638801,0.28258785771616024,nan,nan,nan,nan,-3.2121075744259735,0.35361251756482803,0.063
337.002,couch,0.75,-0.7030832731259529,0.7117473371531349,0.3578065488641015,0.7624285770638801,0.28258785771616024,nan,nan,nan,nan,-0.7221105152724769,0.6995000410343468,0.063
337.2,tv,0.936,-1.4086964478670347,-1.325912218514261,0.9375217275172527,0.7113124519004683,0.2744742738593814,nan,nan,nan,nan,-1.4175057742322579,-1.3309977893841418,0.042
337.2,couch,0.678,-0.7034732289883288,0.6721773119075269,0.34931042989930944,0.7113124519004683,0.2744742738593814,nan,nan,nan,nan,-0.7153916412024828,0.6681863702736546,0.042
337.2,chair,0.574,-3.1965664834860554,0.3870124294455585,0.3692878456655697,0.7113124519004683,0.2744742738593814,nan,nan,nan,nan,-3.2080382760501984,0.37914357137707116,0.042
337.401,tv,0.931,-1.4155879860060552,-1.319240406885224,0.9385685875714098,0.6599429652002076,0.2653870534798558,nan,nan,nan,nan,-1.4203455939032004,-1.3345736427202004,0.054
337.401,couch,0.67,-0.7048979509714359,0.6386332790932396,0.34780655839329144,0.6599429652002076,0.2653870534798558,nan,nan,nan,nan,-0.721538464412781,0.6275727055213792,0.054
337.401,chair,0.65,-3.196907859575492,0.384873883783887,0.3760290029370914,0.6599429652002076,0.2653870534798558,nan,nan,nan,nan,-3.211964128390538,0.35870986411424877,0.054
337.602,tv,0.907,-1.4165894519493982,-1.322846727999945,0.9365239050506998,0.6086940764810802,0.2550815413344706,nan,nan,nan,nan,-1.419030170467741,-1.3308878485437121,0.027
337.602,couch,0.534,-0.7117837277847756,0.6018637948013739,0.34912917348581096,0.6086940764810802,0.2550815413344706,nan,nan,nan,nan,-0.7203594043663176,0.5960581460271254,0.027
337.602,chair,0.335,-3.292249597077979,0.3932325913186112,0.37576715061968047,0.6086940764810802,0.2550815413344706,nan,nan,nan,nan,-3.3001475620173792,0.3792076369266443,0.027
337.8,tv,0.938,-1.4111294556364855,-1.3260372288548024,0.938568082542629,0.5584874785036547,0.24377111111750094,nan,nan,nan,nan,-1.4202570993535564,-1.32755129439805,0.039
337.8,chair,0.677,-3.5001477071146097,0.3999443910439119,0.3874746289853764,0.5584874785036547,0.24377111111750094,nan,nan,nan,nan,-3.5089038695309127,0.3988798442995253,0.039
337.8,chair,0.53,-0.7987629798988105,0.5882312589517418,0.3547628027557529,0.5584874785036547,0.24377111111750094,nan,nan,nan,nan,-0.8074786853500313,0.5865853672193639,0.039
337.8,couch,0.456,-0.7988433327072055,0.5877542966194095,0.3533535636320132,0.5584874785036547,0.24377111111750094,nan,nan,nan,nan,-0.8075591407993248,0.5861084221900787,0.039
338.001,tv,0.94,-1.407596914457438,-1.3195208836535448,0.9372091290179957,0.5132168592213802,0.23296294209074575,nan,nan,nan,nan,-1.4120112264470746,-1.3303029274987157,0.048
338.001,chair,0.697,-3.4985524481119565,0.4090389793254642,0.38515336302361525,0.5132168592213802,0.23296294209074575,nan,nan,nan,nan,-3.5101944601884147,0.38947652384648457,0.048
338.001,couch,0.54,-0.9142401311121078,0.5919824514511652,0.36656740429460877,0.5132168592213802,0.23296294209074575,nan,nan,nan,nan,-0.926671743490871,0.5832517495547224,0.048
338.001,chair,0.418,-0.9144565718698507,0.5927773102930277,0.3674334894003829,0.5132168592213802,0.23296294209074575,nan,nan,nan,nan,-0.9268915143717046,0.5840456940994084,0.048
338.202,tv,0.905,-1.4195456076780386,-1.3220012105451042,0.941425543361079,0.47170891051511865,0.22229928965573498,nan,nan,nan,nan,-1.424008939102634,-1.333916150757966,0.057
338.202,chair,0.628,-3.495209031773525,0.400726703766469,0.37846107755302055,0.47170891051511865,0.22229928965573498,nan,nan,nan,nan,-3.5076740743757644,0.3791249231580409,0.057
338.202,chair,0.482,-1.2220043689723903,0.631376702575758,0.3927625455504864,0.47170891051511865,0.22229928965573498,nan,nan,nan,nan,-1.2355684067732928,0.6203606920238369,0.057
338.202,couch,0.36,-1.2377517915204812,0.6331240271437457,0.3955916723277245,0.47170891051511865,0.22229928965573498,nan,nan,nan,nan,-1.2513237972905566,0.6220346483262933,0.057
338.4,tv,0.891,-1.4366966085815567,-1.3234805365349893,0.9461192100334723,0.43434596964671784,0.21210662549585002,nan,nan,nan,nan,-1.4435193745590313,-1.3234035429296418,0.036
338.4,chair,0.601,-3.493863188911971,0.3979998997498458,0.3819773124328026,0.43434596964671784,0.21210662549585002,nan,nan,nan,nan,-3.498987227028494,0.40010483802019625,0.036
338.4,couch,0.44,-1.4961969579169068,0.6693890774070801,0.4017216698905707,0.43434596964671784,0.21210662549585002,nan,nan,nan,nan,-1.5010543229406803,0.6695237812493816,0.036
338.4,chair,0.34,-1.5077365777861067,0.6702539042182868,0.40032545141312503,0.43434596964671784,0.21210662549585002,nan,nan,nan,nan,-1.5125930843042545,0.6703999880363344,0.036
338.601,tv,0.858,-1.4229068329480117,-1.3203885778298814,0.9301191547681351,0.40063730218021776,0.20214728008510185,nan,nan,nan,nan,-1.4261627995975381,-1.327516397893671,0.045
338.601,chair,0.659,-3.4919347735452346,0.4100678745281119,0.38290984565473474,0.40063730218021776,0.20214728008510185,nan,nan,nan,nan,-3.499884687124898,0.39731219813242663,0.045
338.601,couch,0.481,-1.5212244615333552,0.6555628751266774,0.38635574616254253,0.40063730218021776,0.20214728008510185,nan,nan,nan,nan,-1.5298486493711547,0.6481606367171235,0.045
338.802,tv,0.894,-1.4302503478008617,-1.3205926984743348,0.9255983530163262,0.36875533985730374,0.19266127354465679,nan,nan,nan,nan,-1.4322724867128849,-1.3275997066267289,0.042
338.802,chair,0.695,-3.4961778691604355,0.4140752909203207,0.3797607631865547,0.36875533985730374,0.19266127354465679,nan,nan,nan,nan,-3.503105486949884,0.40120920186224734,0.042
338.802,couch,0.686,-1.3189731354468968,0.5794240454338119,0.23986170925021486,0.36875533985730374,0.19266127354465679,nan,nan,nan,nan,-1.326377869200824,0.5727246275600857,0.042
339.0,tv,0.866,-1.4168735718481908,-1.323999168849142,0.917781072882266,0.33996290754618663,0.1838749324390776,nan,nan,nan,nan,-1.4211791881835967,-1.3293067410714834,0.051
339.0,chair,0.755,-3.504734807353521,0.40289578692953876,0.38355138209472056,0.33996290754618663,0.1838749324390776,nan,nan,nan,nan,-3.512173709861668,0.39379297668485913,0.051
339.0,couch,0.685,-1.4241483402601225,0.5782217224174537,0.25070977407912615,0.33996290754618663,0.1838749324390776,nan,nan,nan,nan,-1.431909136885661,0.5728977983057567,0.051
339.201,tv,0.84,-1.4264417563838767,-1.3196264548292973,0.9157059652418014,0.3131218934471888,0.17564965621335427,nan,nan,nan,nan,-1.4249226543298479,-1.3297689316953991,0.042
339.201,chair,0.702,-3.504405883522468,0.4188123953192442,0.38660598533722856,0.3131218934471888,0.17564965621335427,nan,nan,nan,nan,-3.511223266222093,0.3986564517674413,0.042
339.201,potted plant,0.676,-3.4448769926335725,-1.151126162683737,0.401837230894784,0.3131218934471888,0.17564965621335427,nan,nan,nan,nan,-3.4441449018132375,-1.170977664128099,0.042
339.201,couch,0.513,-1.6258831144595025,0.596456283641108,0.26575726550166195,0.3131218934471888,0.17564965621335427,nan,nan,nan,nan,-1.6335765474852526,0.5853324935159107,0.042
339.6,potted plant,0.823,-3.449473979538802,-1.1836279164057928,0.39133656268261086,0.2713902940033062,0.16250985052936784,nan,nan,nan,nan,-3.4459050670911853,-1.2059866118937055,0.045
339.6,tv,0.78,-1.4191212930491965,-1.324416748849282,0.9156356581212227,0.2713902940033062,0.16250985052936784,nan,nan,nan,nan,-1.4147902392780372,-1.3353159709500428,0.045
339.6,chair,0.615,-3.5052470920884855,0.40002485128159365,0.3903371235108959,0.2713902940033062,0.16250985052936784,nan,nan,nan,nan,-3.5106138064361305,0.37732621497904695,0.045
339.6,couch,0.403,-1.909598985324138,0.5801722453303271,0.30313316244020183,0.2713902940033062,0.16250985052936784,nan,nan,nan,nan,-1.916007672577059,0.5664749449833011,0.045
339.6,chair,0.374,-1.9094047189373409,0.5797149138792093,0.30347181857459254,0.2713902940033062,0.16250985052936784,nan,nan,nan,nan,-1.9158108285728448,0.5660187170542726,0.045
339.801,tv,0.748,-1.4610056038305064,-1.3283433248911303,0.9285654142513832,0.2537274741887184,0.1563433031686613,nan,nan,nan,nan,-1.4575036894132782,-1.3373144101938457,0.039
339.801,potted plant,0.712,-3.45646484760643,-1.1998624847425705,0.39344681841836693,0.2537274741887184,0.1563433031686613,nan,nan,nan,nan,-3.453526300346313,-1.2179047937463807,0.039
339.801,chair,0.651,-3.5053484550475145,0.42818763920198827,0.3832100944275578,0.2537274741887184,0.1563433031686613,nan,nan,nan,nan,-3.5098093265335026,0.409906323710297,0.039
340.002,chair,0.866,-3.5061471867679286,0.4201637973872775,0.380164899071633,0.2374791185987506,0.15023756899343688,nan,nan,nan,nan,-3.512709696030425,0.3929081954778128,0.063
340.002,tv,0.803,-1.4623164818987513,-1.3320053916471655,0.9266538593435117,0.2374791185987506,0.15023756899343688,nan,nan,nan,nan,-1.4570580179858394,-1.34537745300466,0.063
340.002,potted plant,0.74,-3.4884566574133578,-1.164839260483058,0.39841032993855574,0.2374791185987506,0.15023756899343688,nan,nan,nan,nan,-3.484283972322802,-1.191938682463036,0.063
340.2,potted plant,0.794,-3.482525465797767,-1.1928806463504351,0.3950775690459115,0.22260691671504212,0.14427468662731358,nan,nan,nan,nan,-3.4797635547070973,-1.2101466704850865,0.042
340.2,chair,0.787,-3.5057018115165803,0.40298707807564205,0.38487895361761215,0.22260691671504212,0.14427468662731358,nan,nan,nan,nan,-3.509835733269986,0.38560600488231644,0.042
340.2,tv,0.487,-1.4572782424217412,-1.331119056004824,0.9260007952257947,0.22260691671504212,0.14427468662731358,nan,nan,nan,nan,-1.45393788525782,-1.3396323094434694,0.042
340.602,tv,0.8,-1.4589357700039858,-1.335704903513474,0.9238399919239102,0.19627750278014433,0.13281341748387232,nan,nan,nan,nan,-1.4559492478184484,-1.3432831037382145,0.045
340.602,potted plant,0.757,-3.4762729217163333,-1.213143626999099,0.399103798618318,0.19627750278014433,0.13281341748387232,nan,nan,nan,nan,-3.4737425056168156,-1.2284753559022206,0.045
340.602,couch,0.455,-3.5035919084932186,0.3360266303520334,0.3929606104675296,0.19627750278014433,0.13281341748387232,nan,nan,nan,nan,-3.5070147496326283,0.32057847501458825,0.045
340.8,tv,0.896,-1.4144734133241967,-1.3375989894861982,0.9123425295641548,0.18477298699551076,0.12743030934693822,nan,nan,nan,nan,-1.4248161521367786,-1.3284959585481726,0.039
340.8,potted plant,0.738,-3.4769877761508283,-1.2132710061715948,0.3909195820340128,0.18477298699551076,0.12743030934693822,nan,nan,nan,nan,-3.486494659220055,-1.1910016760048807,0.039
340.8,couch,0.52,-3.501818303683605,0.300431742061708,0.4010596689929332,0.18477298699551076,0.12743030934693822,nan,nan,nan,nan,-3.5016599239859953,0.32282875698660474,0.039
340.8,chair,0.4,-3.503938924256968,0.3007963353403609,0.3970206269869848,0.18477298699551076,0.12743030934693822,nan,nan,nan,nan,-3.5037781734626727,0.32320688266619785,0.039
341.001,tv,0.857,-1.4351056274407585,-1.3237942675933674,0.9132973637687187,0.1756935065933295,0.12249239159182124,nan,nan,nan,nan,-1.4320113595620343,-1.3311491452704856,0.048
341.001,potted plant,0.731,-3.4956729447810457,-1.1717927171057574,0.39331741380045776,0.1756935065933295,0.12249239159182124,nan,nan,nan,nan,-3.4931466395260458,-1.1870536965940677,0.048
341.001,couch,0.616,-3.505306066509522,0.29978643994595644,0.39473761676078445,0.1756935065933295,0.12249239159182124,nan,nan,nan,nan,-3.5084251301133484,0.28447767589808604,0.048
341.001,chair,0.439,-3.504496901955442,0.2965440599118575,0.39557488995826173,0.1756935065933295,0.12249239159182124,nan,nan,nan,nan,-3.507603532725681,0.28123842393294324,0.048
341.202,tv,0.76,-1.4568815927575558,-1.3249705735278714,0.9201962130763629,0.16791511079181248,0.11969218567893081,nan,nan,nan,nan,-1.4347621809815232,-1.3492285410252556,0.045
341.202,potted plant,0.697,-3.4815610574491185,-1.195982951804586,0.3878124733703606,0.16791511079181248,0.11969218567893081,nan,nan,nan,nan,-3.4611994782361957,-1.2516753678491956,0.045
341.202,chair,0.574,-3.5103053116997978,0.239055709047155,0.3964363321926184,0.16791511079181248,0.11969218567893081,nan,nan,nan,nan,-3.5122091595494576,0.18274444611877408,0.045
341.202,couch,0.505,-3.5102741760267264,0.23900563556178778,0.39529716372890633,0.16791511079181248,0.11969218567893081,nan,nan,nan,nan,-3.512177250586574,0.1826948618252721,0.045
341.7,tv,0.93,-1.433079871435144,-1.3663163760231887,0.9198540211015872,0.1521207120326653,0.13659228916618704,nan,nan,nan,nan,-1.3736737577262659,-1.4271516299405984,0.042
341.7,potted plant,0.879,-3.4525998413595858,-1.346172222169963,0.4069928900352162,0.1521207120326653,0.13659228916618704,nan,nan,nan,nan,-3.3923838783805746,-1.4877828481862354,0.042
341.901,tv,0.925,-1.471993224172441,-1.3844913071826492,0.914444024534302,0.1418710349199328,0.14252099895114234,nan,nan,nan,nan,-1.413363504669922,-1.4453382439471842,0.039
342.3,tv,0.671,-0.9601023881781441,-1.3926514899401345,0.7911317023836231,0.11878845522058312,0.14780226925338813,nan,nan,nan,nan,-0.8739885980905229,-1.4516252504791922,0.057
342.501,potted plant,0.831,1.0770529424364106,-1.116387832050862,0.4400653086153907,0.10686312839591244,0.14689956148219563,nan,nan,nan,nan,1.137213468861628,-1.065895482876571,0.048
342.702,potted plant,0.712,1.142805651778798,-1.0599000935579346,0.4271122520172126,0.09534814011569365,0.1436301936706147,nan,nan,nan,nan,1.1934155098145836,-1.0126057147642264,0.042
342.9,potted plant,0.807,1.1573625034769923,-1.0480804675283328,0.4239341709479245,0.08487755813396558,0.13822913555142735,nan,nan,nan,nan,1.2139364443363583,-0.9935829205160985,0.051
343.401,chair,0.826,2.7544114447815793,0.17873482191944823,0.4898836120315505,0.06484326274874641,0.11650981764158463,nan,nan,nan,nan,2.74568209179686,0.32093761006321103,0.051
343.401,potted plant,0.803,1.1848849528412475,-1.070687807124711,0.42099804650454054,0.06484326274874641,0.11650981764158463,nan,nan,nan,nan,1.2458794503193578,-1.0113770492749088,0.051
343.602,potted plant,0.852,1.2139990137356662,-0.987155348837198,0.41980255136109423,0.060237041240064126,0.10541905963093745,nan,nan,nan,nan,1.2643340978201327,-0.9332954964478014,0.048
343.602,chair,0.635,2.7607091204522294,0.17935766166482336,0.48704612590460244,0.060237041240064126,0.10541905963093745,nan,nan,nan,nan,2.7532916107962087,0.3060875284648967,0.048
344.001,chair,0.71,2.7510727345852635,0.19044287594280263,0.4801878312441971,0.05835787024047012,0.09704009293743043,nan,nan,nan,nan,2.751072734585263,0.1904428759428027,0.048
344.001,potted plant,0.5,1.350105445120152,-0.9327136833801011,0.40785210279511674,0.05835787024047012,0.09704009293743043,nan,nan,nan,nan,1.3501054451201517,-0.9327136833801013,0.048
344.001,chair,0.419,2.8610182885204907,1.0333310040848223,0.4222368353489492,0.05835787024047012,0.09704009293743043,nan,nan,nan,nan,2.8610182885204902,1.0333310040848225,0.048
344.001,dining table,0.321,1.2221709554440112,-0.8990495386370116,0.16010577740182785,0.05835787024047012,0.09704009293743043,nan,nan,nan,nan,1.222170955444011,-0.8990495386370119,0.048
344.202,chair,0.71,2.751072734585263,0.19044287594280285,0.4801878312441971,0.05835787024047007,0.09704009293743066,nan,nan,nan,nan,2.7510727345852626,0.1904428759428027,0.042
344.202,potted plant,0.5,1.350105445120152,-0.9327136833801009,0.40785210279511674,0.05835787024047007,0.09704009293743066,nan,nan,nan,nan,1.3501054451201517,-0.9327136833801013,0.042
344.202,chair,0.419,2.8610182885204907,1.0333310040848225,0.4222368353489492,0.05835787024047007,0.09704009293743066,nan,nan,nan,nan,2.8610182885204902,1.0333310040848225,0.042
344.202,dining table,0.321,1.2221709554440112,-0.8990495386370114,0.16010577740182785,0.05835787024047007,0.09704009293743066,nan,nan,nan,nan,1.222170955444011,-0.8990495386370119,0.042
344.502,chair,0.71,2.751072734585263,0.19044287594280285,0.4801878312441971,0.05835787024047007,0.09704009293743066,nan,nan,nan,nan,2.7510727345852626,0.1904428759428027,0.063
344.502,potted plant,0.5,1.350105445120152,-0.9327136833801009,0.40785210279511674,0.05835787024047007,0.09704009293743066,nan,nan,nan,nan,1.3501054451201517,-0.9327136833801013,0.063
344.502,chair,0.419,2.8610182885204907,1.0333310040848225,0.4222368353489492,0.05835787024047007,0.09704009293743066,nan,nan,nan,nan,2.8610182885204902,1.0333310040848225,0.063
344.502,dining table,0.321,1.2221709554440112,-0.8990495386370114,0.16010577740182785,0.05835787024047007,0.09704009293743066,nan,nan,nan,nan,1.222170955444011,-0.8990495386370119,0.063
344.7,chair,0.71,2.7510727345852635,0.19044287594280263,0.4801878312441971,0.05835787024047012,0.09704009293743043,nan,nan,nan,nan,2.751072734585263,0.1904428759428027,0.042
344.7,potted plant,0.5,1.350105445120152,-0.9327136833801011,0.40785210279511674,0.05835787024047012,0.09704009293743043,nan,nan,nan,nan,1.3501054451201517,-0.9327136833801013,0.042
344.7,chair,0.419,2.8610182885204907,1.0333310040848223,0.4222368353489492,0.05835787024047012,0.09704009293743043,nan,nan,nan,nan,2.8610182885204902,1.0333310040848225,0.042
344.7,dining table,0.321,1.2221709554440112,-0.8990495386370116,0.16010577740182785,0.05835787024047012,0.09704009293743043,nan,nan,nan,nan,1.222170955444011,-0.8990495386370119,0.042
344.901,chair,0.71,2.7510727345852635,0.19044287594280263,0.4801878312441971,0.05835787024047012,0.09704009293743043,nan,nan,nan,nan,2.751072734585263,0.1904428759428027,0.051
344.901,potted plant,0.5,1.350105445120152,-0.9327136833801011,0.40785210279511674,0.05835787024047012,0.09704009293743043,nan,nan,nan,nan,1.3501054451201517,-0.9327136833801013,0.051
344.901,chair,0.419,2.8610182885204907,1.0333310040848223,0.4222368353489492,0.05835787024047012,0.09704009293743043,nan,nan,nan,nan,2.8610182885204902,1.0333310040848225,0.051
344.901,dining table,0.321,1.2221709554440112,-0.8990495386370116,0.16010577740182785,0.05835787024047012,0.09704009293743043,nan,nan,nan,nan,1.222170955444011,-0.8990495386370119,0.051
345.3,chair,0.71,2.7510727345852635,0.19044287594280263,0.4801878312441971,0.05835787024047012,0.09704009293743043,nan,nan,nan,nan,2.751072734585263,0.1904428759428027,0.06
345.3,potted plant,0.5,1.350105445120152,-0.9327136833801011,0.40785210279511674,0.05835787024047012,0.09704009293743043,nan,nan,nan,nan,1.3501054451201517,-0.9327136833801013,0.06
345.3,chair,0.419,2.8610182885204907,1.0333310040848223,0.4222368353489492,0.05835787024047012,0.09704009293743043,nan,nan,nan,nan,2.8610182885204902,1.0333310040848225,0.06
345.3,dining table,0.321,1.2221709554440112,-0.8990495386370116,0.16010577740182785,0.05835787024047012,0.09704009293743043,nan,nan,nan,nan,1.222170955444011,-0.8990495386370119,0.06
345.702,chair,0.71,2.751072734585263,0.19044287594280285,0.4801878312441971,0.05835787024047007,0.09704009293743066,nan,nan,nan,nan,2.7510727345852626,0.1904428759428027,0.057
345.702,potted plant,0.5,1.350105445120152,-0.9327136833801009,0.40785210279511674,0.05835787024047007,0.09704009293743066,nan,nan,nan,nan,1.3501054451201517,-0.9327136833801013,0.057
345.702,chair,0.419,2.8610182885204907,1.0333310040848225,0.4222368353489492,0.05835787024047007,0.09704009293743066,nan,nan,nan,nan,2.8610182885204902,1.0333310040848225,0.057
345.702,dining table,0.321,1.2221709554440112,-0.8990495386370114,0.16010577740182785,0.05835787024047007,0.09704009293743066,nan,nan,nan,nan,1.222170955444011,-0.8990495386370119,0.057
346.002,chair,0.71,2.751072734585263,0.19044287594280285,0.4801878312441971,0.05835787024047007,0.09704009293743066,nan,nan,nan,nan,2.7510727345852626,0.1904428759428027,0.063
346.002,potted plant,0.5,1.350105445120152,-0.9327136833801009,0.40785210279511674,0.05835787024047007,0.09704009293743066,nan,nan,nan,nan,1.3501054451201517,-0.9327136833801013,0.063
346.002,chair,0.419,2.8610182885204907,1.0333310040848225,0.4222368353489492,0.05835787024047007,0.09704009293743066,nan,nan,nan,nan,2.8610182885204902,1.0333310040848225,0.063
346.002,dining table,0.321,1.2221709554440112,-0.8990495386370114,0.16010577740182785,0.05835787024047007,0.09704009293743066,nan,nan,nan,nan,1.222170955444011,-0.8990495386370119,0.063
